YEARMONTH,EPISODE_ID,EVENT_ID,LOCATION_INDEX,RANGE,AZIMUTH,LOCATION,LATITUDE,LONGITUDE
201607,105872,635287,1,0.56,W,JENA,35.65,-84.18
201607,105872,635296,1,1.32,WSW,PITNER,35.87,-83.77
201607,105872,635301,1,1.38,S,DILL,35.56,-85.2
201607,105872,635299,1,0.69,N,TELLICO PLAINS,35.38,-84.3
201607,105948,635802,1,1.32,ENE,LOVELL,35.91,-84.13
201607,105948,635803,1,1.12,E,AMHERST,35.95,-84.01
201607,105948,635804,1,0.0,N,TELLICO PLAINS,35.37,-84.3
201607,105948,635805,1,0.69,N,COSTER,35.99,-83.93
201607,105948,635807,1,1.12,E,CLEARWATER,35.5,-84.65
201607,105948,635808,1,0.56,E,GREENEVILLE,36.17,-82.82
201604,104778,627396,1,0.0,N,WAVERLY,36.08,-87.8
201604,104778,627397,1,0.0,N,MC EWEN,36.12,-87.63
201604,104778,627398,1,2.03,SE,OAKRIDGE,36.3761,-87.4489
201607,105914,635570,1,0.89,SW,NORTHPORT,35.96,-83.19
201607,105915,635575,1,0.0,N,ATHENS,35.45,-84.6
201607,105948,635798,1,1.33,ESE,GLOVER HILL,35.06,-85.63
201607,105948,635799,1,0.69,S,BRAYTON,35.47,-85.18
201607,105948,635800,1,0.89,SW,FARRAGUT,35.87,-84.18
201607,105948,635801,1,0.89,SW,FARRAGUT,35.87,-84.18
201604,104778,627399,1,0.48,S,CLARKSVILLE,36.5232,-87.3512
201604,104778,627401,1,2.21,NW,PINNACLE,36.3721,-86.9588
201607,105914,635567,1,0.0,N,WEST KNOXVILLE,35.97,-83.95
201606,106408,638796,1,0.69,N,CASH PT,35.03,-86.82
201606,105138,640624,1,1.13,E,LYNCHBURG,35.28,-86.36
201606,105138,640631,1,1.71,NNW,MIMOSA,35.2419,-86.5443
201606,105138,640634,1,5.27,WSW,LOIS,35.2106,-86.4603
201606,105138,640636,1,0.49,SW,BELLEVIEW,35.0454,-86.6066
201606,105138,640637,1,0.56,W,FAYETTEVILLE,35.15,-86.59
201606,105138,640639,1,0.57,W,KIRKLAND,35.07,-86.64
201606,105138,640640,1,1.59,NNE,BLANCHE,35.0706,-86.7574
201606,105138,640642,1,0.89,SW,LINCOLN,35.01,-86.53
201606,105138,640643,1,1.14,SSW,MOLINO,35.1052,-86.6889
201606,105138,640644,1,1.28,NNW,LINCOLN,35.037,-86.5291
201612,112568,671604,1,3.05,N,SILVER BOTTOM,36.2736,-86.5112
201612,112568,671562,1,2.21,ESE,HENDERSONVILLE,36.2699,-86.5824
201603,104062,622531,1,1.22,W,LOIS,35.2288,-86.3916
201607,107251,643311,2,1.34,ENE,MICHIE,35.0598,-88.4296
201607,107251,643311,1,0.91,N,MICHIE,35.0632,-88.4485
201607,107254,643431,1,1.21,SE,OAKVILLE,35.0563,-89.9367
201607,107254,643431,2,2.26,NNE,CAPLEVILLE,35.0498,-89.9037
201607,107254,643437,1,1.0,N,ROSEMARK,35.3845,-89.78
201607,107254,643440,1,1.44,SSW,IDAVILLE,35.4103,-89.7284
201607,107254,643440,2,1.56,S,IDAVILLE,35.4077,-89.7157
201602,103313,617419,1,0.89,SW,SWEETWATER,35.59,-84.48
201602,103313,617420,1,0.56,W,JENA,35.65,-84.18
201602,103313,617421,1,0.89,SW,FARRAGUT,35.87,-84.18
201602,103313,617423,1,0.69,N,SOUTH CLINTON,36.09,-84.13
201602,103313,617424,1,0.69,N,SOUTH CLINTON,36.09,-84.13
201602,103313,617425,1,0.69,N,SOUTH CLINTON,36.09,-84.13
201602,103313,617427,1,0.0,N,WEST KNOXVILLE,35.97,-83.95
201602,103313,617428,1,0.56,W,MAYNARDVILLE,36.25,-83.81
201607,105863,635129,1,1.31,ESE,TATE SPGS,36.32,-83.31
201607,105863,635130,1,0.56,W,MOHAWK,36.2,-83.06
201607,105863,635131,1,0.56,E,GREENEVILLE,36.17,-82.82
201607,105863,635132,1,0.57,W,CHICKAMAUGA,35.07,-85.26
201607,105863,635133,1,0.89,NE,ELIZABETHTON,36.36,-82.21
201607,105869,635152,1,1.68,E,SARATOGA SPGS,35.72,-85.2
201607,105869,635155,1,0.89,SE,BUCKEYE,36.41,-84.29
201607,105869,635153,1,0.56,E,ONEIDA,36.5,-84.51
201607,105869,635154,1,0.69,S,SUNBRIGHT,36.24,-84.67
201607,105863,635120,1,0.0,N,SWEETWATER,35.6,-84.47
201607,105863,635121,1,1.49,NNE,HICKORY STAR LNDG,36.3,-83.81
201607,105863,635122,1,0.89,NW,ROGERSVILLE,36.41,-83.01
201607,105863,635123,1,1.81,ENE,LYONTON,36.06,-83.69
201607,105863,635124,1,2.87,WSW,ALPHA,36.17,-83.43
201602,103519,618742,1,1.81,NNW,MEMPHIS,35.1529,-90.0357
201602,103519,618742,2,2.0,SSW,NORTH,35.1528,-90.042
201602,103519,618742,3,1.94,NW,MEMPHIS,35.1494,-90.0448
201602,103519,618742,4,1.58,NW,MEMPHIS,35.1486,-90.0362
201602,103519,618743,3,1.18,NNE,MASON,35.4363,-89.5436
201602,103519,618743,4,1.49,SE,MASON,35.4036,-89.5327
201602,103519,618743,1,1.21,SE,GAINESVILLE,35.4091,-89.6033
201602,103519,618743,2,0.62,SSE,CANAAN GROVE,35.4412,-89.5975
201602,103543,618850,1,2.42,SSW,HINKLE,35.3896,-88.3412
201602,103543,618850,2,2.48,SSW,HINKLE,35.3895,-88.3434
201602,103543,618850,3,2.59,SSW,HINKLE,35.3874,-88.3428
201602,103543,618850,4,2.54,SSW,HINKLE,35.3873,-88.3405
201602,102691,614168,1,2.0,N,DUNLAP,35.409,-85.38
201602,102691,614168,2,2.0,SE,DUNLAP,35.3595,-85.3549
201602,102691,614168,3,4.0,S,DUNLAP,35.3221,-85.38
201602,102691,614168,4,2.0,WSW,DUNLAP,35.3689,-85.4128
201602,102691,614169,1,7.0,N,PIKEVILLE,35.7013,-85.2
201602,102691,614169,2,7.0,NE,PIKEVILLE,35.6716,-85.1119
201602,102691,614169,3,7.0,S,PIKEVILLE,35.4987,-85.2
201602,102691,614169,4,7.0,SW,PIKEVILLE,35.5284,-85.2881
201602,102691,614171,1,2.0,NNW,PHILADELPHIA,35.7067,-84.4136
201602,102691,614171,2,3.0,WNW,PHILADELPHIA,35.6966,-84.4494
201602,102691,614171,3,3.5,WSW,PHILADELPHIA,35.6606,-84.4576
201602,102691,614171,4,3.0,WSW,PHILADELPHIA,35.6634,-84.4494
201602,102691,617473,1,1.49,SSW,TIPTOP,35.61,-85.23
201602,102691,617474,1,0.89,SW,DUNLAP,35.37,-85.39
201602,102691,617475,1,0.69,S,BRAYTON,35.47,-85.18
201602,102691,617476,1,0.89,NE,DECATUR,35.53,-84.79
201607,105863,635115,1,0.89,NW,LOUDON,35.74,-84.36
201607,105863,635116,1,0.56,W,JENA,35.65,-84.18
201607,105863,635117,1,0.0,N,ATHENS,35.45,-84.6
201607,105863,635118,1,0.56,W,FORDTOWN,36.37,-84.13
201607,105863,635119,1,0.69,N,SOUTH CLINTON,36.09,-84.13
201602,103519,618744,1,1.55,NW,CROSS RD,35.7673,-89.1677
201602,103519,618744,2,1.9,SE,CAIRO,35.801,-89.1456
201602,102691,617477,1,0.89,SE,MORGANTOWN,35.49,-85.01
201602,102691,617478,1,2.36,SSE,WATTS BAR LAKE NORTH,35.79,-84.58
201602,102691,617479,1,1.33,ESE,GLOVER HILL,35.06,-85.63
201607,105869,635162,1,1.49,NNW,KEISTER,36.14,-83.46
201607,105869,635163,1,0.56,W,JEFFERSON CITY,36.12,-83.49
201607,105869,635164,1,0.69,S,CATLETTSBURG,35.89,-83.58
201607,105869,635165,1,1.31,WNW,BRIDGEPORT,35.96,-83.14
201601,103156,616391,1,0.0,N,BURLISON,35.57,-89.78
201607,105863,635125,1,1.31,WSW,MORRISTOWN,36.21,-83.3
201607,105863,635128,1,0.0,N,BAILEYTON,36.33,-82.83
201607,105872,635284,1,0.89,NW,LOUDON,35.74,-84.36
201607,105872,635292,1,0.0,N,ELKMONT,35.65,-83.58
201607,105872,635187,1,0.89,SW,AUSMUS,36.56,-83.94
201607,105872,635191,1,1.31,WSW,GLADES,36.24,-84.8
201607,105863,635114,1,4.0,W,BIG SPG,35.39,-84.99
201607,105869,635156,1,0.0,N,CLAIRFIELD,36.55,-83.95
201607,105869,635157,1,0.56,E,MADISONVILLE,35.52,-84.36
201607,105869,635158,1,0.89,NW,LINE SPG,35.71,-83.66
201607,105869,635159,1,0.56,W,MAYNARDVILLE,36.25,-83.81
201607,105869,635160,1,0.89,NW,LINE SPG,35.71,-83.66
201607,105869,635161,1,0.89,SW,FARRAGUT,35.87,-84.18
201604,104077,622620,1,2.0,ESE,MULBERRY,35.2089,-86.4373
201603,104165,623417,1,3.67,WNW,ANTHONY HILL,35.1456,-87.1821
201603,104165,623417,2,1.61,ESE,BUNKER HILL,35.1407,-86.8538
201603,104165,623417,3,0.69,WSW,ARDMORE,34.9974,-86.8617
201603,104165,623417,4,3.42,SW,MARBUTS,35.0017,-87.2196
201602,103519,618741,1,0.72,SSW,SHELBY CENTER,35.1704,-89.8551
201602,103519,618741,2,0.91,NNE,BERCLAIR,35.162,-89.9135
201602,103519,618741,3,1.66,NNE,WHITE STATION,35.1404,-89.8846
201602,103519,618741,4,1.45,SSE,SHELBY CENTER,35.1603,-89.841
201602,103794,620555,1,1.29,ESE,NORTH HIGHLAND,35.3201,-87.5807
201602,103794,620554,1,2.85,ESE,CLARKSVILLE,36.5217,-87.2997
201602,103794,620559,1,0.31,NNW,BURNS,36.0538,-87.3229
201602,103794,620559,2,1.34,E,BURNS,36.0477,-87.2962
201602,103794,620559,3,1.37,WSW,EAST SIDE,36.024,-87.2934
201602,103794,620559,4,1.39,NNW,IRON HILL,35.9997,-87.3252
201602,103794,620559,5,1.87,WSW,MT SINAI,35.9872,-87.4295
201602,103794,620559,6,1.79,NNW,MT SINAI,36.0244,-87.4107
201602,103794,620560,1,3.34,NNE,BIG ROCK,36.6267,-87.7341
201602,103794,620560,2,3.04,SE,CARLISLE,36.396,-87.7354
201602,103794,620560,3,8.76,SSE,FT HENRY,36.364,-87.9565
201602,103794,620560,4,1.93,S,FT HENRY,36.4524,-88.0252
201602,103794,620560,5,3.8,SW,MODEL,36.6047,-88.0087
201602,103794,620562,1,0.0,N,SPRING HILL,35.75,-86.93
201602,103794,620563,1,0.0,N,SPRING HILL,35.75,-86.93
201602,103794,620564,1,0.52,S,ASHLAND CITY,36.2724,-87.0698
201602,103794,620564,2,0.61,ESE,ASHLAND CITY,36.2756,-87.0605
201602,103794,620564,3,1.22,NNE,SULPHUR SPGS,36.2652,-87.0389
201602,103794,620564,4,0.7,NNE,SULPHUR SPGS,36.2586,-87.0434
201602,103794,620564,5,1.14,NW,SULPHUR SPGS,36.261,-87.0651
201602,103794,620567,1,1.45,S,LOCKERTSVILLE,36.329,-87.1197
201602,103794,620567,2,0.89,NNW,SYCAMORE,36.3318,-87.0566
201602,103794,620567,3,0.66,SSW,SYCAMORE,36.3107,-87.0529
201602,103794,620567,4,2.09,NNE,GREENBRIER,36.3093,-87.1106
201602,103794,620569,1,0.0,N,BURNS,36.05,-87.32
201602,103794,620570,1,1.68,NNW,BAKERSWORKS,36.101,-87.2851
201602,103794,620571,1,3.01,NNE,PINEWOOD,35.9626,-87.4689
201602,103794,620571,2,3.2,NNE,PINEWOOD,35.9589,-87.4488
201602,103794,620571,3,1.07,E,PINEWOOD,35.9184,-87.461
201602,103794,620571,4,0.41,WNW,PINEWOOD,35.9219,-87.4869
201603,104162,623394,1,1.61,SE,PLEASANT VIEW,36.4861,-85.0566
201603,104163,623395,1,0.0,N,COOKEVILLE,36.17,-85.5
201603,104165,623397,1,1.38,S,BERRY,36.16,-87.38
201603,104104,622747,1,0.89,NE,ROSE HILL,36.31,-83.76
201603,104303,624623,1,1.32,NNE,CANAAN GROVE,35.4685,-89.5942
201603,104306,624632,1,1.99,NNE,GANN,36.0279,-88.7209
201603,104306,624633,1,2.17,ESE,SKULLBONE,36.0691,-88.7335
201603,104306,624637,1,1.27,WSW,GISMONDA,35.9651,-88.1419
201603,104306,624637,2,0.75,ENE,GISMONDA,35.9752,-88.1082
201603,104165,623400,1,3.21,N,HOHENWALD BAKER ARPT,35.5957,-87.6105
201603,104165,623400,2,2.7,N,HOHENWALD BAKER ARPT,35.5891,-87.6008
201603,104165,623399,1,5.03,WSW,HOHENWALD BAKER ARPT,35.5344,-87.6875
201603,104165,623399,2,4.75,WSW,HOHENWALD BAKER ARPT,35.5315,-87.6813
201603,104165,623401,1,1.18,ENE,HOHENWALD,35.5567,-87.5508
201603,104165,623402,1,0.0,N,PLEASANT VIEW,36.4,-87.03
201603,104165,623404,1,0.51,S,CROSSROADS,35.0626,-87.7288
201603,104165,623403,1,1.2,N,CRUNK,36.4371,-86.8836
201603,104165,623405,1,0.0,N,CROSS PLAINS,36.55,-86.7
201603,104165,623406,1,1.34,SSW,CROSS BRIDGES,35.6036,-87.2327
201603,104165,623406,2,0.86,SE,CROSS BRIDGES,35.6121,-87.2083
201603,104165,623407,1,1.35,WSW,WESTWOOD,35.5944,-87.103
201603,104165,623407,2,1.39,SE,WESTWOOD,35.5835,-87.0658
201603,104392,625249,1,0.0,N,HALLS,35.87,-89.4
201603,104392,625250,1,0.0,N,DRUMMONDS,35.47,-89.92
201603,104392,625250,2,0.0,N,ATOKA,35.43,-89.78
201603,104392,625251,1,0.0,N,ATOKA,35.43,-89.78
201603,104392,625251,2,2.0,SE,BRIGHTON,35.4595,-89.7049
201603,104165,623408,1,1.38,N,WESTWOOD,35.62,-87.08
201603,104165,623409,1,2.03,WNW,LEFTWICH,35.5799,-86.9041
201603,104165,623410,1,1.48,E,GOODLETTSVILLE,36.319,-86.6935
201603,104165,623411,1,3.72,NW,MARBUTS,35.0692,-87.2152
201603,104165,623411,2,4.01,NW,MINOR HILL,35.0962,-87.1931
201603,104165,623412,1,1.58,NNE,MURFREESBORO,35.8716,-86.4105
201603,104392,625252,1,0.0,N,MILLINGTON,35.35,-89.9
201603,104392,625253,1,0.77,E,KERRVILLE,35.3788,-89.8563
201603,104392,625253,2,1.72,E,KERRVILLE,35.379,-89.8394
201603,104392,625263,1,0.0,N,JACKSON,35.62,-88.83
201603,104392,625263,2,2.23,WSW,GILMORE,35.6629,-88.8537
201603,104392,625267,1,2.0,E,HENDERSON,35.43,-88.6345
201603,104392,625269,1,1.21,SW,ROBY,35.4576,-88.4351
201603,104392,625269,2,0.93,WSW,CENTER PT,35.4674,-88.3962
201603,104165,623413,1,0.33,NW,APPLETON,35.0237,-87.2336
201603,104165,623414,1,0.0,N,SMITHVILLE MUNI ARPT,35.98,-85.8
201603,104165,623415,1,0.0,N,LEOMA,35.17,-87.35
201603,104165,623416,1,2.26,E,IRON CITY,35.0155,-87.5404
201603,104165,623416,2,1.67,SSE,FLATWOODS,35.2768,-87.3417
201603,104165,623416,3,3.4,N,LAWRENCEBURG ARPT,35.2789,-87.2435
201603,104165,623416,4,0.54,SSE,APPLETON,35.0124,-87.2276
201603,104392,625270,1,0.0,N,REAGAN,35.52,-88.35
201603,104392,625278,1,0.0,N,SAVANNAH,35.23,-88.25
201603,104392,625282,1,1.84,NNW,COUNCE,35.0756,-88.2889
201603,104392,625282,2,1.61,SSW,PYBURNS,35.0793,-88.2629
201603,104165,623398,1,4.62,E,SUGAR HILL,35.5523,-87.7379
201603,104165,623398,2,7.53,E,SUGAR HILL,35.5344,-87.6875
201603,104248,624051,1,1.05,NNE,WEST JCT,35.0829,-90.0601
201603,104248,624051,2,0.88,NNE,WEST JCT,35.0824,-90.0664
201603,104248,624051,3,0.54,NNE,WEST JCT,35.0772,-90.0666
201603,104248,624051,4,0.75,NE,WEST JCT,35.0774,-90.0602
201603,104303,624620,1,0.74,S,FULTON,35.6094,-89.8785
201603,104303,624620,2,0.0,N,FT PILLOW,35.67,-89.75
201603,104306,624635,1,1.4,SSE,STAFFORDS STORE,36.0817,-88.689
201607,105914,635565,1,0.0,N,WEST KNOXVILLE,35.97,-83.95
201607,105914,635568,1,0.89,SW,BEECH SPGS,35.96,-83.61
201607,105914,635569,1,0.0,N,DANDRIDGE,36.02,-83.42
201604,104108,622760,1,0.69,S,CATLETTSBURG,35.89,-83.58
201603,104483,625941,1,3.25,WSW,DARWIN,35.0036,-90.1737
201603,104483,625941,2,1.09,NNE,NEW SOUTH MEMPHIS,35.1154,-90.0762
201603,104483,625941,3,1.29,ESE,BENJESTOWN,35.2445,-90.0481
201603,104483,625941,4,0.52,WSW,ST PAUL,35.3667,-90.0082
201603,104483,625941,5,1.2,WNW,MADGE,35.3846,-89.7006
201603,104483,625941,6,5.33,ESE,COLLIERVILLE,35.012,-89.588
201603,104483,625942,1,3.99,N,UNION CITY,36.4771,-89.0387
201603,104483,625942,2,2.24,S,WOODLAND MILLS,36.4677,-89.1218
201603,104483,625942,3,1.17,N,MC ANNA,36.397,-89.1493
201603,104483,625942,4,1.13,ESE,RIVES,36.3655,-89.0305
201603,104483,625942,5,1.32,E,SUNNYSIDE,36.3793,-88.9563
201603,104483,625942,6,0.95,E,HARRIS,36.4511,-88.933
201607,105872,635208,1,0.56,W,SURGOINSVILLE,36.47,-82.86
201607,105872,635209,1,2.33,ESE,MOORESBURG,36.34,-83.18
201607,105872,635210,1,3.63,WSW,SCARBORO,35.96,-84.28
201604,104108,622761,1,0.69,S,CATLETTSBURG,35.89,-83.58
201604,104108,622762,1,1.13,E,EAST CLEVELAND,35.18,-84.83
201604,104108,622763,1,2.36,SSW,MARSHALL HILL,35.5,-84.62
201604,104108,622764,1,1.32,WSW,PITNER,35.87,-83.77
201604,104109,622767,1,1.32,ENE,SULPHUR SPGS,35.18,-85.48
201603,104483,625943,2,1.01,NNE,TRENTON,35.993,-88.9216
201603,104483,625943,3,0.86,SW,DAVIDSON CHAPEL,36.0116,-88.8614
201603,104483,625943,4,1.08,W,MOORES CHAPEL,35.9474,-88.8691
201603,104483,625943,5,1.98,NE,FRUITLAND,35.9208,-88.9055
201603,104483,625943,1,0.0,N,TRENTON,35.98,-88.93
201603,104483,626287,1,0.0,N,CHESTNUT BLUFF,35.87,-89.33
201603,104483,626287,2,0.0,N,ELMORE,35.8,-89.33
201603,104483,626287,3,1.38,SW,BELLS,35.7075,-89.0991
201603,104483,626287,4,3.48,SSW,GUM FLAT,35.6738,-89.0045
201603,104483,626287,5,1.79,ESE,MASON GROVE,35.7613,-88.94
201603,104483,626287,6,0.0,ESE,COXVILLE,35.83,-89.02
201603,104483,626287,7,0.0,ESE,ELIZABETH,35.97,-89.18
201603,104483,626294,1,1.27,S,JACKSON,35.6016,-88.8286
201603,104483,626294,2,1.18,WSW,EAST UNION,35.5966,-88.8006
201603,104483,626294,3,1.71,SW,PERRY SWITCH,35.5497,-88.7975
201603,104483,626294,4,0.88,S,MALESUS,35.5374,-88.8318
201603,104483,626294,5,1.01,ESE,MADISON HALL,35.563,-88.8643
201603,104483,626294,6,1.78,SE,WESTOVER,35.6004,-88.8595
201604,104737,627240,1,0.0,N,PULASKI,35.2,-87.02
201604,104737,627242,1,0.0,N,ST JOSEPH,35.05,-87.5
201603,104483,626296,1,2.28,NNE,ST PETERS,35.65,-89.3834
201603,104483,626296,2,3.25,SW,ST PETERS,35.5937,-89.4479
201603,104483,626296,3,5.33,SW,ST PETERS,35.5579,-89.4562
201603,104483,626296,4,0.36,WNW,SUNNYHILL,35.5311,-89.2763
201603,104483,626296,5,2.5,E,SUNNYHILL,35.5241,-89.2262
201603,104483,626296,6,2.07,W,WELLWOOD,35.6216,-89.1568
201603,104483,626298,1,1.46,W,DARWIN,35.0233,-90.1456
201603,104483,626298,2,4.7,SE,COLLIERVILLE,35.0098,-89.6031
201603,104483,626298,3,2.9,ENE,ARLINGTON,35.3151,-89.632
201603,104483,626298,4,1.37,W,GILES TOWN,35.3219,-90.0742
201604,104737,627243,1,0.99,SSE,RUTLEDGE HILL,35.3067,-85.9437
201604,104737,627243,2,0.97,SSE,RUTLEDGE HILL,35.307,-85.9435
201604,104737,627243,3,1.01,SSE,RUTLEDGE HILL,35.3066,-85.9429
201604,104737,627243,4,1.02,SSE,RUTLEDGE HILL,35.3063,-85.9431
201604,104739,627244,1,2.35,N,PINEWOOD,35.9536,-87.4863
201604,104739,627245,1,2.55,SSW,FAIRVIEW,35.9448,-87.1339
201604,104739,627246,1,0.0,N,MT PLEASANT,35.53,-87.2
201604,104739,627247,1,0.36,SSW,LINTON,36.0256,-87.0233
201604,104739,627249,1,1.91,ESE,NASHVILLE,36.1631,-86.7469
201604,104739,627250,1,1.81,ENE,NASHVILLE,36.1771,-86.7487
201604,104739,627251,1,2.37,WSW,INGLEWOOD,36.2102,-86.7706
201607,105872,635243,1,0.89,SW,FARRAGUT,35.87,-84.18
201603,103467,618351,1,1.43,NW,HOWELL HILL,35.0828,-86.54
201603,103467,618351,2,1.4,NW,HOWELL HILL,35.0819,-86.54
201603,103467,618351,3,1.29,NW,HOWELL HILL,35.0818,-86.5378
201603,103467,618351,4,1.35,NW,HOWELL HILL,35.0829,-86.5379
201607,105872,635235,1,0.56,W,(TRI)TRI CITY ARPT B,36.48,-82.41
201603,104483,626301,1,0.0,N,FAIRVIEW,35.77,-88.85
201603,104483,626301,2,2.6,N,BEECH BLUFF,35.6374,-88.6542
201603,104483,626301,3,1.31,NE,FIVE PTS,35.5325,-88.6624
201603,104483,626301,4,1.59,SE,NEELY,35.5325,-88.9316
201603,104483,626301,5,2.0,ESE,ADAIR,35.7088,-88.9371
201603,104483,627553,1,1.75,N,JUNO,35.7252,-88.5321
201603,104483,627553,2,0.91,S,UNION CROSS,35.7368,-88.4502
201603,104483,627553,3,2.22,WSW,TIMBER LAKE,35.7108,-88.4379
201603,104483,627553,4,0.44,E,JUNO,35.7011,-88.5223
201604,104739,627355,1,0.44,S,NASHVILLE,36.1637,-86.7801
201604,104739,627356,1,0.0,N,RAYON CITY,36.27,-86.67
201604,104739,627357,1,0.37,N,OAK HILL,36.1053,-86.8192
201604,104739,627358,1,0.43,SSE,GREENLAWN,36.2444,-86.5666
201604,104739,627359,1,0.52,WSW,TULIP GROVE,36.1968,-86.6085
201604,104739,627360,1,1.98,ESE,HENDERSONVILLE,36.2715,-86.586
201604,104739,627369,1,0.87,NE,GREEN HILL,36.2387,-86.5388
201604,104739,627372,1,0.79,NE,GREEN HILL,36.2372,-86.5391
201607,105914,635563,1,0.69,N,SOUTH CLINTON,36.09,-84.13
201603,104483,627556,1,2.46,ESE,HUNTINGDON,35.9911,-88.3774
201603,104483,627556,2,2.84,SSW,ROSSER,35.9918,-88.3691
201603,104483,627556,3,1.89,N,ROSSER,36.0572,-88.3467
201603,104483,627556,4,3.04,SW,CREWS STORE,36.0838,-88.3311
201603,104483,627556,5,0.61,WNW,HICO,36.0728,-88.5104
201603,104483,627556,6,1.78,NE,MC LEMORESVILLE,35.9948,-88.5539
201603,104483,627668,1,2.12,SSE,SHELBY FARMS,35.1416,-89.8562
201603,104483,627668,2,2.22,ENE,WHITE STATION,35.1329,-89.864
201603,104483,627668,3,2.51,NNW,GERMANTOWN,35.1121,-89.8407
201603,104483,627668,4,1.77,N,COLLIERVILLE,35.0756,-89.6711
201603,104483,627668,5,3.12,N,COLLIERVILLE,35.0944,-89.6594
201603,104483,627668,6,3.42,SE,CORDOVA,35.1154,-89.7367
201604,104739,627389,1,0.58,NE,CEDAR GROVE,36.3558,-86.4423
201604,104739,627390,1,2.29,N,SILVER BOTTOM,36.2631,-86.5227
201604,104739,627391,1,0.97,NW,WILLETTE,36.4388,-85.8835
201604,104739,627392,1,0.61,NNE,SOUTH CARTHAGE,36.2574,-85.944
201604,104739,627393,1,0.0,N,CELINA,36.55,-85.5
201607,105872,635314,1,0.69,S,OLDFORT,35.04,-84.73
201603,104483,627739,1,1.23,N,HUMBOLDT,35.8378,-88.921
201603,104483,627739,2,2.56,SW,HUMBOLDT ARPT,35.7782,-88.9069
201603,104483,627739,3,1.17,WSW,LEDBETTER,35.9236,-88.7494
201603,104483,627739,4,0.54,WNW,GANN,36.0036,-88.7386
201603,104483,627739,5,1.72,ENE,WALNUT GROVE,36.1934,-88.9439
201603,104483,627739,6,0.64,SSW,KENTON,36.1912,-89.0236
201603,104483,627777,1,0.0,N,MASON,35.42,-89.55
201603,104483,627777,2,0.88,S,MASON,35.4074,-89.5521
201603,104483,627777,3,1.56,S,GAILOR,35.4077,-89.5245
201603,104483,627777,4,0.43,SSW,GAILOR,35.4247,-89.5242
201603,104483,627971,1,0.64,E,KENTON,36.2003,-89.0085
201603,104483,627971,2,1.11,SE,KENTON,36.1888,-89.0059
201603,104483,627971,3,1.32,WNW,WALNUT GROVE,36.1894,-88.9906
201603,104483,627971,4,1.41,E,KENTON,36.2021,-88.9949
201603,104483,627988,1,0.17,N,HYNDSVER,36.3725,-88.7702
201603,104483,627988,2,0.12,SSW,HYNDSVER,36.3684,-88.7705
201603,104483,627988,3,0.62,W,HYNDSVER,36.3688,-88.781
201603,104483,627988,4,0.63,WNW,HYNDSVER,36.3727,-88.7809
201603,104483,627990,1,2.23,NW,PILLOWVILLE,36.1734,-88.6974
201603,104483,627990,2,2.06,NW,PILLOWVILLE,36.1703,-88.6972
201603,104483,627990,3,1.87,NW,PILLOWVILLE,36.1701,-88.6925
201603,104483,627990,4,2.08,NW,PILLOWVILLE,36.1741,-88.6925
201603,104483,628710,1,1.73,W,LICK CREEK,36.3176,-88.051
201603,104483,628710,2,1.18,E,LICK CREEK,36.3229,-87.9991
201603,104483,628710,3,0.79,SSE,ROCKPORT,35.9203,-88.0225
201603,104483,628710,4,2.56,NNW,HOLLADAY,35.9058,-88.1619
201603,104483,628710,5,1.44,SW,LIBERTY,36.083,-88.1351
201607,105872,635245,1,0.56,E,KINGSTON,35.87,-84.51
201607,105872,635248,1,1.31,WNW,JOHNSON CITY,36.33,-82.37
201607,105872,635269,1,0.89,NE,ROCKY HILL,35.91,-84.02
201603,104483,628711,1,4.74,W,JACKS CREEK,35.482,-88.613
201603,104483,628711,2,3.32,E,HENDERSON,35.4235,-88.6116
201603,104483,628711,3,2.4,SSW,JACKS CREEK,35.4384,-88.5477
201603,104483,628711,4,2.97,WNW,JACKS CREEK,35.4837,-88.58
201603,104483,628712,1,0.99,WSW,JENKINSVILLE,36.0445,-89.4364
201603,104483,628712,2,0.78,SW,HAWKINSVILLE,35.8918,-89.3097
201603,104483,628712,3,0.4,SSW,LAPATA,36.0751,-89.1837
201603,104483,628712,4,0.83,E,TRIMBLE,36.2,-89.165
201603,104483,628712,5,0.9,WSW,TRIMBLE,36.1945,-89.1946
201603,104483,628713,1,2.01,NNE,PIPERTON,35.0774,-89.6181
201603,104483,628713,2,0.85,NNE,PIPERTON,35.0612,-89.6239
201603,104483,628713,3,1.74,ESE,PIPERTON,35.0393,-89.6021
201603,104483,628713,4,0.96,SE,ROSSVILLE ARPT,35.0387,-89.5602
201603,104483,628713,5,1.43,SE,ROSSVILLE,35.0357,-89.5317
201603,104483,628713,6,1.46,NE,ROSSVILLE,35.0654,-89.5324
201603,104483,628713,7,1.46,N,ROSSVILLE,35.0711,-89.553
201607,105872,635193,1,0.55,E,HARROGATE,36.58,-83.64
201607,105872,635212,1,0.89,NW,PIGEON FORGE,35.79,-83.56
201607,105872,635264,1,1.77,NE,DENNIS COVE,36.29,-82.1
201607,105872,635272,1,0.89,SW,ELIZABETHTON,36.34,-82.23
201607,105872,635274,1,1.12,W,ROCKY BRANCH,35.73,-83.87
201607,105872,635281,1,0.89,SE,(TYS)MCGHEE TYSON KN,35.81,-83.99
201603,104483,628716,1,3.78,NW,BOLIVAR,35.313,-89.0414
201603,104483,628716,2,3.93,ENE,SHANDY,35.3186,-88.9041
201603,104483,628716,3,2.2,NNW,HEBRON,35.2008,-88.9096
201603,104483,628716,4,0.62,SE,MIDDLEBURG,35.1941,-89.0717
201603,104483,628719,1,1.23,N,OLIVET,35.2378,-88.2003
201603,104483,628719,2,0.81,N,SAVANNAH,35.2418,-88.2504
201603,104483,628719,3,2.05,SW,WALKERTOWN,35.1604,-88.2772
201603,104483,628719,4,2.27,ESE,MADDOX,35.1582,-88.1825
201603,104483,628720,1,1.1,E,INDEPENDENCE,35.728,-88.5805
201603,104483,628720,2,1.77,SSE,MT GILEAD,35.7455,-88.5405
201603,104483,628720,3,1.57,WNW,UNION CROSS,35.7571,-88.4766
201603,104483,628720,4,0.87,SE,UNION CROSS,35.7421,-88.4379
201603,104483,628720,5,0.94,N,LEXINGTON ARPT,35.6636,-88.3813
201603,104483,628720,6,1.76,NW,LURAY,35.5982,-88.6018
201607,105872,635197,1,0.89,NW,TAZEWELL,36.46,-83.58
201607,107211,643112,1,2.22,E,FOSTER XRDS,36.58,-84.51
201603,104483,628991,1,1.99,NNE,OAK GROVE,36.4281,-88.1625
201603,104483,628991,2,3.37,ESE,JONES MILL,36.4348,-88.4125
201603,104483,628991,3,1.16,SE,HENRY,36.1891,-88.4042
201603,104483,628991,4,0.1,SE,SPRINGVILLE,36.2489,-88.1488
201603,104483,628992,1,0.0,N,UNION CITY,36.42,-89.05
201603,104483,628992,2,2.56,NW,MC CONNELL,36.4434,-88.8856
201603,104483,628992,3,1.86,WSW,MC CONNELL,36.4147,-88.8828
201603,104483,628992,4,2.53,SSE,HARRIS,36.4161,-88.9331
201603,104483,628992,5,1.49,ESE,GIBBS,36.4126,-88.9748
201603,104483,628992,6,0.24,SSW,SUNNYSIDE,36.3767,-88.9812
201603,104483,628992,7,1.61,SSW,RIVES,36.3473,-89.0566
201603,104483,628995,1,0.52,WSW,SALEM,35.4274,-89.7586
201603,104483,628995,2,0.61,E,HOLLY GROVE,35.5301,-89.7391
201603,104483,628995,3,1.54,W,FLATWOOD,35.5223,-89.8572
201603,104483,628995,4,2.46,WSW,TIPTON,35.4026,-89.8682
201603,104483,628997,3,0.0,N,GREENFIELD,36.15,-88.8
201603,104483,628997,4,0.0,N,GLEASON,36.22,-88.62
201603,104483,628997,5,0.0,N,PALMERSVILLE,36.42,-88.58
201603,104483,628997,1,0.0,N,RUTHVILLE,36.43,-88.8
201603,104483,628997,2,0.0,N,SIDONIA,36.25,-88.92
201603,104483,629034,1,2.71,S,EAST ACRES,35.2909,-89.8525
201603,104483,629034,2,2.53,WSW,GILDFIELD,35.2905,-89.8433
201603,104483,629034,3,2.82,WSW,GILDFIELD,35.2849,-89.8465
201603,104483,629034,4,2.76,NNE,SPRING LAKE,35.2837,-89.8538
201607,105872,635311,1,1.32,ENE,SOUTH CLEVELAND,35.14,-84.9
201607,105872,635312,1,0.89,NE,WATERVILLE,35.11,-84.86
201607,105872,635204,1,1.11,W,ALANTHUS HILL,36.57,-83.4
201603,104303,624621,1,0.39,NW,BRIGHTON,35.4832,-89.7357
201603,104303,624621,2,0.35,NE,BRIGHTON,35.4837,-89.7258
201607,105872,635303,1,0.57,W,TURTLETOWN,35.13,-84.36
201607,105872,635309,1,0.57,W,CHICKAMAUGA,35.07,-85.26
201607,105872,635308,1,0.56,E,WHITWELL,35.2,-85.52
201607,105872,635205,1,2.61,WNW,KYLES FORD,36.59,-83.09
201607,105872,635206,1,1.31,WSW,STEPHENS,36.06,-84.45
201607,105872,635207,1,0.89,NW,ROGERSVILLE,36.41,-83.01
201607,105872,635230,1,0.69,N,BELL BRIDGE,36.03,-84.05
201604,104739,627248,1,4.37,NNW,FOREST HOME,36.0353,-86.968
201605,104839,627936,1,1.0,W,PINNACLE,36.3518,-86.9479
201605,104839,627934,1,1.13,S,GRABALL,36.4636,-86.4295
201605,104839,627937,1,0.0,N,GREENBRIER,36.43,-86.8
201604,105486,632684,1,1.45,NNE,BERCLAIR,35.1703,-89.9135
201604,105486,632684,2,1.54,N,BERCLAIR,35.1721,-89.9169
201604,105486,632684,3,1.67,ESE,NATIONAL CEMETERY,35.1744,-89.9213
201604,105486,632684,4,1.46,SSE,RALEIGH,35.181,-89.9187
201604,105486,632684,5,1.68,SE,RALEIGH,35.1803,-89.9125
201605,104839,627938,1,1.19,SE,GOODLETTSVILLE,36.3085,-86.7042
201605,104839,627940,1,2.09,SW,GREENLAWN,36.2291,-86.597
201605,104839,627939,1,1.19,SE,GOODLETTSVILLE,36.3085,-86.7042
201605,104839,627941,1,1.98,ESE,HENDERSONVILLE,36.2714,-86.586
201605,104839,627942,1,0.0,N,LAKEWOOD,36.25,-86.63
201605,104839,627943,1,1.05,NE,GREENLAWN,36.2625,-86.5594
201605,104839,627948,1,1.41,N,SEVEN PTS,36.1502,-86.5738
201605,104839,627953,1,0.0,N,HENDERSONVILLE,36.28,-86.62
201605,104839,627950,1,2.62,ENE,GREENLAWN,36.271,-86.5309
201607,107467,644312,1,8.0,W,COVINGTON,35.57,-89.8124
201607,107467,644312,2,1.36,W,BRIGHTON CATES ARPT,35.4999,-89.7542
201607,107509,644395,1,0.74,ESE,GOODMAN,35.0148,-90.0886
201607,107509,644395,2,0.72,SW,PERSEY,35.0135,-90.08
201605,104839,628004,1,0.43,ESE,GREENLAWN,36.2473,-86.5631
201605,104839,627954,1,0.0,N,OLD HICKORY,36.26,-86.65
201605,104839,628007,1,0.0,N,HERMITAGE,36.18,-86.62
201605,104839,628008,1,1.83,S,GREEN HILL,36.2038,-86.5539
201605,104839,628009,1,2.27,W,MT JULIET,36.1957,-86.5604
201605,104839,628009,2,1.91,WSW,MT JULIET,36.193,-86.5532
201605,104839,628014,1,3.02,ENE,THE HERMITAGE,36.2388,-86.5711
201605,104839,628011,1,0.7,NW,STONE RIVER,36.188,-86.6078
201605,104839,628013,1,3.31,ENE,TULIP GROVE,36.2258,-86.5499
201605,104839,628015,1,0.94,N,TULIP GROVE,36.2136,-86.5995
201604,104778,627402,1,1.93,S,BARREN PLAIN,36.5721,-86.9201
201604,104778,627403,1,0.71,E,TULLAHOMA,35.3708,-86.2174
201604,104778,627406,1,2.22,SE,BLANTON CHAPEL,35.4786,-86.1205
201604,104778,627412,1,0.66,SE,BLANTON CHAPEL,35.4935,-86.1414
201605,104839,628017,1,2.66,SSE,MT JULIET,36.1638,-86.5037
201605,104839,628019,1,0.0,N,MT JULIET,36.2,-86.52
201605,104839,628020,1,2.84,SW,SILVER SPGS,36.1672,-86.4808
201605,104972,628889,1,0.0,N,CELINA,36.55,-85.5
201605,104970,628882,1,5.14,WSW,FT CAMPBELL,36.6112,-87.5597
201605,104970,628882,2,1.21,WNW,STRINGTOWN,36.4851,-87.5909
201605,104970,628882,3,1.05,WSW,CUMBERLAND HGTS,36.4943,-87.3976
201605,104970,628882,4,3.26,ENE,CLARKSVILLE ARPT,36.636,-87.3647
201605,104971,628883,1,1.35,SW,KINGSTON SPGS,36.0839,-87.1337
201605,104839,628022,1,1.5,SSE,BAIRDS MILLS,36.0805,-86.3183
201605,104839,628021,1,2.03,W,GREENWOOD,36.1449,-86.2658
201605,104839,628023,1,0.3,WNW,SILVER BOTTOM,36.2321,-86.5247
201605,104971,628884,1,8.81,SSW,DOVER,36.3714,-87.9128
201605,104971,628885,1,0.0,N,TENNESSEE RIDGE,36.32,-87.77
201605,104971,628886,1,1.08,SSE,WHITE BLUFF,36.1051,-87.2143
201605,104971,628887,1,1.45,W,MITCHELLVILLE,36.6301,-86.5561
201605,104971,628887,2,1.02,SSW,WHITE HILL,36.4059,-86.6854
201605,104971,628887,3,1.69,WNW,MILLERSVILLE,36.3797,-86.7278
201605,104971,628887,4,2.28,SSW,MILLERSVILLE,36.339,-86.7141
201605,104971,628887,5,1.47,WNW,SAUNDERSVILLE,36.3406,-86.5929
201605,104971,628887,6,0.69,N,NUBIA,36.6399,-86.3718
201605,104971,628888,1,3.95,NW,BARREN PLAIN,36.6365,-86.9748
201605,104971,628888,2,2.56,SSE,SANDY SPGS,36.4148,-87.0056
201605,104971,628888,3,1.46,SW,RIDGETON,36.3879,-86.7915
201605,104971,628888,4,0.28,SSE,RIDGETON,36.3962,-86.7681
201605,104971,628888,5,1.75,NE,RIDGETON,36.4197,-86.7503
201605,104971,628888,6,3.73,NE,RIDGE TOP,36.4207,-86.706
201605,104971,628888,7,0.9,WNW,BLACK JACK,36.6349,-86.585
201605,104951,628870,1,1.76,NNW,NASHVILLE,36.1914,-86.7971
201605,104839,628721,1,1.16,NNE,TULIP GROVE,36.2154,-86.5918
201605,104839,628722,1,1.46,WNW,SOUTH CARTHAGE,36.2583,-85.9741
201605,104839,628723,1,0.44,ESE,GREENLAWN,36.247,-86.5631
201605,104951,628871,1,0.0,N,NASHVILLE,36.17,-86.78
201605,104951,628873,1,1.06,SSE,NASHVILLE,36.1559,-86.7724
201605,104951,628874,1,1.35,NNE,NASHVILLE,36.187,-86.7681
201605,104951,628875,1,1.98,WSW,NASHVILLE CORNELIA F,36.1706,-86.7336
201605,104951,628876,1,1.81,WSW,NASHVILLE CORNELIA F,36.17,-86.73
201605,104951,628878,1,2.32,NE,CENTERVILLE,36.3055,-86.1928
201605,104951,628879,1,2.01,E,HARTSVILLE,36.4,-86.1338
201605,104839,628724,1,0.96,WSW,RIDDLETON,36.3144,-86.0357
201605,104839,628724,2,1.47,SSW,RIDDLETON,36.3004,-86.0302
201605,104839,628725,1,0.36,ENE,SOUTH CARTHAGE,36.2511,-85.9438
201605,104839,628731,1,3.12,W,RIDDLETON,36.3247,-86.0757
201607,107464,644290,1,1.18,SSE,BERCLAIR,35.1338,-89.9131
201607,107464,644290,2,1.0,NW,WHITE STATION,35.13,-89.9127
201605,104814,627785,1,2.09,WSW,NASHVILLE CORNELIA F,36.1698,-86.7353
201605,104814,627786,1,0.0,N,HERMITAGE,36.18,-86.62
201605,104814,627787,1,1.39,NNE,TULIP GROVE,36.2178,-86.5883
201605,104814,627788,1,0.34,S,MT JULIET,36.1952,-86.5207
201605,104951,628880,1,0.08,W,UNION CAMP,36.4701,-85.9315
201605,104951,628881,1,0.7,N,MOSS,36.5901,-85.6195
201605,104780,627475,1,0.0,N,SANGO,36.5,-87.23
201605,104781,627477,1,2.12,NNW,CHARLOTTE,36.2087,-87.3433
201605,104781,627478,1,2.1,WSW,DANIEL,36.264,-87.257
201605,104839,627912,1,1.45,NNE,CLARKSVILLE ARPT,36.6405,-87.4143
201605,104839,628726,1,1.23,WSW,GREENLAWN,36.2405,-86.5888
201605,104839,628726,2,2.95,WNW,SUGGS CREEK,36.1435,-86.5442
201605,104839,628726,3,2.24,WNW,HOLLOWAY,36.1628,-86.3569
201605,104839,628726,4,1.95,E,LA GUARDO,36.3013,-86.3951
201605,104839,628726,5,3.17,N,SILVER BOTTOM,36.2758,-86.5221
201605,105573,633407,1,0.0,N,BUCHANAN,36.43,-88.22
201605,105573,633407,2,1.37,WSW,OAK HILL,36.4257,-88.1241
201605,105573,633409,1,0.0,N,SELMER,35.18,-88.6
201605,105611,633567,1,2.0,N,MARTIN,36.379,-88.85
201605,105611,633568,1,0.0,N,MARTIN,36.35,-88.85
201605,105612,633569,1,6.0,SSE,CAMDEN,35.9698,-88.0589
201605,105612,633569,2,0.78,ENE,MT MORIAH,35.9747,-88.0372
201604,105277,631150,1,0.0,N,DYERSBURG,36.03,-89.38
201604,105277,631150,2,1.0,E,DYERSBURG,36.0319,-89.3623
201605,104814,627789,1,0.0,N,GREENBRIER,36.43,-86.8
201605,104814,627790,1,0.0,N,GOODLETTSVILLE,36.32,-86.72
201605,104814,627793,1,0.6,NW,OAK HILL,36.1058,-86.8281
201605,104814,627794,1,2.62,WSW,EULIA,36.5061,-86.2139
201605,104839,627913,1,0.0,N,CUMBERLAND CITY,36.4,-87.65
201605,104839,627914,1,0.0,N,CROSS PLAINS,36.55,-86.7
201605,104839,627915,1,1.86,NNE,WHITE HOUSE,36.4928,-86.6424
201605,104839,628727,1,1.49,W,MITCHELLVILLE,36.6297,-86.5569
201605,104839,628727,2,0.49,NNW,TYREE SPGS,36.4368,-86.6527
201605,104839,628727,3,3.34,SE,CASTALIAN SPGS,36.3655,-86.278
201605,104839,628727,4,0.22,E,CHIPMAN,36.4504,-86.2761
201605,104839,628727,5,2.58,NNE,PLEASANT GROVE,36.635,-86.2138
201605,104110,622772,1,0.89,SE,SPRING CITY,35.69,-84.86
201605,104110,622773,1,0.0,N,HIGHLAND PARK,35.8,-84.27
201605,104110,622775,1,2.63,WNW,VIRTUE,35.87,-84.24
201605,104110,622777,1,2.24,W,DIXIE LEE JCT,35.87,-84.27
201605,104814,627795,1,2.24,E,SUGGS CREEK,36.1157,-86.4602
201605,104814,627798,1,2.37,E,BAIRDS MILLS,36.0947,-86.2881
201605,104814,627799,1,0.44,WSW,MILTON,35.9276,-86.2073
201605,104839,627916,1,1.22,SE,OAKPLAIN,36.4058,-87.1171
201605,104839,627917,1,2.21,NE,OAKPLAIN,36.4428,-87.102
201605,104839,627919,1,2.37,SE,GAUSE,36.4021,-87.0252
201605,104839,628728,1,2.2,WNW,TEMPLOW,36.4469,-86.2635
201605,104839,628728,2,0.13,N,ANTIOCH,36.3519,-86.2698
201605,104839,628728,3,3.43,WNW,PROVIDENCE,36.3502,-86.2063
201605,104839,628728,4,1.6,SE,PROVIDENCE,36.3116,-86.1325
201605,104839,628728,5,4.63,NE,CATO,36.423,-85.9991
201605,104839,628728,6,0.81,SSE,WILLARD,36.4388,-86.1759
201605,104839,628728,7,2.13,NNW,WILLARD,36.4778,-86.1966
201605,104839,628728,8,1.17,N,TEMPLOW,36.4468,-86.2321
201605,104839,628729,1,3.19,WNW,ROME,36.2872,-86.1231
201605,104839,628729,2,0.43,SSW,FLAT ROCK,36.2239,-86.1016
201605,104839,628729,3,0.33,W,MAGGARTE,36.2493,-85.8358
201605,104839,628729,4,2.24,E,MC CLURES BEND,36.2826,-85.8599
201605,104839,628729,5,1.88,E,CARTWRIGHT,36.4043,-85.8366
201605,104839,628729,6,2.61,NNW,PLEASANT SHADE,36.4158,-85.9653
201605,104839,628729,7,1.42,ENE,MACEY,36.3884,-85.9767
201605,104839,628729,8,0.87,SSE,DIXON SPGS,36.3594,-86.0617
201604,105277,631153,1,0.62,WSW,OAKVILLE,35.0672,-89.9605
201607,105948,635809,1,0.69,N,TUSCULUM,36.18,-82.75
201607,107205,643099,1,1.32,ESE,RED BANK,35.14,-85.26
201607,107205,643100,1,0.89,SE,CHANCEYTOWN,35.04,-84.39
201607,107207,643104,1,0.56,W,MOHAWK,36.2,-83.06
201607,107207,643105,1,0.56,W,MOHAWK,36.2,-83.06
201607,107207,643106,1,0.89,SW,GRAY,36.41,-82.48
201605,104110,622779,1,0.89,SW,FARRAGUT,35.87,-84.18
201605,104110,622780,1,1.38,N,PUMPKIN CENTER,35.84,-84.08
201605,104110,622781,1,0.69,S,RANKIN,36.04,-83.22
201605,104110,622782,1,1.49,SSE,OAK HILL,35.71,-84.62
201605,105317,631389,1,0.89,NE,SNEEDVILLE,36.54,-83.21
201605,105317,631390,1,0.69,N,BULLS GAP,36.26,-83.08
201605,104839,627921,1,0.0,N,PLEASANT VIEW,36.4,-87.03
201605,104839,627922,1,4.06,SW,COOPERTOWN,36.3841,-86.9957
201605,104839,627924,1,0.0,N,SOUTH TUNNEL,36.48,-86.47
201605,104839,628730,1,2.01,WNW,CROSS RD,36.635,-86.2011
201605,104839,628730,2,2.31,NW,GREEN GROVE,36.4902,-86.2131
201605,104839,628730,3,3.3,SE,BEECH BOTTOM,36.4345,-85.9803
201605,104839,628730,4,1.14,E,UNDERWOOD,36.6223,-85.9597
201605,104839,628732,1,2.98,NNE,SUGGS CREEK,36.1599,-86.4798
201605,104839,628733,1,1.13,NE,ROCK BRIDGE,36.5331,-86.3678
201607,107207,643107,1,0.89,SE,JONESBORO,36.29,-82.46
201607,107208,643108,1,1.38,S,RATHBURN,35.26,-85.17
201607,107207,643110,1,2.15,SSE,LEINART,36.09,-84.17
201605,105636,633753,1,2.0,N,JACKSON,35.649,-88.83
201605,105320,631397,1,1.67,W,RED ASH,36.32,-84.26
201605,105320,631398,1,0.56,W,JACKSBORO,36.33,-84.19
201605,105320,631399,1,0.0,N,WEST KNOXVILLE,35.97,-83.95
201605,105320,631400,1,0.89,SW,WEST END,35.96,-83.21
201605,105320,631401,1,0.0,N,WEST KNOXVILLE,35.97,-83.95
201605,105320,631402,1,0.56,W,JEFFERSON CITY,36.12,-83.49
201605,105320,631403,1,0.69,S,MORRISTOWN,36.21,-83.28
201605,105320,631404,1,0.89,NE,CHURCH HILL,36.53,-82.71
201605,104839,627925,1,2.45,S,CRUNK,36.3847,-86.8758
201605,104839,627932,1,2.64,SW,FOREST GROVE,36.3415,-86.9116
201605,104839,627926,1,0.47,W,GRABALL,36.4806,-86.4385
201605,104839,628734,1,0.6,NW,BLACK JACK,36.6356,-86.5783
201605,104839,628734,2,1.14,NW,LAMONT,36.6437,-86.7614
201605,104839,628734,3,1.52,E,HUBERTVILLE,36.5493,-86.7526
201605,104839,628734,4,1.69,S,JERNIGAN TOWN,36.4956,-86.6778
201605,104839,628735,1,0.91,S,COOKEVILLE ARPT,36.1869,-85.4781
201605,104839,628735,2,0.47,SSE,COOKEVILLE ARPT,36.1935,-85.4774
201605,104839,628735,3,1.18,WSW,COOKEVILLE ARPT,36.1925,-85.499
201605,104839,628735,4,1.01,N,COOKEVILLE,36.1846,-85.4996
201605,104839,628736,1,1.13,NE,ROCK BRIDGE,36.5331,-86.3678
201604,105433,632357,1,0.0,N,CLARKSBURG,35.87,-88.4
201605,105320,631405,1,0.89,NW,MT CARMEL,36.56,-82.66
201605,105320,631406,1,0.69,N,RUSSELLVILLE,36.26,-83.2
201606,105547,633197,1,1.93,ESE,BAIRDS MILLS,36.094,-86.2962
201606,105823,634819,1,0.56,W,MAYNARDVILLE,36.25,-83.81
201606,105547,633198,1,3.84,NE,BERRYS CHAPEL,36.0139,-86.838
201606,105547,633199,1,5.13,NE,BERRYS CHAPEL,36.027,-86.8213
201606,105548,633200,1,1.99,WNW,ARRINGTON,35.8835,-86.7515
201606,105548,633201,1,1.28,S,TRINITY,35.9015,-86.7709
201606,105548,633202,1,0.0,N,SMYRNA,35.98,-86.53
201606,105549,633203,1,0.0,N,HICKMAN,36.15,-85.93
201606,105556,634258,1,2.06,NE,SPIVEY,36.618,-85.8004
201606,105556,634258,2,2.67,SE,RED BOILING SPGS,36.5013,-85.8178
201606,105556,634258,3,1.25,W,GREENWOOD,36.5027,-85.8923
201606,105556,634258,4,0.79,W,BUGTUSSEL,36.6217,-85.8841
201606,105556,634257,1,2.81,NNW,HERMITAGE SPGS,36.6188,-85.7852
201606,105556,634257,2,2.68,NNE,MOSS,36.614,-85.5969
201606,105556,634257,3,3.37,NNW,BUTLERS LNDG,36.5208,-85.6033
201606,105556,634257,4,0.69,NNW,BAKERTON,36.5289,-85.8056
201606,105556,634261,1,1.13,WSW,TULLAHOMA,35.3629,-86.248
201606,105556,634261,2,2.67,ESE,TULLAHOMA,35.3586,-86.1847
201606,105556,634261,3,3.84,SE,TULLAHOMA,35.3306,-86.1819
201606,105556,634261,4,3.0,SSW,TULLAHOMA,35.3299,-86.2504
201606,105553,633346,1,1.78,NNW,PLEASANT VLY,36.5243,-86.6309
201606,105553,633347,1,0.18,NW,JOHNSONS XRDS,36.502,-86.5821
201606,105823,634815,1,0.0,N,CLAIRFIELD,36.55,-83.95
201606,105823,634817,1,0.56,W,MAYNARDVILLE,36.25,-83.81
201606,105823,634818,1,0.56,W,MAYNARDVILLE,36.25,-83.81
201606,105549,633205,1,0.0,N,STONEWALL,36.18,-85.9
201606,105549,633206,1,1.57,SSE,HAYDENBURG,36.4004,-85.7158
201606,105549,633207,1,0.91,S,DENTON XRDS,36.5668,-85.6498
201606,105550,633209,1,1.66,NNW,TROUSDALE,36.421,-86.4145
201606,105550,633211,1,1.8,NNW,TROUSDALE,36.4223,-86.4168
201606,105550,633211,2,1.72,NNW,TROUSDALE,36.4208,-86.4168
201606,105550,633211,3,1.61,NNW,TROUSDALE,36.4205,-86.4136
201606,105550,633211,4,1.69,NNW,TROUSDALE,36.4223,-86.4125
201606,105553,633349,1,1.8,WNW,ENSOR,36.1773,-85.6809
201606,105554,633352,1,0.0,N,JAMESTOWN,36.43,-84.92
201606,105554,633354,1,1.7,N,PINNACLE,36.3744,-86.9259
201606,105554,633355,1,0.0,N,CARTHAGE,36.25,-85.93
201606,105554,633356,1,2.94,S,COOPERTOWN,36.3877,-86.9437
201606,105554,633358,1,2.5,SSE,BORDEAUX,36.1663,-86.8337
201606,105554,633362,1,0.56,N,ASHLAND CITY,36.2881,-87.0694
201606,105554,633363,1,0.0,N,NASHVILLE,36.17,-86.78
201606,105551,633257,1,2.1,NNW,NASHVILLE,36.1962,-86.7991
201606,105551,633259,1,0.47,NNE,TULIP GROVE,36.2066,-86.5981
201606,105551,633262,1,1.29,WSW,GREEN HILL,36.2212,-86.5705
201606,105551,633264,1,0.0,N,HERMITAGE,36.18,-86.62
201606,105551,633265,1,2.24,WSW,GREEN HILL,36.2192,-86.5879
201606,105551,633267,1,1.78,S,GREEN HILL,36.2045,-86.5542
201606,105554,633364,1,1.74,N,HIMESVILLE,35.4551,-86.4478
201606,105554,643822,1,0.52,SSW,SOUTH CARTHAGE,36.2428,-85.9528
201606,105554,643822,2,0.88,NNW,CEDAR PT,36.2315,-85.957
201606,105554,643822,3,0.84,NNW,CEDAR PT,36.2315,-85.9546
201606,105554,643822,4,0.52,S,SOUTH CARTHAGE,36.2425,-85.9517
201606,105557,634262,1,0.0,N,CLARKSVILLE,36.53,-87.35
201606,105557,634263,1,1.01,SE,CLARKSVILLE,36.5209,-87.3357
201606,105557,634264,1,0.0,N,CUMBERLAND FURNACE,36.27,-87.37
201606,105557,634265,1,0.52,SSE,BELLEVUE,36.0627,-86.9275
201606,105557,634266,1,0.18,WNW,INGLEWOOD,36.221,-86.7331
201606,105551,633269,1,0.73,ESE,GALLATIN,36.3949,-86.4384
201606,105551,633272,1,0.87,SSE,GREEN HILL,36.2185,-86.5437
201606,105551,633273,1,0.0,N,GALLATIN,36.4,-86.45
201606,105551,633275,1,7.17,NNE,MALLORYS,36.0463,-86.7524
201606,105551,633277,1,0.0,N,CASTALIAN SPGS,36.4,-86.32
201606,105551,633278,1,1.07,SW,KANSAS,36.4387,-86.3931
201606,105557,634268,1,1.99,N,NASHVILLE CORNELIA F,36.2084,-86.6943
201606,105557,634269,1,0.0,N,INGLEWOOD,36.22,-86.73
201606,105557,634270,1,2.07,E,NASHVILLE,36.1705,-86.7428
201606,105557,634271,1,0.0,N,ANTIOCH,36.07,-86.67
201606,105557,634273,1,0.36,WSW,ANTIOCH,36.0686,-86.6762
201606,105557,634274,1,1.11,NE,NOLENSVILLE,35.9622,-86.6672
201606,105551,633279,1,0.0,N,FRANKLIN,35.92,-86.9
201606,105551,633281,1,2.35,S,TEMPLOW,36.396,-86.2275
201606,105551,633285,1,2.45,SSW,GREEN HILL,36.1984,-86.5701
201606,105551,633289,1,2.39,SSW,MT JULIET,36.1689,-86.5385
201606,105551,633292,1,2.43,N,SILVER BOTTOM,36.265,-86.5241
201606,105551,633295,1,0.0,N,LAFAYETTE,36.52,-86.03
201607,105844,634983,1,1.49,SSW,MORRISTOWN,36.2,-83.29
201606,105555,633365,1,1.22,W,WHITEHEAD,35.4819,-86.8215
201606,105555,633365,2,3.53,SSW,CORNERSVILLE,35.3245,-86.8787
201606,105555,633365,3,0.16,SW,PETERSBURG,35.3185,-86.6523
201606,105555,633365,4,1.23,SW,FARMINGTON,35.4875,-86.7357
201606,105555,633367,1,0.0,N,LEWISBURG,35.45,-86.8
201606,105555,633368,1,4.18,NNW,WATER VLY,35.8231,-87.2156
201606,105555,633369,1,1.25,SW,SHIPPS BEND,35.7896,-87.4482
201606,105551,633212,1,0.0,N,DOVER,36.48,-87.83
201606,105551,633214,1,0.0,N,ST BETHLEHEM,36.58,-87.3
201606,105551,633216,1,0.0,N,CLARKSVILLE,36.53,-87.35
201606,105551,633297,1,2.66,WSW,MT JULIET,36.1804,-86.561
201606,105551,633299,1,0.69,ENE,CAIRO BEND,36.2352,-86.3895
201606,105551,633303,1,0.0,N,SMYRNA,35.98,-86.53
201606,105551,633305,1,0.92,ENE,LEBANON,36.2258,-86.2852
201606,105551,633308,1,1.9,SE,LEBANON,36.2008,-86.2757
201606,105551,633310,1,0.0,N,LEBANON,36.22,-86.3
201607,105844,634985,1,3.62,WNW,ALPHA,36.2,-83.44
201607,105844,634988,1,0.89,NE,CHURCH HILL,36.53,-82.71
201607,105844,634989,1,1.31,WNW,BARTON SPGS,36.24,-83.27
201607,105844,634990,1,1.11,E,KINGSPORT,36.55,-82.53
201607,105844,634991,1,0.0,N,BLOUNTVILLE,36.53,-82.33
201606,105551,633218,1,0.0,N,PLEASANT VIEW,36.4,-87.03
201606,105551,633222,1,1.02,NNW,KINNEY,36.5425,-86.9399
201606,105551,633225,1,1.83,WNW,MT DENSON,36.5647,-86.9075
201606,105551,633227,1,0.54,NE,BURNS,36.0547,-87.3123
201606,105551,633228,1,0.0,N,SPRINGFIELD,36.5,-86.88
201606,105551,633229,1,0.0,N,SPRINGFIELD,36.5,-86.88
201606,105551,633311,1,1.08,NE,VINE,36.0396,-86.3547
201606,105551,633313,1,2.43,NNE,ROME,36.3043,-86.0604
201606,105551,633314,1,0.0,N,WATERTOWN,36.1,-86.13
201606,105551,633315,1,0.0,N,CARTHAGE,36.25,-85.93
201606,105551,633316,1,0.0,N,COLUMBIA,35.62,-87.05
201606,105551,633318,1,0.0,N,MT PLEASANT,35.53,-87.2
201606,105855,635103,1,0.65,SSW,PIPERTON,35.0408,-89.6324
201606,105855,635103,2,1.07,NNE,PIPERTON,35.0646,-89.6236
201606,105551,633230,1,0.0,N,PORTLAND,36.58,-86.52
201606,105551,633231,1,1.26,NE,RICHLAND,36.1625,-86.8636
201606,105551,633232,1,2.22,SW,NASHVILLE,36.1438,-86.8032
201606,105551,633233,1,1.99,ESE,BORDEAUX,36.1924,-86.8156
201606,105551,633235,1,1.38,S,BORDEAUX,36.18,-86.85
201606,105551,633236,1,0.69,SW,CENTERVILLE ARPT,35.8241,-87.46
201606,105551,633319,1,3.99,ENE,LA GUARDO,36.3301,-86.3688
201606,105551,633320,1,0.83,E,MT OLIVE,35.8796,-86.4352
201606,105551,633321,1,0.0,N,ELMWOOD,36.23,-85.88
201606,105551,633322,1,0.0,N,MURFREESBORO,35.85,-86.42
201606,105551,633323,1,0.0,N,CHRISTIANA,35.72,-86.4
201606,105551,633324,1,0.0,N,SMITHVILLE,35.97,-85.85
201606,105324,631431,1,1.77,NW,DAVIS CHAPEL,36.4,-84.09
201606,105324,631433,1,1.12,W,LAKESIDE,35.62,-84.3
201606,105324,631435,1,0.69,S,BEVERLY,36.02,-83.9
201606,105551,633237,1,1.47,W,AMQUI,36.2785,-86.7063
201606,105551,633238,1,0.53,NE,OAK HILL,36.1059,-86.8139
201606,105551,633241,1,1.62,NNW,SHACKLE IS,36.3928,-86.6268
201606,105551,633243,1,1.72,E,NASHVILLE,36.1747,-86.7497
201606,105551,633245,1,0.0,N,NASHVILLE,36.17,-86.78
201606,105551,633247,1,2.15,NNE,MAPLEWOOD,36.26,-86.71
201606,105551,633325,1,0.0,N,WOODBURY,35.83,-86.08
201606,105551,633326,1,0.0,N,BAXTER,36.15,-85.63
201606,105551,633327,1,0.0,N,LEWISBURG,35.45,-86.8
201606,105551,633328,1,0.0,N,PULASKI,35.2,-87.02
201606,105551,633329,1,1.13,SSE,RILEY CREEK,35.454,-86.216
201606,105551,633330,1,1.22,SW,MANCHESTER,35.4657,-86.0928
201606,105325,631438,1,0.89,NW,PIGEON FORGE,35.79,-83.56
201606,105326,631440,1,1.83,WNW,CHARLESTON,35.29,-84.8
201606,105327,631442,1,0.56,W,COLONIAL HGTS,36.48,-82.51
201606,105328,631444,1,0.89,NW,LOUDON,35.74,-84.36
201606,105328,631445,1,1.32,WNW,PROSPECT,35.83,-83.82
201606,105328,631446,1,0.0,N,HICKS CROSSING,35.9,-83.73
201606,105330,631451,1,0.89,SW,DUNLAP,35.37,-85.39
201606,105330,631453,1,0.57,E,SIGNAL MTN,35.13,-85.34
201606,105551,633249,1,1.49,SSW,BERRY HILL,36.1,-86.78
201606,105551,633250,1,0.0,N,GOODLETTSVILLE,36.32,-86.72
201606,105551,633252,1,0.39,W,OGLESBY,36.0495,-86.7369
201606,105551,633253,1,0.0,N,DONELSON,36.17,-86.65
201606,105551,633254,1,1.35,NE,THE HERMITAGE,36.2356,-86.6055
201606,105551,633255,1,0.0,N,HENDERSONVILLE,36.28,-86.62
201606,105551,633331,1,0.0,N,MANCHESTER,35.48,-86.08
201606,105551,633332,1,0.0,N,MC MINNVILLE,35.68,-85.78
201606,105551,633333,1,0.0,N,DOYLE,35.85,-85.5
201606,105551,633334,1,0.0,N,PULASKI,35.2,-87.02
201606,105551,633335,1,1.66,SE,BUSBY,35.1027,-87.3996
201606,105551,633338,1,0.0,N,SPARTA,35.93,-85.47
201606,105551,633339,1,1.69,E,TULLAHOMA,35.3659,-86.2003
201606,105551,633340,1,0.0,N,SPENCER,35.75,-85.47
201606,105551,633341,1,0.0,N,ALTAMONT,35.43,-85.73
201606,105551,633344,1,0.0,N,MT JULIET,36.2,-86.52
201606,105551,633345,1,0.0,N,LEBANON,36.22,-86.3
201606,105836,634911,1,0.89,NE,SNEEDVILLE,36.54,-83.21
201606,105836,634914,1,0.89,NW,SPRINGDALE,36.53,-82.56
201606,105836,634917,1,0.89,SW,MAHAN VLG,36.16,-84.49
201606,105836,634918,1,0.0,N,WEST KNOXVILLE,35.97,-83.95
201606,105836,634923,1,0.89,NE,CHURCH HILL,36.53,-82.71
201608,107361,643707,1,1.33,WSW,HOWARDVILLE,34.99,-85.02
201608,108574,650410,1,0.0,N,MARYVILLE,35.75,-83.97
201608,108574,650411,1,0.89,NE,DECATUR,35.53,-84.79
201606,105817,634796,1,0.89,SW,MOUNTAIN CITY,36.47,-81.81
201606,105817,634797,1,0.89,SW,FARRAGUT,35.87,-84.18
201608,108574,650412,1,0.0,N,MARYVILLE,35.75,-83.97
201608,108574,650414,1,0.89,SE,BLAINE,36.14,-83.69
201608,108579,650416,1,0.89,NE,PEEWEE,36.28,-84.27
201606,105138,640630,1,1.32,WSW,CENTER GROVE,35.31,-86.25
201606,105138,640630,2,2.11,ENE,ANDERSON,34.9883,-85.8641
201606,106223,637901,1,0.49,NNW,FREMONT,36.4362,-89.2042
201606,106223,637901,2,1.69,N,GIBBS,36.4442,-88.9958
201606,106223,637903,2,0.91,SW,GARDNER,36.3605,-88.9112
201606,106223,637903,1,0.56,SW,TERRELL,36.3749,-88.9379
201606,106223,637905,1,1.31,NW,LIPE,36.0407,-88.1893
201606,106223,637905,2,0.07,SSE,SAWYERS MILL,36.0291,-88.1195
201606,105817,634798,1,0.89,SW,FARRAGUT,35.87,-84.18
201606,105817,634799,1,1.32,ENE,FOREST HILL,35.73,-83.95
201606,105817,634800,1,0.89,NE,BLOCKHOUSE,35.71,-83.92
201606,105817,634801,1,1.78,SE,CADES COVE,35.6,-83.81
201608,108579,650417,1,0.56,W,BEECH GROVE,36.15,-83.93
201608,108579,650418,1,0.89,NW,CLEAR SPGS,36.16,-83.89
201608,108579,650419,1,0.89,SW,SHARPS CHAPEL,36.34,-83.81
201608,108579,650420,1,0.56,W,HOPEWELL,35.23,-84.91
201606,105138,640625,1,8.61,NNE,CUMBERLAND SPGS,35.4501,-86.2592
201607,105872,635304,1,0.56,E,WHITWELL,35.2,-85.52
201607,105872,635195,1,3.47,SW,ANNADEL,36.15,-84.72
201607,105872,635211,1,0.89,NW,PIGEON FORGE,35.79,-83.56
201606,106223,637907,1,1.88,SE,FREMONT,36.4108,-89.176
201606,106223,637907,2,1.31,W,MC CUTCHEN HGTS,36.3694,-89.0936
201608,107212,643113,1,0.89,SE,SPRING CITY,35.69,-84.86
201608,107214,643115,1,1.38,N,LOCUST SPGS,36.32,-82.8
201606,106223,637909,1,0.0,N,TROY,36.35,-89.17
201606,106223,637909,2,1.17,SE,ENGLEWOOD,36.3572,-89.1362
201606,106223,637909,3,1.46,WNW,POLK,36.3288,-89.1438
201606,106223,637909,4,0.99,NW,WOLVERINE,36.3304,-89.1822
201606,106223,637910,1,1.68,NE,GERMANTOWN,35.0936,-89.7954
201606,106223,637910,2,0.52,NNE,FOREST HILL,35.0773,-89.7679
201606,105138,640641,1,1.18,NW,BELLEVILLE,35.2815,-86.5854
201608,108579,650421,1,1.83,ENE,CHESTUEE,35.14,-84.75
201608,108579,650422,1,0.0,N,JERSEY,35.07,-85.2
201608,108579,650423,1,0.0,N,BUFFALO SPGS,36.22,-83.57
201608,107214,643116,1,0.89,NE,CHURCH HILL,36.53,-82.71
201608,107235,643214,1,0.0,N,FALL BRANCH,36.42,-82.62
201608,107235,643215,1,0.89,NE,CHURCH HILL,36.53,-82.71
201608,107235,643216,1,0.89,SW,GRAY,36.41,-82.48
201608,108679,650957,1,0.53,N,OLIVEHILL,35.2777,-88.0302
201608,108679,650957,2,1.0,N,OLIVEHILL,35.2845,-88.03
201607,105872,635232,1,0.89,SW,GRAY,36.41,-82.48
201607,105872,635240,1,0.89,NE,CHURCH HILL,36.53,-82.71
201607,105948,635806,1,1.49,SSE,FOUNTAIN CITY,36.01,-83.92
201606,105325,631439,1,0.56,W,FORK OF RIVER,35.95,-83.86
201606,105547,633196,1,2.18,SSE,BERRY,36.1495,-87.3702
201606,105553,633348,1,0.0,N,GAINESBORO,36.35,-85.65
201608,107361,643702,1,0.0,N,LIMESTONE,36.23,-82.63
201608,107361,643703,1,0.89,SW,TELFORD,36.24,-82.54
201608,107361,643704,1,1.49,SSE,DUCKTOWN,36.31,-82.64
201608,107361,643705,1,0.0,N,BLOUNTVILLE,36.53,-82.33
201606,105557,634272,1,0.48,W,PARAGON MILL,36.0791,-86.7085
201608,107361,643706,1,1.31,WSW,BRISTOL,36.57,-82.2
201606,105551,633302,1,0.9,SE,J PERCY PRIEST RES S,36.0427,-86.4866
201606,105551,633317,1,0.0,N,MURFREESBORO,35.85,-86.42
201606,105551,633337,1,0.0,N,SHELBYVILLE,35.48,-86.47
201605,104951,628877,1,0.91,ESE,LEBANON,36.2142,-86.2853
201605,105636,633751,1,0.0,N,UNION CITY,36.42,-89.05
201605,104780,627476,1,1.62,WNW,NEW HOPE,36.0275,-87.1775
201605,105636,633752,1,0.93,N,SHARON,36.2434,-88.8306
201605,105636,633752,2,1.3,NNE,SHARON,36.2462,-88.8183
201605,105636,633752,3,0.82,ESE,SHARON,36.2238,-88.8174
201605,105636,633752,4,0.4,SSE,SHARON,36.2243,-88.8284
201605,105573,633408,1,1.0,NW,SELMER,35.1902,-88.6125
201605,105573,633408,2,2.64,SE,SELMER,35.1542,-88.5656
201605,105574,633410,1,3.0,NW,BRUNSWICK,35.3007,-89.8176
201605,105635,633750,1,1.16,S,WHITE STATION,35.1032,-89.8998
201605,105635,633750,2,1.8,NE,GERMANTOWN,35.0964,-89.7954
201605,105635,633750,3,3.84,W,COLLIERVILLE ARPK,34.994,-89.7974
201605,105635,633750,4,2.11,SSE,CAPLEVILLE,34.993,-89.9025
201605,105636,633754,1,1.65,WSW,YUM YUM,35.3431,-89.4081
201605,105636,633754,2,2.09,NE,MILLER,35.3711,-89.2735
201605,105636,633754,3,2.36,SE,FORTY FIVE,35.0463,-89.29
201605,105636,633754,4,2.96,SE,HAYS CROSSING,35.0345,-89.4507
201609,110573,660278,1,3.76,NE,BERRYS CHAPEL,36.0151,-86.8426
201609,110074,658052,1,0.69,S,FINCASTLE,36.41,-84.05
201609,110573,660263,1,0.73,E,OAKWOOD,36.5287,-87.5669
201609,110573,660264,1,0.69,N,BAKERSWORKS,36.09,-87.27
201609,110573,660265,1,0.0,N,KINGSTON SPGS,36.1,-87.12
201609,110573,660266,1,0.42,ESE,OLD HICKORY,36.2575,-86.6433
201609,110573,660267,1,0.0,N,FAIRVIEW,35.98,-87.12
201609,110573,660268,1,3.46,W,FOREST HOME,35.9872,-86.9912
201609,110573,660269,1,2.49,SW,NASHVILLE,36.1434,-86.81
201609,110573,660270,1,0.93,SSW,KANSAS,36.4384,-86.3886
201609,110573,660271,1,3.49,W,FOREST HOME,35.9884,-86.9916
201609,110573,660271,2,0.53,SE,FOREST HOME,35.975,-86.9228
201609,110573,660272,1,0.79,NNE,WOODBINE,36.1311,-86.717
201609,110573,660273,1,0.58,NNW,TULIP GROVE,36.2071,-86.6057
201609,110573,660274,1,1.85,NW,BERRY HILL,36.1353,-86.7972
201609,110573,660275,1,0.86,WNW,BERRYS CHAPEL,35.9725,-86.8951
201609,110573,660276,1,1.24,N,FRANKLIN,35.9376,-86.896
201609,110573,660277,1,3.37,N,MALLORYS,35.9981,-86.8101
201609,110573,660279,1,1.89,SSW,GREEN HILL,36.2054,-86.565
201609,110573,660280,1,0.67,WSW,EWINGVILLE,35.9178,-86.8816
201609,110573,660281,1,0.8,NW,BERRYS CHAPEL,35.9793,-86.8886
201609,110573,660282,1,2.85,N,BERRYS CHAPEL,36.0107,-86.8886
201609,110573,660283,1,0.0,N,LEIPERS FORK,35.9,-87.0
201609,110573,660284,1,0.31,WNW,MT JULIET,36.2024,-86.5246
201609,110573,660285,1,0.65,N,KEDRON,35.7094,-86.9218
201609,110573,660286,1,1.09,ESE,LEBANON,36.2118,-86.2832
201609,110573,660287,1,0.0,N,SMYRNA,35.98,-86.53
201609,110573,660288,1,1.67,ENE,CROSS KEYS,35.7615,-86.7438
201609,110573,660289,1,1.77,SE,GRAY,35.4787,-86.4023
201609,110573,660290,1,0.0,N,SHELBYVILLE,35.48,-86.47
201609,110574,660292,1,4.63,WNW,HENRYVILLE,35.4221,-87.4777
201608,109839,656915,1,0.49,ENE,PLEASANTVILLE,35.6731,-87.6922
201608,109839,656916,1,2.67,E,CHESTNUT GROVE,35.633,-87.7727
201608,109839,656917,1,0.84,NE,KEDRON,35.7092,-86.9101
201608,109839,656917,2,0.94,NNE,KEDRON,35.7115,-86.9111
201608,109839,656918,1,1.33,SE,WEBBER CITY,35.3342,-87.2866
201608,109839,656919,1,1.76,ENE,ARMOUR VLG,35.6395,-87.1409
201608,109839,656920,1,2.23,ESE,ARMOUR VLG,35.6136,-87.1357
201608,109839,656921,1,0.0,N,SANTA FE,35.73,-87.13
201608,109841,656922,1,0.0,N,STATESVILLE,36.03,-86.13
201608,109841,656923,1,1.26,SW,VAUGHNS GAP,36.055,-86.8927
201608,109841,656924,1,0.0,N,BELLEVUE,36.07,-86.93
201608,109841,656925,1,1.05,WNW,GREEN HILL,36.2348,-86.5679
201608,109841,656925,2,0.48,NNW,GREEN HILL,36.2364,-86.5534
201608,109841,656925,3,0.56,SE,GREENLAWN,36.2442,-86.5629
201608,109841,656925,4,0.55,S,GREENLAWN,36.2421,-86.5688
201608,109838,656908,1,0.63,NNE,LITTLE TEXAS,35.8089,-86.7777
201608,110601,660376,1,2.0,NW,ELIZABETHTON,36.3705,-82.2454
201608,110601,660376,2,4.0,ENE,ELIZABETHTON,36.3722,-82.1536
201608,110601,660376,3,4.0,ESE,ELIZABETHTON,36.3279,-82.1536
201608,110601,660376,4,2.0,SW,ELIZABETHTON,36.3295,-82.2454
201611,110978,662288,1,0.79,ENE,POPLAR HILL,35.4046,-84.6371
201611,110978,662288,2,2.7,N,MANILA,35.5091,-84.482
201608,110601,660377,1,4.0,NNE,MORRISTOWN,36.2735,-83.2525
201608,110601,660377,2,9.0,ENE,MORRISTOWN,36.2699,-83.1308
201608,110601,660377,3,7.0,E,MORRISTOWN,36.22,-83.1544
201608,110601,660377,4,0.0,ENE,MORRISTOWN,36.22,-83.28
201608,110603,660379,1,3.0,SE,PIKEVILLE,35.5693,-85.1623
201608,110603,660379,2,7.0,SSW,PIKEVILLE,35.5064,-85.2477
201608,110603,660379,3,9.0,SW,PIKEVILLE,35.5079,-85.3132
201608,110603,660379,4,2.0,WSW,PIKEVILLE,35.5889,-85.2329
201608,109797,656734,1,1.94,S,SAILORS REST,36.3921,-87.5846
201608,109797,656735,1,0.0,S,WAVERLY,36.08,-87.8
201608,109797,656736,1,1.33,WSW,CENTERVILLE ARPT,35.8197,-87.47
201608,109797,656737,1,0.0,N,BON AQUA,35.95,-87.33
201608,109797,656738,1,2.23,W,OVERALL,35.8148,-86.5192
201608,109797,656738,2,0.41,S,MURFREESBORO,35.8441,-86.421
201608,109804,656742,1,0.0,N,CLARKSVILLE,36.53,-87.35
201608,109804,656743,1,0.14,NNE,TULIP GROVE,36.202,-86.5994
201608,109804,656746,1,1.15,NW,OGLESBY,36.0599,-86.7465
201608,109804,656746,2,0.72,NNW,OGLESBY,36.0597,-86.7348
201608,109804,656746,3,1.13,SSW,OGLESBY,36.0354,-86.7392
201608,109804,656746,4,1.33,SW,OGLESBY,36.0369,-86.7474
201608,109805,656748,1,0.92,NNW,CHESTNUT GROVE,36.4328,-86.9046
201608,109805,656749,1,1.87,SE,WALTERHILL,35.9277,-86.3812
201608,109805,656750,1,1.18,NE,LEANNA,35.9397,-86.4328
201608,109805,656750,2,0.96,SW,WALTERHILL,35.9385,-86.4095
201608,109805,656750,3,1.43,WNW,COMPTON,35.9083,-86.3733
201608,109805,656750,4,2.61,NW,MURFREESBORO ARPT,35.9108,-86.4071
201608,109805,656751,1,1.23,SE,GRIFFINTOWN,36.1675,-87.1143
201608,109806,656753,1,0.0,N,HENDERSONVILLE,36.28,-86.62
201608,109806,656754,1,0.36,ESE,GREENLAWN,36.2481,-86.5639
201608,109806,656754,2,1.01,S,GREENLAWN,36.2355,-86.5677
201608,109806,656755,1,1.16,ESE,WEST HARPETH,35.8423,-86.9016
201608,109834,656905,1,0.63,ENE,SHUBERT,35.5337,-87.5697
201608,109837,656907,1,1.67,N,GNAT HILL,35.644,-86.1463
201608,109839,656909,1,0.3,S,MC GLAMERYS STAND,35.1457,-87.7492
201608,109839,656911,1,0.0,N,MT PLEASANT,35.53,-87.2
201608,109839,656912,1,0.0,N,HAMPSHIRE,35.6,-87.3
201608,109839,656913,1,0.0,N,COLUMBIA,35.62,-87.05
201608,109839,656914,1,1.32,ENE,AETNA,35.66,-87.5
201605,104110,622778,1,0.89,SW,FARRAGUT,35.87,-84.18
201607,108013,647088,1,0.79,SSE,FAYETTEVILLE ARPT,35.0597,-86.564
201611,111046,662589,1,0.0,N,STANTON,35.47,-89.4
201611,111046,662589,2,1.26,E,KO KO,35.4775,-89.2577
201611,111046,662590,1,1.19,NNW,JACKSON,35.6347,-88.8411
201611,111046,662590,2,1.27,NNW,JACKSON,35.6372,-88.8377
201611,111046,662591,1,0.89,S,LEIGHTON,35.5373,-89.0675
201611,111046,662591,2,1.13,E,LEIGHTON,35.5476,-89.05
201611,111982,667789,1,0.89,SE,MULBERRY,35.21,-86.46
201612,112568,671621,1,1.72,SW,HERMITAGE SPGS,36.5646,-85.7943
201612,112568,671623,1,3.04,NE,NORTH SPGS,36.5,-85.71
201612,112568,671626,1,2.79,S,RED HILL,35.2597,-87.4207
201612,112568,671629,1,1.53,S,TANGLEWOOD,36.2579,-85.9809
201612,112568,671632,1,0.6,ESE,LORETTO,35.0771,-87.4401
201612,112568,671636,1,0.25,WNW,LAWRENCEBURG,35.251,-87.3343
201612,112568,671638,1,1.49,SSE,LONG BRANCH,35.15,-87.42
201612,112568,671644,1,0.46,W,MC COINSVILLE,36.3204,-85.6382
201612,112568,671645,1,0.74,SW,CELINA,36.5427,-85.5097
201612,112568,671648,1,0.58,SSW,DODSON BRANCH,36.3124,-85.5342
201612,112568,671652,1,2.11,S,HOLLY SPGS,36.3895,-85.4015
201612,112568,671654,1,0.91,N,FALL CREEK,35.5832,-86.5506
201612,112568,671655,1,1.71,SW,RED HILL,36.6017,-85.1208
201612,112568,671657,1,0.46,SSE,PALL MALL,36.5436,-84.9679
201612,112568,671676,1,2.03,E,WOLF RIVER,36.5281,-84.9335
201612,112568,671679,1,2.09,E,DOUBLE SPGS,36.1759,-85.5632
201612,112568,671681,1,0.61,E,TULLAHOMA,35.3704,-86.2192
201612,112568,671685,1,2.65,WSW,HICKERSON,35.3852,-86.1734
201612,112568,673044,1,0.52,SSW,LAGUARDO,36.2928,-86.4525
201612,112568,673044,2,0.56,SSE,LAGUARDO,36.293,-86.4449
201612,111976,667749,1,3.0,SSW,(DYR)DYERSBURG MUNI,35.9599,-89.4205
201612,111976,667749,2,1.84,NW,BONICORD,35.965,-89.3573
201612,111976,667750,1,0.25,S,RALSTON,36.3265,-88.8007
201612,111976,667750,2,0.79,ESE,RALSTON,36.3276,-88.7862
201612,111976,667751,1,2.5,NNW,GREENFIELD,36.185,-88.8117
201612,111976,667751,2,2.49,WSW,MT HERMAN,36.1865,-88.7915
201612,111976,667752,1,8.0,SSW,PARIS,36.193,-88.3749
201612,111976,667752,2,2.37,W,NEW HOPE,36.2033,-88.2923
201612,111976,667753,1,3.0,W,MILLINGTON,35.35,-89.9532
201612,111976,667753,2,0.85,WNW,MILLINGTON,35.3544,-89.9142
201612,112355,669953,1,0.3,ESE,BLUE GOOSE,35.6989,-88.5749
201612,112355,669958,1,0.0,N,WILDERSVILLE,35.78,-88.37
201612,112355,669961,1,0.48,SSW,MC ILLWAIN,35.864,-88.0843
201612,112576,671708,1,2.76,N,BIGBYVILLE,35.56,-87.08
201612,112576,671706,1,0.67,S,CHESTNUT GROVE,36.4103,-86.9008
201612,112576,671701,1,0.56,E,CEDAR GROVE,35.95,-87.81
201612,112576,671702,1,1.67,W,DICKSON MUNI ARPT,36.13,-87.46
201612,112576,671703,1,0.66,WSW,CHARLOTTE,36.1767,-87.3411
201612,112576,671705,1,1.6,S,CROSSROADS,35.0469,-87.7317
201612,112576,671707,1,0.69,SSE,BROWN XRDS,35.0613,-87.3942
201612,112568,671550,1,0.67,SE,DOVER,36.4734,-87.8211
201612,112568,671551,1,1.38,N,ERIN,36.34,-87.7
201612,112568,671552,1,1.49,SSE,CUMBERLAND CITY,36.38,-87.64
201612,112568,671553,1,2.44,ESE,CLARKSVILLE,36.5113,-87.3126
201612,112568,671554,1,0.0,N,CEDAR HILL,36.55,-87.0
201612,112568,671557,1,0.4,WSW,CHARLOTTE,36.1785,-87.3369
201612,112568,671560,1,2.97,S,BERRY HILL,36.0771,-86.7731
201612,112568,671566,1,0.94,W,GREEN HILL,36.2282,-86.5668
201612,111976,667748,1,11.0,N,DYERSBURG,36.1892,-89.38
201612,111976,667748,2,1.32,N,LOCUST GROVE,36.1989,-89.2735
201612,112568,671569,1,0.24,SE,GREENLAWN,36.2475,-86.5669
201612,112568,671571,1,0.75,SW,GREENLAWN,36.2411,-86.5778
201612,112568,671575,1,4.12,NNE,GREENLAWN,36.3069,-86.5479
201612,112568,671578,1,0.84,N,GREEN HILL,36.2422,-86.5516
201612,112568,671584,1,1.79,ENE,GREENLAWN,36.2634,-86.5424
201612,112568,671598,1,2.27,N,SILVER BOTTOM,36.2627,-86.5235
201612,112355,669926,1,2.68,NW,LENOW,35.2118,-89.777
201612,112355,669929,1,0.72,E,ARLINGTON MUNI ARPT,35.2805,-89.6572
201612,112355,669930,1,0.65,SE,JACKSON,35.6127,-88.8227
201612,112355,669936,1,0.95,ESE,JACKSON,35.6141,-88.8147
201612,112355,669936,2,1.65,E,JACKSON,35.6178,-88.8008
201612,112355,669949,1,1.33,SE,LAWRENCE,35.6371,-88.7824
201612,112568,671605,1,2.29,W,LAGUARDO,36.3,-86.4912
201612,112568,671606,1,0.58,S,LAGUARDO,36.2917,-86.4481
201612,112568,671607,1,6.04,N,MALLORYS,36.0374,-86.8012
201612,112568,671608,1,1.31,ESE,DIXON SPGS,36.36,-86.05
201612,112568,671609,1,0.33,E,PLEASANT SHADE,36.3804,-85.9441
201612,112568,671610,1,1.37,WNW,DIFFICULT,36.3801,-85.9012
201607,105825,635067,1,0.0,N,PEA RIDGE STORE,36.6,-85.43
201607,105825,635068,1,0.0,N,PORTLAND,36.58,-86.52
201607,105825,635069,1,0.84,WSW,COOKEVILLE,36.1638,-85.5129
201607,105825,635201,1,1.38,S,GALLATIN,36.38,-86.45
201607,105825,635202,1,2.77,ENE,FAIRVIEW,36.0001,-87.0771
201607,105825,635293,1,0.0,N,PEYTONSVILLE,35.82,-86.78
201607,105825,635294,1,0.93,SE,GLENCLIFF,36.1106,-86.6881
201607,105825,635295,1,0.94,SSW,WEST END HGTS,36.2068,-86.3238
201607,105825,652244,1,2.37,ENE,CALLE,35.8406,-86.8298
201607,106440,639000,1,0.14,ENE,TANGLEWOOD,36.2806,-85.9775
201607,106440,639002,1,0.91,WNW,RED HILL,35.4547,-86.065
201607,106441,639117,1,0.0,N,ALLARDT,36.38,-84.88
201607,106441,639120,1,0.32,ENE,HOLLADAY,36.1525,-85.5252
201607,106441,639120,2,1.52,NW,COOKEVILLE,36.1855,-85.5195
201607,106441,639120,3,0.97,SSE,COOKEVILLE ARPT,36.187,-85.4736
201607,106441,639120,4,1.7,SE,COOKEVILLE,36.1507,-85.4811
201607,106441,639122,1,0.0,N,COOKEVILLE,36.17,-85.5
201607,105744,634864,1,0.0,N,NASHVILLE,36.17,-86.78
201607,105744,634865,1,0.81,NNE,LAGUARDO,36.3112,-86.4453
201607,105744,634942,1,1.76,ENE,THE HERMITAGE,36.2293,-86.5907
201607,105744,634942,2,0.4,SSE,COUCHVILLE,36.0944,-86.5485
201607,105744,634942,3,3.26,SE,WRENCOE,35.9925,-86.6526
201607,105744,634942,4,1.02,N,BRENTWOOD,36.0447,-86.7797
201607,105744,634942,5,1.65,NNE,LINTON,36.0534,-87.0138
201607,105744,634942,6,0.74,WNW,FOREST GROVE,36.3735,-86.8926
201607,105744,634942,7,2.57,WSW,IVY PT,36.3427,-86.8253
201607,105744,634942,8,0.69,SE,BAKERS,36.3722,-86.7623
201607,105744,634949,1,1.51,W,MILLERSVILLE,36.3743,-86.7266
201607,105744,635037,1,0.0,N,BRUSH CREEK,36.12,-86.03
201607,105744,635038,1,1.27,SSW,DALE HOLLOW,36.5321,-85.4552
201607,105825,635070,1,0.89,SE,COOKEVILLE,36.16,-85.49
201607,105825,635071,1,0.0,N,MC MINNVILLE,35.68,-85.78
201607,105825,635135,1,0.0,N,BOOM,36.52,-85.17
201607,105825,635203,1,1.33,SW,LINTON,36.0158,-87.0361
201607,105825,635227,1,0.0,N,WAVERLY,36.08,-87.8
201607,105825,635297,1,0.44,NNE,CORNERSVILLE,35.376,-86.8473
201607,105825,635298,1,0.79,SSE,WEST END HGTS,36.2096,-86.314
201607,105825,635300,1,0.97,NNE,LEBANON ARPT,36.1932,-86.3139
201607,106441,639125,1,0.0,N,FARMINGTON,35.5,-86.72
201607,106441,639126,1,0.0,N,FARMINGTON,35.5,-86.72
201607,106441,639129,1,1.66,ENE,COOKEVILLE,36.1766,-85.4713
201607,106442,639009,1,2.49,WNW,PULASKI,35.2122,-87.0615
201607,106442,639009,2,0.81,WSW,PULASKI,35.1975,-87.034
201607,106445,639154,1,0.0,N,SHELBYVILLE,35.48,-86.47
201607,106444,639156,1,1.55,SSE,RICHLAND,36.1289,-86.8706
201607,106444,639156,2,0.91,NNE,RICHLAND,36.1628,-86.8765
201607,105741,634280,1,0.87,NNW,WALLING,35.8119,-85.6051
201607,105741,649394,1,0.61,NW,SPARTA,35.9373,-85.4762
201607,105744,634866,1,0.0,N,CASTALIAN SPGS,36.4,-86.32
201607,105744,634869,1,0.59,NNW,TULIP GROVE,36.2071,-86.6057
201607,105744,634950,1,0.11,NW,GLENCLIFF,36.1212,-86.7014
201607,105744,634952,1,2.76,W,LAGUARDO,36.3023,-86.4996
201607,105744,635039,1,0.0,N,CARTHAGE,36.25,-85.93
201607,105744,635041,1,3.3,NNW,ROME,36.3133,-86.0953
201607,105825,635136,1,0.0,N,ALPINE,36.4,-85.22
201607,105825,635137,1,0.0,N,COOKEVILLE,36.17,-85.5
201607,105825,635138,1,0.0,N,QUEBECK,35.82,-85.57
201607,105825,635229,1,1.09,NNW,TWO CHESNUT,36.4647,-86.6273
201607,105825,635233,1,0.0,N,LYLES,35.92,-87.37
201607,105825,635236,1,0.0,N,GALLATIN,36.4,-86.45
201607,105825,635302,1,0.72,N,MALLORYS,35.9604,-86.7989
201607,105825,635305,1,0.0,N,SPRING HILL,35.75,-86.93
201607,105825,635306,1,0.0,N,LAFAYETTE,36.52,-86.03
201607,108943,652609,1,0.58,W,DEFEATED,36.3199,-85.9105
201607,106443,639135,1,5.13,NNE,MALLORYS,36.0181,-86.7633
201607,106443,639135,2,4.16,NNE,MALLORYS,36.0084,-86.7814
201607,106443,639139,1,2.57,WSW,LAGUARDO,36.2849,-86.4922
201607,106443,639140,1,0.08,N,BRUSH CREEK,36.1211,-86.0298
201607,106440,638983,1,0.0,N,ADAMS,36.58,-87.07
201607,105741,634281,1,0.0,N,CROSSVILLE,35.95,-85.03
201607,105741,634282,1,0.25,NW,(CSV)CROSSVILLE MEM,35.952,-85.0837
201607,105742,634283,1,0.0,N,SPRINGFIELD,36.5,-86.88
201607,105742,634284,1,1.87,SSW,GREENLAWN,36.2261,-86.586
201607,105742,634285,1,1.37,NNE,TULIP GROVE,36.2175,-86.5884
201607,105742,634287,1,2.58,NNE,SILVER BOTTOM,36.2612,-86.4946
201607,105742,634288,1,1.2,NE,TEMPLOW,36.4414,-86.2137
201607,105744,634872,1,0.0,N,HARTSVILLE,36.4,-86.17
201607,105744,634877,1,1.45,NNW,BERRY HILL,36.1382,-86.7831
201607,105744,634954,1,0.98,N,CAIRO BEND,36.2439,-86.3966
201607,105744,634957,1,1.12,SW,GREENLAWN,36.2408,-86.5865
201607,105744,634957,2,2.3,N,OAKLAND,36.3031,-86.3547
201607,105744,634957,3,2.97,N,BELLWOOD,36.2929,-86.147
201607,105744,634957,4,1.33,E,PROSPERITY,35.9779,-86.0463
201607,105744,634957,5,3.1,WNW,CAINSVILLE,35.9884,-86.3006
201607,105744,634957,6,0.64,SW,SUGGS CREEK,36.1136,-86.5084
201607,105744,635042,1,2.05,SSW,LIVINGSTON,36.3512,-85.3292
201607,105744,635043,1,0.0,N,COOKEVILLE,36.17,-85.5
201607,105825,635139,1,2.53,S,THARPE,36.5338,-87.9262
201607,105825,635140,1,2.4,ESE,FT HENRY,36.4629,-87.9824
201607,105825,635238,1,2.7,W,BAGGETTSVILLE,36.4782,-86.7686
201607,105825,635242,1,1.89,NE,GREENLAWN,36.2703,-86.5472
201607,105825,635307,1,0.0,N,SPRING HILL,35.75,-86.93
201607,105825,635310,1,0.54,S,LEBANON,36.2123,-86.301
201607,105825,635313,1,3.44,N,MALLORYS,35.9992,-86.8092
201607,106443,639142,1,2.86,W,DISMAL,36.0309,-86.0212
201607,106443,639143,1,2.86,ESE,CLARKSVILLE,36.5206,-87.2998
201607,106443,639144,1,1.06,SSE,STONE RIVER,36.1668,-86.5903
201607,106443,639145,1,1.53,NNW,EXCELL,36.5008,-87.2794
201607,106443,639148,1,0.55,WNW,BURT,35.7741,-86.1383
201607,106443,639150,1,2.32,W,RICHLAND,36.1558,-86.9209
201607,106443,639152,1,0.0,N,GALLATIN,36.4,-86.45
201607,105744,634939,1,0.55,W,BIG ROCK,36.58,-87.76
201607,105744,634939,2,1.0,W,BIG ROCK,36.5803,-87.7681
201607,105744,634939,3,1.17,W,BIG ROCK,36.5768,-87.7707
201607,105744,634939,4,0.57,WSW,BIG ROCK,36.5769,-87.7595
201607,105742,634293,1,0.0,N,CARTHAGE,36.25,-85.93
201607,105742,634296,1,0.59,NNW,TULIP GROVE,36.2073,-86.6055
201607,105742,634297,1,0.0,N,CELINA,36.55,-85.5
201607,105742,634299,1,0.0,N,WHITLEYVILLE,36.45,-85.67
201607,105742,634301,1,0.0,N,PEA RIDGE STORE,36.6,-85.43
201607,105742,634302,1,0.0,N,GAINESBORO,36.35,-85.65
201607,105742,634303,1,1.03,NNE,SUNSET,36.5442,-85.1643
201607,105744,634880,1,2.13,SE,OAKLAND,36.2527,-86.3182
201607,105744,634886,1,0.0,N,LAFAYETTE,36.52,-86.03
201607,105744,634965,1,1.27,WSW,CASTALIAN SPGS,36.3921,-86.3407
201607,105744,634967,1,1.6,SE,CLARKSVILLE,36.516,-87.327
201607,105744,635044,1,1.51,NNE,TAYLORS XRDS,36.5183,-85.2352
201607,105744,635045,1,2.43,NNE,BANNER SPGS,36.2836,-84.917
201607,105825,635141,1,1.09,SSW,FAULKNER SPGS,35.7057,-85.7782
201607,105825,635141,2,0.98,ENE,MC MINNVILLE,35.6869,-85.7648
201607,105825,635143,1,1.36,WSW,THROCKMORTON,36.4202,-87.6512
201607,105825,635244,1,0.0,N,ROCK BRIDGE,36.52,-86.38
201607,105825,635247,1,1.95,NE,GREENLAWN,36.2714,-86.547
201607,105825,635315,1,2.39,E,SPRING HILL,35.7511,-86.8874
201607,105825,635316,1,1.76,WNW,ROCK SPGS,35.9566,-86.5803
201607,105825,635317,1,1.0,E,LAFAYETTE,36.52,-86.012
201607,106443,652622,1,3.0,NNE,SUGGS CREEK,36.1617,-86.4852
201607,105744,634933,1,1.25,WSW,MITCHELLVILLE,36.6256,-86.5519
201607,105744,634933,2,2.22,NNE,PLEASANT GROVE,36.63,-86.2158
201607,105744,634933,3,0.45,NNE,CHIPMAN,36.4559,-86.2767
201607,105744,634933,4,2.32,SE,CASTALIAN SPGS,36.3765,-86.2901
201607,105744,634933,5,0.46,SW,ROCKLAND,36.2954,-86.6361
201607,105744,634933,6,0.9,SSE,WHITE HILL,36.4078,-86.6746
201607,105742,634304,1,1.33,ESE,OGLESBY,36.0444,-86.7073
201607,105744,634832,1,0.47,WSW,LEBANON,36.2178,-86.308
201607,105744,634833,1,1.02,NNW,LEBANON ARPT,36.194,-86.326
201607,105744,634887,1,0.8,SSE,WEST END HGTS,36.2087,-86.3168
201607,105744,634889,1,0.0,N,LEBANON,36.22,-86.3
201607,105744,634972,1,0.95,N,GREENBRIER,36.4437,-86.7981
201607,105744,634973,1,3.74,W,FT CAMPBELL,36.6256,-87.5372
201607,105744,635046,1,0.87,N,BELK,35.8425,-85.6995
201607,105744,635048,1,1.1,WSW,YATESTON,35.8728,-85.5975
201607,105825,635144,1,2.64,ENE,STRINGTOWN,36.5002,-87.5297
201607,105825,635145,1,0.0,N,DEFEATED,36.32,-85.9
201607,105825,635167,1,0.0,N,CLARKSVILLE,36.53,-87.35
201607,105825,635249,1,0.45,SSE,GREENLAWN,36.2441,-86.5665
201607,105825,635251,1,0.58,NNW,TULIP GROVE,36.2071,-86.6056
201607,105825,635319,1,0.0,N,LEBANON,36.22,-86.3
201607,105825,635321,1,2.5,NNE,PARK STATION,35.5641,-86.9153
201607,108949,652707,1,1.63,ESE,STEWART,36.3093,-87.8039
201607,108949,652708,1,0.44,SW,KENWOOD,36.5761,-87.4063
201607,108949,652708,2,0.34,SW,KENWOOD,36.5766,-87.4044
201607,108949,652708,3,0.36,SW,KENWOOD,36.5761,-87.4042
201607,108949,652708,4,0.45,SW,KENWOOD,36.5756,-87.4061
201607,108949,652709,1,3.01,S,TENNESSEE RIDGE,36.2771,-87.7601
201607,108949,652992,1,1.42,S,STRINGTOWN,36.4596,-87.573
201607,109008,653000,1,1.67,NE,PLEASANT GROVE,36.6199,-86.213
201607,109008,653000,2,2.22,E,CHIPMAN,36.4557,-86.2408
201607,109008,653000,3,0.45,NE,CHIPMAN,36.4538,-86.2734
201607,109008,653000,4,2.14,ENE,TROUSDALE,36.413,-86.3651
201607,109008,653000,5,1.54,NNW,GALLATIN,36.4213,-86.4583
201607,109008,653002,1,1.67,WSW,ROCKY MOUND,36.5929,-86.2087
201607,109008,653002,2,1.35,N,DAYS XRDS,36.5395,-85.981
201607,109008,653002,3,2.24,ESE,HILLSDALE,36.4352,-86.0341
201607,109008,653002,4,1.87,SSE,GREEN GROVE,36.4456,-86.1654
201607,109008,653002,5,1.06,NNW,GREEN GROVE,36.4833,-86.1896
201607,109008,653002,6,2.68,WNW,GREEN GROVE,36.4869,-86.2235
201607,109008,653002,7,2.41,W,EULIA,36.5147,-86.2129
201607,105744,634834,1,1.6,E,OAKLAND,36.2721,-86.3214
201607,105744,634835,1,0.0,N,DOVER,36.48,-87.83
201607,105744,634890,1,2.61,W,RIDDLETON,36.3186,-86.0669
201607,105744,634892,1,0.73,NNE,TUCKERS XRDS,36.2093,-86.1737
201607,105744,634975,1,1.92,WNW,CROSS RD,36.6333,-86.2003
201607,105744,634975,2,0.37,NNW,UNDERWOOD,36.6253,-85.9813
201607,105744,634975,3,1.19,SE,HILLSDALE,36.4387,-86.0539
201607,105744,634975,4,1.66,SSE,GREEN GROVE,36.4496,-86.1643
201607,105744,634975,5,1.16,NNW,GREEN GROVE,36.4861,-86.1859
201607,105744,634975,6,2.34,WNW,GREEN GROVE,36.4888,-86.215
201607,105744,634979,1,0.54,WNW,EWINGVILLE,35.9221,-86.8793
201607,106440,638982,1,7.02,SSW,CARLISLE,36.3402,-87.8291
201607,105744,635049,1,0.0,N,ALLARDT,36.38,-84.88
201607,105744,635051,1,0.63,S,MT PISGAH,35.8409,-85.5986
201607,105825,635168,1,0.0,N,DICKSON,36.08,-87.38
201607,105825,635169,1,0.75,SSW,GLENWYLDE,36.2909,-87.3574
201607,105825,635254,1,0.56,ENE,PROVIDENCE,36.0827,-86.7105
201607,105825,635255,1,0.78,S,GREENLAWN,36.2388,-86.5711
201607,105825,635322,1,0.0,NNW,ROME,36.27,-86.07
201607,105825,635323,1,0.0,N,MURFREESBORO,35.85,-86.42
201607,105825,635324,1,1.11,SSW,WATERTOWN,36.0858,-86.1392
201607,108949,652996,1,0.59,NE,GRAYS CROSSING,36.3355,-87.742
201607,108949,652996,2,1.52,SSE,GRAYS CROSSING,36.3091,-87.7416
201607,108949,652996,3,1.96,ESE,ERIN,36.3086,-87.6678
201607,108949,652996,4,2.01,ENE,ERIN,36.3306,-87.6664
201607,108949,652997,1,1.11,SW,TENNESSEE RIDGE,36.3087,-87.7842
201607,108949,652998,1,3.01,S,TENNESSEE RIDGE,36.2771,-87.7601
201607,108949,652999,1,2.73,W,BRIARWOOD,36.5176,-87.429
201607,109008,653004,1,2.81,NNW,OAKLAND,36.305,-86.3755
201607,109008,653004,2,2.65,NNE,BELLWOOD,36.2873,-86.1389
201607,109008,653004,3,2.5,SSE,BELLWOOD,36.2199,-86.1252
201607,109008,653004,4,0.81,NNE,CAIRO BEND,36.2407,-86.394
201607,109008,653005,1,1.83,NW,PLEASANT SHADE,36.4014,-85.9694
201607,109008,653005,2,2.27,W,CARTWRIGHT,36.4017,-85.9109
201607,109008,653005,3,1.37,SSE,RIDDLETON,36.3024,-86.0087
201607,109008,653005,4,2.91,W,RIDDLETON,36.3165,-86.072
201607,106440,639004,1,1.45,SSE,LEEVILLE,36.1825,-86.4058
201607,105744,634836,1,2.9,W,DOVER,36.4817,-87.8822
201607,105744,634837,1,0.45,E,TUCKERS XRDS,36.1992,-86.172
201607,105744,634895,1,2.01,NNE,CRAIGFIELD,35.9485,-87.1728
201607,105744,634896,1,0.0,N,CROSSVILLE,35.95,-85.03
201607,105744,634986,1,1.13,NE,ROCK BRIDGE,36.5331,-86.3678
201607,105744,634997,1,1.17,NE,MUDSINK,35.9332,-86.8068
201607,105744,634997,2,0.45,NE,MUDSINK,35.9239,-86.8135
201607,105744,634997,3,0.37,N,MUDSINK,35.9253,-86.8191
201607,105744,634997,4,1.22,NNE,MUDSINK,35.9372,-86.8153
201607,105744,634997,5,1.13,SW,MALLORYS,35.9378,-86.8135
201607,105744,635053,1,0.54,NNE,QUEBECK,35.8276,-85.5676
201607,105744,635055,1,0.0,N,SPARTA,35.93,-85.47
201607,105825,635170,1,0.0,N,FOX BLUFF,36.32,-87.17
201607,105825,635171,1,3.08,ESE,BAKERSWORKS,36.0615,-87.2198
201607,105825,635257,1,3.91,NE,MALLORYS,35.9906,-86.7512
201607,105825,635259,1,1.2,NNW,SILVER BOTTOM,36.2464,-86.5271
201607,105825,635325,1,0.0,WNW,RIDDLETON,36.32,-86.02
201607,105825,635327,1,0.44,SSE,NEW MIDDLETON,36.1739,-86.0181
201607,105825,635329,1,0.0,N,UNIONVILLE,35.62,-86.6
201607,105744,634838,1,1.77,NW,FLAT ROCK,36.2512,-86.1181
201607,105744,634839,1,0.17,ESE,BRANSFORD,36.4989,-86.2774
201607,105744,634897,1,1.08,WSW,LEANNA,35.9246,-86.4682
201607,105744,634898,1,1.84,NNW,LEIPERS FORK,35.9239,-87.0143
201607,105744,634998,1,1.29,ENE,SPRINGFIELD MUNI ARP,36.5385,-86.8993
201607,105744,635002,1,3.42,WNW,BARREN PLAIN,36.6123,-86.9798
201607,105744,635057,1,1.13,ENE,PINE HAVEN,36.4545,-84.9104
201607,105744,635059,1,0.92,WNW,CRESTON,36.027,-85.084
201607,105825,635172,1,0.0,N,CHAPMANSBORO,36.35,-87.17
201607,105825,635173,1,1.08,WNW,NEW HOPE,36.0236,-87.1688
201607,105825,635174,1,2.31,W,BAGGETTSVILLE,36.4758,-86.7612
201607,105825,635261,1,0.43,ESE,GREENLAWN,36.2473,-86.5631
201607,105825,635262,1,0.38,E,GREEN HILL,36.2294,-86.5432
201607,105825,635331,1,1.82,W,CORNERSVILLE,35.3728,-86.8822
201607,105825,635332,1,0.0,N,LEWISBURG,35.45,-86.8
201607,105825,635333,1,1.27,WNW,CENTER GROVE,36.2798,-85.6193
201607,105744,634840,1,2.67,SSW,DIXON SPGS,36.335,-86.0904
201607,105744,634841,1,0.0,N,RIDDLETON,36.32,-86.02
201607,105744,634900,1,0.0,N,PHILADELPHIA,36.23,-85.67
201607,105744,634902,1,0.0,N,CENTER GROVE,36.27,-85.6
201607,105744,635007,1,1.61,SE,NEW HOPE,36.0023,-87.1312
201607,105744,635012,1,0.78,NE,BARFIELD,35.7884,-86.4407
201607,105744,635060,1,1.41,E,OAKLAND,36.2681,-86.3248
201607,105744,651015,1,1.48,SW,LEIPERS FORK,35.8852,-87.0191
201607,105825,635175,1,0.08,SSE,CROSS PLAINS,36.5488,-86.6997
201607,105825,635176,1,0.0,N,WHITE HOUSE,36.47,-86.66
201607,105825,635263,1,1.14,S,STONE RIVER,36.1637,-86.5975
201607,105825,635265,1,1.56,SE,NASHVILLE CORNELIA F,36.1635,-86.6809
201607,105825,635266,1,0.21,NW,PARAGON MILL,36.0825,-86.7023
201607,105825,635334,1,3.33,WNW,COOKEVILLE ARPT,36.2265,-85.5299
201607,105825,635336,1,1.47,NNW,IVY BLUFF,35.6897,-86.0601
201607,105825,635337,1,0.0,N,COOKEVILLE,36.17,-85.5
201607,106440,638985,1,1.33,SE,NUNNELLY,35.856,-87.4637
201607,106443,639141,1,0.0,N,GAINESBORO,36.35,-85.65
201607,106443,639149,1,2.42,NE,SHOP SPGS,36.15,-86.1845
201611,112000,667876,1,1.15,SW,TULLAHOMA,35.3584,-86.2447
201611,112000,667876,2,0.77,SSE,MOUNTAIN VIEW,35.4399,-86.1441
201611,112000,667882,1,0.65,SE,MONTEAGLE,35.2448,-85.8205
201607,105744,634842,1,0.13,W,KENWOOD,36.5801,-87.4023
201607,105744,634844,1,0.0,N,LAFAYETTE,36.52,-86.03
201607,105744,634904,1,0.0,N,SPRING HILL,35.75,-86.93
201607,105744,634906,1,1.0,WNW,BETHESDA,35.7749,-86.8168
201607,105744,635014,1,1.68,WSW,DODDSVILLE,36.3385,-87.2567
201607,105744,635014,2,1.0,ENE,OAKPLAIN,36.4241,-87.1128
201607,105744,635014,3,1.3,WSW,PINNACLE,36.3428,-86.9516
201607,105744,635014,4,3.02,S,PEGRAM,36.0564,-87.0539
201607,105744,635014,5,2.69,SSW,CRAGGIE HOPE,36.0622,-87.1616
201607,105744,635014,6,1.53,SE,CHEAP HILL,36.3123,-87.1335
201607,105744,635016,1,1.36,ESE,BUMPUS MILLS,36.5892,-87.7994
201607,106440,638996,1,0.0,N,JOELTON,36.32,-86.87
201607,105744,651149,1,1.74,E,CLARKSVILLE ARPT,36.62,-87.3887
201607,105744,651408,1,1.27,WSW,CASTALIAN SPGS,36.3921,-86.3406
201607,105825,635177,1,0.7,N,CORINTH,36.5901,-86.4287
201607,105825,635178,1,2.37,ESE,BON AQUA,35.9344,-87.2922
201607,105825,635180,1,0.91,SW,FOUNTAIN HEAD,36.5414,-86.5125
201607,105825,635268,1,0.93,SE,GLENCLIFF,36.1106,-86.6881
201607,105825,635271,1,0.38,W,BERRYS CHAPEL,35.9692,-86.8868
201607,105825,635339,1,4.42,NNW,COOKEVILLE ARPT,36.2549,-85.5208
201607,105825,635341,1,2.15,SSW,HILHAM,36.3903,-85.4413
201607,105744,634846,1,0.0,N,CUMBERLAND FURNACE,36.27,-87.37
201607,105744,634850,1,0.0,N,GREENBRIER,36.43,-86.8
201607,105744,634908,1,0.0,N,NEW DEAL,36.52,-86.57
201607,105744,634912,1,1.84,ENE,HENDERSONVILLE,36.2932,-86.5913
201607,105744,635018,1,1.82,NNW,MAPLEWOOD,36.2549,-86.7307
201607,105744,635022,1,0.0,N,CEDAR HILL,36.55,-87.0
201607,105744,651412,1,0.52,S,MAPLEWOOD,36.2224,-86.7205
201607,105744,651413,1,1.74,ENE,STONE RIVER,36.1897,-86.5713
201607,105825,635183,1,3.76,NNW,FOREST HOME,36.029,-86.9593
201607,105825,635184,1,0.0,N,GOODLETTSVILLE,36.32,-86.72
201607,105825,635273,1,2.15,WSW,LAGUARDO,36.2854,-86.484
201607,105825,635275,1,0.0,N,SILOAM,36.55,-86.22
201607,105825,635342,1,0.2,N,MORRISON,35.6028,-85.9195
201607,105825,635343,1,0.0,N,MANCHESTER,35.48,-86.08
201607,105744,634851,1,1.41,SW,DICKSON,36.0679,-87.4004
201607,105744,634853,1,1.56,SSE,ORLINDA,36.5782,-86.713
201607,105744,634916,1,2.4,E,BERRYS CHAPEL,35.9721,-86.8371
201607,105744,634925,1,0.55,N,ASHLAND CITY,36.288,-87.0696
201607,105744,635024,1,0.31,ENE,PORTLAND,36.5809,-86.5145
201607,105744,635027,1,0.0,N,WESTMORELAND,36.57,-86.25
201607,105744,651417,1,2.21,NE,GREENLAWN,36.276,-86.547
201607,105744,651418,1,0.91,SSE,SAUNDERSVILLE,36.3189,-86.5612
201607,105825,635185,1,2.33,SE,BAKERS,36.3609,-86.7355
201607,105825,635186,1,1.65,SSE,MILLERSVILLE,36.3497,-86.6844
201607,105825,635276,1,2.84,NE,MALLORYS,35.9816,-86.7673
201607,105825,635277,1,2.39,NW,BRENTWOOD,36.0575,-86.8059
201607,105825,635278,1,0.45,ENE,BELLEVUE,36.0719,-86.9224
201607,105825,635345,1,1.2,N,TODD TOWN,35.8974,-85.219
201607,105825,635347,1,0.0,N,OLD HICKORY,36.26,-86.65
201607,105744,634854,1,0.56,E,ASHLAND CITY,36.28,-87.06
201607,105744,634855,1,0.23,SSE,LILLAMAY,36.2271,-87.0477
201607,105744,634927,1,2.5,SSE,BORDEAUX,36.1663,-86.8338
201607,105744,634928,1,0.0,N,NASHVILLE,36.17,-86.78
201607,105744,635028,1,1.31,ENE,HENDERSONVILLE,36.29,-86.6
201607,105744,635030,1,0.0,N,LAFAYETTE,36.52,-86.03
201607,105744,651429,1,2.13,WNW,TEMPLOW,36.4461,-86.2627
201607,105744,651429,2,5.18,NE,CATO,36.4221,-85.983
201607,105744,651429,3,1.39,SE,PROVIDENCE,36.3151,-86.1332
201607,105744,651429,4,0.91,NNE,ANTIOCH,36.3624,-86.2645
201607,105744,651444,1,0.29,W,CROSS PLAINS,36.5499,-86.7053
201607,105744,651444,2,0.09,SE,CROSS PLAINS,36.549,-86.699
201607,105744,651444,3,1.9,WSW,JERNIGAN TOWN,36.5074,-86.7105
201607,105744,651444,4,1.8,ESE,EDEN CORNER,36.509,-86.7207
201607,105825,635188,1,1.28,WNW,HIGHLAND ACADEMY,36.5285,-86.5206
201607,105825,635189,1,2.19,NNW,OAK HILL,36.1292,-86.8355
201607,105825,635190,1,1.31,S,FAIRVIEW,35.9611,-87.1224
201607,105825,635279,1,2.34,SSW,SILVER SPGS,36.1706,-86.4709
201607,105825,635280,1,2.48,NE,OAKLAND,36.2968,-86.3203
201607,105825,635282,1,0.75,NNE,EWINGVILLE,35.93,-86.8646
201607,105825,635350,1,1.2,NNE,THE HERMITAGE,36.2346,-86.6085
201607,105825,635351,1,1.36,SE,LEBANON,36.2055,-86.2836
201607,105825,635354,1,0.0,N,LEBANON,36.22,-86.3
201607,108943,652608,1,1.44,SSW,DEFEATED,36.3006,-85.9097
201611,112000,667878,1,0.6,NNW,RED HILL,35.4572,-86.0559
201611,112000,667878,2,1.11,SE,RAGSDALE,35.4882,-86.0065
201607,105744,634857,1,0.0,N,CROSS PLAINS,36.55,-86.7
201607,105744,634859,1,0.0,N,PORTLAND,36.58,-86.52
201607,105744,634931,1,0.0,N,COOKEVILLE,36.17,-85.5
201607,105744,634935,1,0.0,N,RICKMAN,36.27,-85.37
201607,105744,635031,1,0.39,SSW,LEBANON,36.2151,-86.3037
201607,105744,635032,1,0.0,SE,HARTSVILLE,36.4,-86.17
201607,105744,651465,1,0.65,SE,WEST END HGTS,36.2135,-86.3115
201607,105744,651476,1,0.0,N,RINNIE,36.15,-85.03
201607,105825,635194,1,1.42,SSW,INGLEWOOD,36.1999,-86.7352
201607,105825,635196,1,0.82,SSE,MAPLEWOOD,36.2195,-86.7133
201607,105825,635198,1,0.0,N,INGLEWOOD,36.22,-86.73
201607,105825,635285,1,0.62,WSW,WOODBINE,36.1162,-86.73
201607,105825,635288,1,0.41,W,HUNTERS PT,36.2993,-86.2773
201607,105825,651741,1,1.3,WNW,NEW HAVEN,36.5067,-87.822
201607,105825,651802,1,1.45,E,KINGSTON SPGS,36.0959,-87.0945
201607,106440,638992,1,1.2,WNW,FT HENRY,36.4871,-88.0397
201611,112000,667884,1,0.75,NNW,WHITE CITY,35.2606,-85.723
201611,112000,667883,1,1.25,NNE,GRUETLI,35.3853,-85.6583
201611,111998,667848,1,1.51,NNW,SHADY GROVE,36.4894,-87.1924
201611,111998,667849,1,2.34,NE,HAMPTON STATION,36.642,-87.1979
201611,111998,667850,1,1.91,SSE,CHARLOTTE,36.1529,-87.3227
201611,111998,667851,1,1.22,NW,COOPERTOWN,36.4399,-86.9683
201607,105744,634860,1,0.0,N,HENDERSONVILLE,36.28,-86.62
201607,105744,634861,1,0.0,N,LAKEWOOD,36.25,-86.63
201607,105744,634937,1,2.65,NNE,SADLERSVILLE,36.6363,-87.1047
201607,105744,634937,2,1.06,NW,BLACK JACK,36.6418,-86.5822
201607,105744,634937,3,3.49,S,BAGGETTSVILLE,36.4303,-86.7088
201607,105744,634937,4,3.66,SSW,COOPERTOWN,36.3818,-86.9775
201607,105744,634937,5,1.21,SSE,STROUDSVILLE,36.4638,-87.1114
201607,105744,634946,1,1.49,NE,NASHVILLE,36.1859,-86.7619
201607,105744,635033,1,0.0,N,LEBANON,36.22,-86.3
201607,105744,635034,1,0.0,N,RIDDLETON,36.32,-86.02
201607,105825,635061,1,0.0,N,MUDDY POND,36.22,-85.1
201607,105825,635062,1,0.85,ESE,CARTHAGE JCT,36.1675,-85.9052
201607,105825,635199,1,2.04,ESE,RICHLAND,36.143,-86.8444
201607,105825,635200,1,0.42,ENE,SAUNDERSVILLE,36.3313,-86.5626
201607,105825,635289,1,0.0,N,PLEASANT SHADE,36.38,-85.95
201607,105825,635290,1,0.64,NW,CORNERSVILLE,35.3763,-86.8583
201607,105825,635291,1,1.06,W,MAPLE GROVE,36.5503,-86.0991
201607,105825,651816,1,0.0,N,SPRINGFIELD,36.5,-86.88
201607,105825,651831,1,3.74,NW,NOLENSVILLE,35.9847,-86.7313
201611,111998,667852,1,1.29,ENE,OAK HILL,36.11,-86.8004
201611,111998,667853,1,1.09,NNE,CEDAR GROVE,36.3636,-86.44
201611,111998,667871,1,0.89,NW,GLENCLIFF,36.13,-86.71
201611,111998,667871,2,0.79,SE,WOODBINE,36.1113,-86.7108
201611,111998,667871,3,1.38,ESE,BERRY HILL,36.1099,-86.7487
201611,111998,667871,4,2.0,SE,NASHVILLE,36.1512,-86.7527
201607,105744,634862,1,0.0,N,COTTONTOWN,36.45,-86.53
201607,105744,634863,1,0.0,N,COOKEVILLE,36.17,-85.5
201607,105744,634938,1,7.68,NNW,OAKWOOD,36.6323,-87.6345
201607,105744,634938,2,5.34,ENE,BELDON,36.635,-87.1341
201607,105744,634938,3,0.44,WNW,OAK PLAINS,36.4334,-87.1767
201607,105744,634938,4,2.19,SE,MC ALLISTERS XRDS,36.3304,-87.319
201607,105744,634938,5,4.71,WSW,SHILOH,36.3487,-87.5804
201607,105744,635035,1,0.0,N,GAINESBORO,36.35,-85.65
201607,105744,635036,1,0.0,N,KEMPVILLE,36.35,-85.87
201607,105825,635063,1,2.12,SW,GRIMSLEY,36.2449,-85.0021
201607,105825,635064,1,0.0,N,LIVINGSTON,36.38,-85.32
201607,105825,635066,1,0.0,N,CLARKRANGE,36.18,-85.02
201611,110978,662327,1,1.33,ESE,GLOVER HILL,35.06,-85.63
201607,108875,652210,1,0.31,NW,TEMPLETON,36.1735,-89.2236
201607,108875,652210,2,0.08,N,TEMPLETON,36.1711,-89.2202
201611,110978,662348,1,0.57,W,CHICKAMAUGA,35.07,-85.26
201611,110978,662349,1,0.0,N,WEST KNOXVILLE,35.97,-83.95
201608,108671,650925,1,0.29,ENE,FREMONT,36.4324,-89.1956
201608,108671,650925,2,1.9,SE,FREMONT,36.4089,-89.1781
201611,110978,662328,1,0.56,E,NEW HARMONY,35.55,-85.12
201611,110978,662329,1,2.36,NNW,SNOW HILL,35.21,-85.07
201611,110978,662350,1,0.69,S,EUREKA,35.26,-84.87
201607,107248,643301,1,3.0,NW,BIG SANDY,36.2607,-88.1181
201607,107248,643301,2,2.04,NNW,BIG SANDY,36.2587,-88.0884
201611,110978,662324,1,0.69,N,PIKEVILLE,35.61,-85.2
201611,110978,662325,1,1.69,E,MORGANVILLE,35.25,-85.44
201606,105855,635102,1,0.7,NNW,HUMBOLDT ARPT,35.8092,-88.8755
201606,105855,635102,2,1.49,ENE,HUMBOLDT ARPT,35.8072,-88.8449
201606,105855,635102,3,2.07,E,HUMBOLDT ARPT,35.8021,-88.8332
201606,105855,635102,4,1.7,ESE,HUMBOLDT ARPT,35.7935,-88.8408
201606,105855,635102,5,0.2,SSW,HUMBOLDT ARPT,35.7974,-88.8715
201606,105855,635102,6,0.48,W,HUMBOLDT ARPT,35.7995,-88.8785
201606,106223,637897,1,0.76,E,SPOUT SPGS,36.4312,-89.2864
201606,106223,637899,1,3.13,WSW,WAY,36.1102,-88.0547
201606,106223,637899,2,1.63,SSW,EVA,36.0497,-88.0348
201606,106229,642958,1,0.61,N,PARSONS,35.6587,-88.128
201606,106229,642958,2,0.63,NNE,PARSONS,35.6587,-88.1264
201606,106229,642958,3,0.54,NNE,PARSONS,35.6573,-88.1267
201606,106229,642958,4,0.53,NNE,PARSONS,35.6574,-88.1278
201606,106229,642960,1,0.9,NNW,OAKLAND,35.2412,-89.5281
201606,106229,642960,2,0.77,SE,OAKLAND,35.2234,-89.5091
201611,110978,662352,1,0.89,NW,ROGERSVILLE,36.41,-83.01
201611,110978,662326,1,1.83,ESE,CONDRA,35.26,-85.44
201607,107467,644310,1,1.65,E,TIMBER LAKE,35.72,-88.3706
201607,107467,644310,2,2.09,NW,ALBERTON,35.721,-88.3567
201607,107467,644310,3,1.63,WNW,ALBERTON,35.7081,-88.3574
201607,107467,644310,4,1.83,N,LAW,35.7065,-88.3689
201611,110978,662330,1,2.36,NNE,OAK GROVE,35.26,-85.68
201611,110978,662331,1,2.36,NNW,SNOW HILL,35.21,-85.07
201611,110978,662332,1,1.49,SSW,EUREKA,35.25,-84.88
201611,110978,662351,1,0.0,N,MARYVILLE,35.75,-83.97
201611,110978,662353,1,0.69,N,BEAN STATION,36.34,-83.28
201608,108668,654625,1,5.0,W,BEMIS,35.58,-88.919
201608,108668,654625,2,2.47,SSW,MADISON HALL,35.5356,-88.8918
201606,106229,642961,1,0.24,ESE,OAKLAND,35.2287,-89.5162
201606,106229,642962,1,2.17,WNW,GERMANTOWN,35.0865,-89.8576
201606,106229,642962,2,2.19,W,GERMANTOWN,35.0856,-89.8581
201606,106229,642962,3,2.3,W,GERMANTOWN,35.0856,-89.86
201606,106229,642962,4,2.25,WNW,GERMANTOWN,35.0865,-89.8591
201606,106229,642962,5,2.23,WNW,GERMANTOWN,35.0865,-89.8587
201607,107464,644276,1,0.0,N,(MEM)MEMPHIS INTL AR,35.05,-89.98
201607,107464,644276,2,1.6,SE,OAKVILLE,35.0526,-89.9314
201611,110978,662333,1,0.0,N,ATHENS,35.45,-84.6
201611,110978,662334,1,2.15,NNE,FAIRVIEW,35.48,-84.56
201611,110978,662354,1,0.57,W,CHICKAMAUGA,35.07,-85.26
201611,110978,662356,1,0.0,N,BLOUNTVILLE,36.53,-82.33
201611,110978,662355,1,1.31,WSW,BRISTOL,36.57,-82.2
201611,110978,662335,1,2.07,N,ATHENS,35.48,-84.6
201606,105857,635109,1,6.0,E,MUNFORD,35.45,-89.7234
201606,105857,635109,2,1.76,WNW,KEELING,35.4395,-89.4589
201606,105857,635109,3,5.15,S,MASON,35.3455,-89.5482
201606,105857,635109,4,3.84,SSE,ATOKA,35.3757,-89.7652
201611,110978,662336,1,1.78,NE,FAIRVIEW,35.47,-84.55
201611,110978,662338,1,0.56,W,BENTON STATION,35.18,-84.69
201611,110978,663582,1,2.12,ESE,CARTWRIGHT,35.2534,-85.4383
201611,110978,663582,2,1.0,WSW,LEWIS CHAPEL,35.3256,-85.3369
201611,110978,662337,1,0.56,W,JENA,35.65,-84.18
201606,105857,635106,4,2.27,WSW,ARLINGTON MUNI ARPT,35.2624,-89.7041
201606,105857,635106,1,1.0,NW,ARLINGTON,35.3102,-89.6925
201606,105857,635106,2,3.16,ENE,ARLINGTON,35.309,-89.6251
201606,105857,635106,3,2.16,SE,ARLINGTON MUNI ARPT,35.2566,-89.6447
201608,108666,650910,1,1.84,WSW,MARLBOROUGH,36.092,-88.3014
201608,108666,650910,2,1.01,S,MARLBOROUGH,36.0855,-88.2724
201611,110978,662357,1,2.07,S,CLEVELAND,35.14,-84.88
201608,108666,650912,1,1.81,ESE,LIBERTY,36.0935,-88.0886
201608,108666,650912,2,1.24,SE,EVA,36.0587,-88.0027
201611,110978,662339,1,1.68,W,DANDRIDGE,36.02,-83.45
201611,110978,662340,1,0.0,N,WEST KNOXVILLE,35.97,-83.95
201611,110978,662341,1,0.56,E,CAGLE,35.47,-85.46
201611,110978,675455,1,0.57,W,CHICKAMAUGA,35.07,-85.26
201611,110978,675455,2,3.0,SW,CHICKAMAUGA,35.0393,-85.2875
201611,110978,675455,3,5.0,S,CHICKAMAUGA,34.9976,-85.25
201611,110978,675455,4,4.0,SE,CHICKAMAUGA,35.0291,-85.2
201611,110978,662342,1,0.89,SW,DUNLAP,35.37,-85.39
201608,108671,650928,1,3.7,S,EAGLE CREEK,35.8666,-87.9759
201608,108671,650928,2,4.13,S,EAGLE CREEK,35.8606,-87.9716
201611,110978,662344,1,0.89,NE,DECATUR,35.53,-84.79
201611,110978,662343,1,0.57,W,CHICKAMAUGA,35.07,-85.26
201611,110978,675456,1,1.0,N,MADISONVILLE,35.5345,-84.37
201611,110978,675456,2,2.0,NE,MADISONVILLE,35.5405,-84.3449
201611,110978,675456,3,2.0,SSE,MADISONVILLE,35.4933,-84.3564
201611,110978,675456,4,2.0,SW,MADISONVILLE,35.4995,-84.3951
201611,110978,662323,2,1.4,S,BENTON,35.1598,-84.6711
201611,110978,662323,1,1.34,S,OCOEE,35.1109,-84.7264
201611,110978,662346,1,0.89,SW,MOUNTAIN CITY,36.47,-81.81
201611,110978,662345,1,0.0,N,ATHENS,35.45,-84.6
201611,110978,662347,1,1.49,SSW,MC GHEE,35.6,-84.23
201611,110978,662286,1,1.37,E,MORGANVILLE,35.2481,-85.4459
201611,110978,662286,2,1.8,E,MORGANVILLE,35.2534,-85.4383
201608,108668,650918,1,0.0,N,BEMIS,35.58,-88.83
201608,108668,650918,2,0.62,W,PERRY,35.5817,-88.7809
201608,108668,650918,3,1.58,S,PERRY SWITCH,35.5472,-88.7774
201608,108668,650918,4,0.52,SSW,MALESUS,35.5429,-88.8331
201607,107254,643323,1,2.42,WSW,GERMANTOWN,35.0704,-89.8612
201607,107467,644308,1,1.35,ENE,ROCK SPGS,35.8045,-88.4266
201607,107467,644308,2,1.53,NNW,SCOTTS HILL,35.5409,-88.2588
201703,114118,685845,1,2.15,ENE,JORDONIA,36.2306,-86.8338
201703,114118,683824,1,2.4,ESE,WHITE OAK FLAT,36.2052,-87.181
201703,114118,683824,2,2.71,ESE,WHITE OAK FLAT,36.2059,-87.1746
201703,114118,683825,1,1.68,SW,PETWAY,36.2059,-87.1746
201703,114118,683825,2,0.86,SSW,PETWAY,36.2081,-87.1541
201703,114299,684716,1,0.0,N,TIPTONVILLE,36.38,-89.48
201703,114299,684716,2,0.78,WNW,LAKE DRIVE,36.376,-89.4618
201703,114299,684720,1,0.89,NNW,DYERSBURG,36.0425,-89.3841
201703,114299,684721,1,0.34,ENE,SOUTH FULTON,36.5011,-88.8641
201703,114299,684721,2,1.35,E,SOUTH FULTON,36.4981,-88.8458
201703,114299,684724,2,1.7,N,GREENFIELD,36.1743,-88.8046
201703,114299,684724,1,1.86,NNW,GREENFIELD,36.1752,-88.8117
201703,114299,684728,1,2.01,NE,RUTHVILLE,36.4528,-88.7776
201703,114299,684728,2,2.22,WNW,LATHAM,36.4385,-88.7585
201703,114299,684731,1,2.24,W,GILMORE,35.6774,-88.8598
201703,114299,684734,1,1.15,ENE,OAKFIELD,35.7233,-88.7798
201703,114299,684735,1,0.0,N,MC KENZIE,36.13,-88.52
201703,114299,684735,2,2.04,E,MC KENZIE,36.1271,-88.4835
201703,114118,683885,1,1.65,NNW,SANDHILL,36.0502,-86.5658
201703,114118,683885,2,2.23,N,SANDHILL,36.0622,-86.5488
201703,114118,685018,1,0.76,NE,GREENLAWN,36.2561,-86.5587
201703,114118,685294,1,3.0,W,CHAPEL HILL,35.63,-86.7534
201703,114430,686169,1,0.0,N,RIPLEY,35.73,-89.55
201703,114430,686169,2,1.84,NE,LUCKETT,35.7399,-89.4981
201703,114430,686170,1,1.28,E,LURAY,35.5775,-88.5574
201703,114430,686170,2,0.86,ENE,HURON,35.5855,-88.5162
201703,114430,686171,1,0.0,N,LEXINGTON,35.65,-88.4
201703,114430,686171,2,1.19,ENE,LEXINGTON ARPT,35.6585,-88.3617
201703,114430,686612,1,0.0,N,COVINGTON,35.57,-89.67
201703,114430,686612,2,1.01,WSW,SOLO,35.5725,-89.6155
201703,114430,686613,1,4.0,NNW,REAGAN,35.5735,-88.3772
201703,114430,686613,2,1.09,E,SHADY HILL,35.5697,-88.3006
201703,114430,686614,1,0.59,N,DARDEN,35.6385,-88.2302
201703,114430,686614,2,1.61,NE,DOLEN,35.6347,-88.1977
201703,114430,686616,1,3.39,ESE,ANTIOCH,35.5672,-89.4917
201703,114430,686616,2,4.23,E,ANTIOCH,35.5687,-89.4761
201703,114430,686618,1,0.0,N,DECATURVILLE,35.58,-88.13
201703,114430,686618,2,1.73,E,DECATURVILLE,35.5775,-88.0994
201703,114430,686619,1,1.14,S,MEDON,35.4537,-88.8832
201703,114430,686619,2,2.37,ESE,MEDON,35.4557,-88.8416
201703,114430,686621,2,2.66,E,BROWNSVILLE,35.5971,-89.2227
201703,114430,686621,1,0.0,N,BROWNSVILLE,35.6,-89.27
201703,114299,684736,1,3.86,ESE,OAKFIELD,35.6898,-88.7421
201703,114299,684738,1,1.25,WNW,BIG SANDY,36.2343,-88.1018
201703,114299,684738,2,0.0,N,BIG SANDY,36.23,-88.08
201703,114299,684740,1,0.0,N,HOLLOW ROCK,36.03,-88.28
201703,114299,684740,2,0.72,W,BRUCETON,36.0289,-88.2628
201703,114430,686622,1,0.0,N,JACKS CREEK,35.47,-88.53
201703,114430,686622,2,1.42,E,JACKS CREEK,35.4708,-88.5048
201703,114430,686623,1,1.64,SW,BOLIVAR,35.2547,-89.0222
201703,114430,686623,2,3.38,SSE,SHANDY,35.2592,-88.9371
201703,114430,686624,1,0.0,N,SWIFT,35.35,-88.15
201703,114430,686626,2,1.6,SE,ADAMSVILLE,35.217,-88.3764
201703,114430,686626,1,1.24,NNE,ADAMSVILLE,35.2469,-88.3926
201703,114430,686625,1,0.0,N,OLIVEHILL,35.27,-88.03
201703,114430,686625,2,1.07,SSE,OLIVEHILL,35.2563,-88.0211
201703,114299,684743,1,0.0,N,LEXINGTON,35.65,-88.4
201703,114299,684744,1,7.8,WSW,CROSSROAD,35.9458,-88.2724
201703,114299,684744,2,10.0,SSW,CAMDEN,35.9163,-88.1685
201703,114299,684745,1,1.06,WNW,PARSONS,35.6532,-88.1485
201703,114299,684745,2,0.43,S,PARSONS,35.6438,-88.1297
201703,114430,686157,1,0.66,WSW,OAKLAND,35.2266,-89.5309
201703,114430,686157,2,0.33,SE,OAKLAND,35.2269,-89.5155
201703,114331,685067,1,0.0,N,YUMA,35.85,-88.35
201703,114430,686159,1,1.94,SW,WHITEVILLE,35.3096,-89.1736
201703,114430,686159,2,1.21,E,WHITEVILLE,35.328,-89.1287
201703,114430,686160,1,0.0,N,TOONE,35.35,-88.97
201703,114430,686162,1,4.0,NE,PARIS,36.3409,-88.2692
201703,114430,686162,2,0.6,SSE,NOBLES,36.3617,-88.2271
201703,114430,686163,1,0.0,N,SAVANNAH,35.23,-88.25
201703,114430,686165,1,0.0,N,DYERSBURG,36.03,-89.38
201703,114299,684746,1,0.81,N,PERRYVILLE,35.6317,-88.0494
201703,114299,684746,2,0.72,ENE,PERRYVILLE,35.6241,-88.0382
201703,114299,684747,1,0.99,NNE,LURAY,35.5937,-88.5749
201703,114299,684747,2,1.44,NW,HURON,35.5932,-88.5498
201703,114430,686166,1,2.1,WSW,BIG SANDY,36.2238,-88.1169
201703,114430,686166,2,1.95,ENE,BIG SANDY,36.2444,-88.0499
201703,114430,686168,1,0.0,N,JACKSON,35.62,-88.83
201703,114430,686168,2,1.69,N,EAST UNION,35.6244,-88.7798
201703,114501,686638,1,0.61,SSW,HUNTINGDON ARPT,35.9915,-88.4729
201703,114501,686638,2,1.0,W,HUNTINGDON,36.0,-88.4379
201703,114167,687140,1,1.0,NNW,FINLEY,36.0431,-89.4875
201703,114167,687140,2,0.91,ENE,DYERSBURG,36.0361,-89.3656
201703,114299,684748,1,0.52,SW,LEXINGTON ARPT,35.6452,-88.3871
201703,114299,684748,2,0.86,SE,LEXINGTON ARPT,35.64,-88.3709
201703,114299,684751,1,1.77,ESE,AULON,35.1246,-89.9494
201703,114299,684751,2,1.9,W,WHITE STATION,35.1177,-89.9336
201703,114299,684752,1,1.74,NNE,RALEIGH,35.2245,-89.9228
201703,114299,684752,2,1.58,NE,RALEIGH,35.2154,-89.9094
201703,114331,685065,1,1.0,SW,SUGAR TREE,35.8198,-88.0626
201703,114331,685066,1,0.0,N,TREZEVANT,36.02,-88.63
201705,114822,688703,1,0.56,E,WHITWELL,35.2,-85.52
201705,114822,688704,1,3.39,E,UNION GROVE,35.08,-84.74
201705,114822,688713,1,0.56,W,CANEY BRANCH,36.05,-82.99
201705,114822,688714,1,0.56,W,CANEY BRANCH,36.05,-82.99
201705,114822,688715,1,1.31,WNW,BOONES CREEK,36.41,-82.44
201705,114822,688707,1,1.32,WSW,GLADES,35.72,-83.49
201705,114822,688708,1,0.89,NW,SEVIERVILLE ARPT,35.86,-83.54
201705,114822,688709,1,2.15,SSW,CARSON SPG,35.89,-83.28
201705,114822,688710,1,0.69,N,WHITE ROCK,35.81,-83.25
201705,114822,688711,1,2.17,SW,BRIDGEPORT,35.93,-83.15
201705,117106,704515,1,0.69,N,SOUTH CLINTON,36.09,-84.13
201705,117106,704517,1,0.56,W,FORDTOWN,36.37,-84.13
201705,117106,704518,1,0.89,SW,DUNLAP,35.37,-85.39
201705,117106,704519,1,0.0,N,WEST KNOXVILLE,35.97,-83.95
201705,114826,688730,1,0.56,E,WHITWELL,35.2,-85.52
201705,114826,688732,1,0.56,E,WHITWELL,35.2,-85.52
201705,114826,688733,1,0.56,E,WHITWELL,35.2,-85.52
201705,117106,704508,1,0.69,N,PIKEVILLE,35.61,-85.2
201705,117106,704509,1,0.56,E,ONEIDA,36.5,-84.51
201705,117106,704513,1,0.56,E,WARTBURG,36.1,-84.59
201705,117106,704514,1,0.56,E,KINGSTON,35.87,-84.51
201703,113698,680592,1,0.0,N,HIGHLAND PARK,35.8,-84.27
201703,113698,680593,1,0.56,E,WHITWELL,35.2,-85.52
201703,113698,680594,1,0.0,N,ATHENS,35.45,-84.6
201703,113698,680589,1,2.19,NW,SYLCO,35.05,-84.65
201703,113698,680590,1,0.56,E,WHITWELL,35.2,-85.52
201703,113698,680591,1,1.83,ESE,HIXON,35.14,-85.2
201707,117125,704665,1,1.11,E,OAK GROVE,36.55,-83.46
201707,117125,704666,1,0.56,W,FORDTOWN,36.37,-84.13
201705,117106,704535,1,0.0,N,DEL RIO,35.92,-83.03
201703,113698,680595,1,2.36,SSW,HIWASSEE BEACH,35.19,-84.57
201703,113698,680596,1,0.0,N,HIGHLAND PARK,35.8,-84.27
201703,113698,680598,1,0.0,N,POWELL,36.03,-84.03
201703,113698,680599,1,0.56,E,MADISONVILLE,35.52,-84.36
201703,113698,680600,1,1.68,W,PROVIDENCE,35.85,-83.81
201703,113698,680601,1,1.78,SE,CADES COVE,35.6,-83.81
201703,113698,680602,1,0.89,NE,CHILHOWEE,35.56,-84.01
201707,117121,718089,1,3.0,NE,CLEVELAND,35.2007,-84.8424
201707,117121,718089,2,3.0,NW,CLEVELAND,35.2007,-84.9176
201707,117121,718089,3,5.0,SW,CLEVELAND,35.1188,-84.9426
201707,117121,718089,4,5.0,SE,CLEVELAND,35.1188,-84.8174
201703,113702,680607,1,0.89,SE,CATES XRDS,35.97,-83.56
201703,113698,723803,1,0.0,N,CLEVELAND,35.17,-84.88
201703,113698,723804,1,4.0,NW,CLEVELAND,35.2109,-84.9301
201703,113698,723805,1,2.0,WNW,CLEVELAND,35.1811,-84.9127
201703,112936,674763,1,1.33,ESE,GLOVER HILL,35.06,-85.63
201703,112936,674764,1,0.56,E,WHITWELL,35.2,-85.52
201703,112936,674765,1,0.69,N,PIKEVILLE,35.61,-85.2
201703,112936,674766,1,0.0,N,EAST CHATTANOOGA,35.07,-85.23
201703,113698,680578,1,0.56,E,LAWNVILLE,35.87,-84.44
201705,114689,687928,1,0.56,W,FORDTOWN,36.37,-84.13
201705,114690,687942,1,0.89,NE,CLEVELAND,35.18,-84.87
201707,117121,704617,1,0.57,E,SIGNAL MTN,35.13,-85.34
201707,117121,704619,1,0.89,NE,CLEVELAND,35.18,-84.87
201707,117121,704622,1,0.0,N,HALLS XRDS,36.08,-83.93
201707,117121,704625,1,0.89,NE,BELLVIEW,35.76,-85.17
201707,117121,704630,1,1.78,NE,TIPTOP,35.65,-85.2
201707,117124,704635,1,1.38,S,COLD SPG,35.65,-85.15
201707,117125,704664,1,0.0,N,WEST KNOXVILLE,35.97,-83.95
201707,117125,704668,1,2.17,NE,ROYAL BLUE,36.4,-84.22
201707,117125,704669,1,1.31,ESE,IRWIN,36.32,-83.81
201707,117125,704670,1,1.31,ESE,IRWIN,36.32,-83.81
201707,117125,704671,1,1.31,ESE,IRWIN,36.32,-83.81
201707,117125,704673,1,1.31,ESE,IRWIN,36.32,-83.81
201705,115756,695770,1,1.38,N,LIGHTFOOT,35.7699,-89.6487
201705,115756,695770,2,1.6,NNE,LIGHTFOOT,35.7719,-89.6405
201705,115756,695771,1,0.44,NNE,GATES,35.8354,-89.4157
201705,115756,695771,2,1.39,ENE,GATES,35.8397,-89.3983
201705,117106,704520,1,0.69,S,NORWOOD,35.97,-83.98
201705,117106,704521,1,0.89,NW,LOUDON,35.74,-84.36
201705,117106,704524,1,0.0,N,ATHENS,35.45,-84.6
201705,117106,704527,1,0.0,N,MARYVILLE,35.75,-83.97
201705,117106,704529,1,1.31,WSW,RUTLEDGE,36.27,-83.52
201705,117106,704532,1,0.89,SW,NORTHPORT,35.96,-83.19
201705,117106,704536,1,0.56,W,STAUNTON MILL,36.13,-82.86
201705,114690,687943,1,0.89,SE,MORGANTOWN,35.49,-85.01
201705,114690,687944,1,0.0,N,ROCKWOOD,35.87,-84.68
201707,117128,704676,1,0.56,W,DYLLIS,35.97,-84.38
201707,117130,704680,1,0.57,E,SIGNAL MTN,35.13,-85.34
201705,114814,688650,1,0.89,SW,DECHERD,35.21,-86.09
201703,113698,680586,1,0.56,E,KINGSTON,35.87,-84.51
201703,113698,680587,1,0.56,E,WHITWELL,35.2,-85.52
201703,113698,680588,1,0.89,SW,DUNLAP,35.37,-85.39
201703,113698,680579,1,0.56,E,KINGSTON,35.87,-84.51
201703,113698,680580,1,1.12,W,LAWNVILLE,35.87,-84.47
201703,113698,680581,1,0.89,NW,LOUDON,35.74,-84.36
201703,113698,680582,1,1.83,WNW,SALEM,35.33,-85.06
201703,113698,680583,1,2.34,WSW,DIXIE LEE JCT,35.86,-84.27
201703,113698,680584,1,0.0,N,POWELL,36.03,-84.03
201703,113698,680585,1,0.0,N,POWELL,36.03,-84.03
201703,114299,684733,1,1.57,SW,CARROLL,35.7014,-88.8461
201703,114299,684742,1,0.0,N,LEXINGTON,35.65,-88.4
201703,114299,684750,1,1.27,N,RALEIGH,35.2182,-89.9265
201703,114299,684750,2,1.57,WNW,BARTLETT,35.2112,-89.9042
201703,114167,683694,1,0.93,WSW,RIDGELY,36.2657,-89.4958
201703,114167,683694,2,1.08,ESE,RIDGELY,36.2634,-89.4624
201703,114423,686128,1,1.76,N,SUGGS CREEK,36.1453,-86.4966
201703,114423,686133,1,0.0,N,SPRING HILL,35.75,-86.93
201703,114423,686589,1,0.71,ENE,BELL BUCKLE,35.5826,-86.3577
201703,114423,686136,1,1.21,SW,WESTWOOD,35.5898,-87.0975
201703,114167,683695,1,0.0,N,RIDGELY,36.27,-89.48
201703,114167,683697,1,0.96,WNW,HALLS,35.8763,-89.4153
201703,114167,683697,2,1.32,ENE,HALLS,35.8746,-89.3772
201703,114167,683699,1,0.79,WNW,TRIMBLE,36.2024,-89.1938
201703,114167,683699,2,0.41,WNW,TRIMBLE,36.2019,-89.187
201703,114167,683702,1,0.0,N,(DYR)DYERSBURG MUNI,36.0,-89.4
201703,114167,683700,1,2.78,S,OAKVIEW,35.6105,-89.3395
201703,114167,683700,2,1.3,ENE,BROWNSVILLE,35.6088,-89.2495
201703,114167,683703,1,0.0,N,RUTHERFORD,36.13,-88.98
201703,114167,683704,1,1.69,S,TERRELL,36.3556,-88.9302
201703,114167,683704,2,1.08,ENE,RALSTON,36.334,-88.7812
201703,114167,683693,1,1.74,NNE,CROSSTOWN,35.4719,-89.7847
201703,114167,683693,2,0.9,SSE,BRIGHTON,35.4677,-89.725
201703,114430,686161,1,4.0,W,PINSON,35.48,-88.8011
201703,114430,686161,2,1.27,NW,PINSON,35.4915,-88.7476
201703,114430,686164,1,0.0,N,BRADFORD,36.08,-88.82
201703,114430,686164,2,0.64,E,BRADFORD,36.0817,-88.8087
201703,114430,686164,3,0.81,SE,BRADFORD,36.0723,-88.809
201703,114430,686164,4,0.46,S,BRADFORD,36.0733,-88.8196
201703,114430,686610,1,1.65,W,BELLS,35.7204,-89.1094
201703,114430,686610,2,0.4,ESE,WALNUT HILL,35.7176,-89.0435
201703,114430,686609,1,0.0,N,LEXINGTON,35.65,-88.4
201703,114430,686609,2,0.12,NNE,LEXINGTON ARPT,35.6517,-88.3795
201703,114430,686615,1,0.0,N,BEACON,35.63,-88.18
201703,114430,686615,2,0.82,N,WILKINSTOWN,35.6317,-88.1522
201703,114430,686158,1,3.0,S,NEWBERN,36.0766,-89.27
201703,114430,686158,2,0.36,N,EDGEWOOD,36.0852,-89.2296
201703,114167,683705,1,1.14,N,IDLEWILD,36.0462,-88.8162
201703,114167,683705,2,1.71,NE,IDLEWILD,36.0455,-88.7961
201703,114167,683706,1,4.0,WNW,SHARON,36.2522,-88.8963
201703,114167,683706,2,2.42,WSW,HILLSIDE,36.2532,-88.8681
201703,114167,683707,1,4.0,WNW,SHARON,36.2522,-88.8963
201703,114167,683707,2,2.42,WSW,HILLSIDE,36.2532,-88.8681
201703,114167,683708,2,0.68,SSW,LEDBETTER,35.9216,-88.7362
201703,114167,683708,1,0.0,N,MILAN,35.92,-88.77
201703,114167,683709,1,0.48,S,LATHAM,36.4232,-88.7186
201703,114167,683709,2,2.19,ESE,LATHAM,36.4238,-88.6813
201703,114423,686082,1,2.82,NW,GREENWOOD,36.1807,-86.2632
201703,114423,686113,1,1.96,ESE,BON AQUA,35.9415,-87.2966
201703,114423,686116,1,0.61,SW,CRAIGFIELD,35.9148,-87.1889
201703,114423,686135,1,1.68,SSW,TRIUNE,35.8462,-86.6761
201703,114423,686132,1,0.96,W,BIGBYVILLE,35.5213,-87.097
201703,114423,686587,1,1.45,NNE,COLDWELL,35.5206,-86.3746
201703,114167,683710,1,0.0,N,HUNTINGDON,36.0,-88.42
201703,114167,683710,2,2.07,SSW,ROSSER,36.0044,-88.3692
201703,114167,683711,2,2.01,NNW,OAKLAND,36.3044,-88.2497
201703,114167,683711,1,0.0,N,PARIS,36.3,-88.32
201703,114167,683712,1,0.0,N,CAMDEN,36.05,-88.1
201703,114167,683712,2,2.0,WSW,EVA,36.0559,-88.0513
201703,114167,683714,1,4.0,SE,BOLIVAR,35.2291,-88.9499
201703,114423,686083,1,4.97,SSW,DOVER,36.4135,-87.8642
201703,114423,686084,1,2.4,W,DILLTON,35.7948,-86.3723
201705,114991,694057,1,1.78,NE,FAYETTEVILLE,35.17,-86.56
201703,114423,686126,1,0.29,ESE,FRANKLIN,35.9188,-86.8951
201703,114430,686611,1,2.13,E,CENTER HILL,35.5536,-88.3624
201703,114430,686611,2,1.15,N,SCOTTS HILL,35.5366,-88.2515
201703,114430,686620,1,2.82,WSW,DECATURVILLE,35.5578,-88.1721
201703,114430,686620,2,1.56,ENE,LARGO,35.5556,-88.0731
201703,114170,683721,1,0.38,NNW,SALEM,35.435,-89.753
201703,114170,683721,2,0.47,WNW,IDAVILLE,35.4333,-89.7273
201703,114167,683875,1,1.56,ENE,DYERSBURG,36.0422,-89.3566
201703,114167,683875,2,1.48,NNW,RO ELLEN,36.0496,-89.2909
201703,114167,683715,1,0.98,NW,SHELBY CENTER,35.1901,-89.8622
201703,114299,684737,1,1.98,SW,CONCORD,35.9077,-88.3921
201703,114299,684737,2,1.73,S,CONCORD,35.9053,-88.3754
201703,114299,684719,1,2.03,E,WOODLAND MILLS,36.5033,-89.0837
201703,114299,684719,2,2.96,ESE,WOODLAND MILLS,36.4842,-89.0704
201703,114423,686534,1,0.0,N,TULLAHOMA,35.37,-86.23
201703,114423,686590,1,1.99,ENE,BELL BUCKLE,35.589,-86.3363
201703,114423,686591,1,2.18,SW,BELL BUCKLE,35.5541,-86.3922
201703,114423,686505,1,1.47,NW,PEYTONSVILLE,35.8331,-86.8006
201703,114423,686593,1,1.61,WNW,GRAY,35.5067,-86.4474
201703,114299,684739,1,2.07,WSW,BIG SANDY,36.2177,-88.1138
201703,114299,684739,2,1.55,SW,BIG SANDY,36.2144,-88.0999
201703,114299,684749,1,0.88,SE,WESTOVER,35.6121,-88.8677
201703,114299,684749,2,1.02,SSW,JACKSON,35.6072,-88.8392
201703,114299,684749,3,0.37,ESE,BEMIS,35.5782,-88.8238
201703,114299,684749,4,1.45,NE,MADISON HALL,35.5867,-88.8643
201703,114430,686167,1,0.0,N,JACKSON,35.62,-88.83
201703,114430,686167,2,1.48,SE,LAWRENCE,35.6362,-88.7798
201703,114430,686617,1,0.0,N,PARSONS,35.65,-88.13
201703,114430,686617,2,2.22,E,PARSONS,35.649,-88.0904
201703,114423,686598,1,1.79,NE,FAIRFIELD,35.5895,-86.2789
201703,114423,686500,1,1.01,SSW,LEIPERS FORK,35.886,-87.0053
201703,114423,686595,1,1.05,SSW,HIMESVILLE,35.4169,-86.4593
201703,114423,686596,1,0.99,WNW,HALEY,35.4862,-86.336
201703,114423,686506,1,1.81,WNW,RUDDERVILLE,35.8587,-86.7805
201703,114423,686507,1,1.04,WNW,RUDDERVILLE,35.8576,-86.7661
201703,114423,686599,1,1.68,E,VANNATTA,35.6238,-86.4505
201703,114423,686513,1,1.0,ESE,DUNCANVILLE,35.4442,-86.8337
201703,114423,686513,2,4.08,NE,TALLEY,35.405,-86.6417
201703,114423,686601,1,0.44,NW,DEASON,35.6044,-86.4356
201703,114423,686515,1,2.91,NW,RICHMOND,35.405,-86.6417
201703,114423,686515,2,1.84,WNW,MT HERMAN,35.3783,-86.5111
201703,112932,674758,1,1.32,ESE,SOUTH CENTER,35.37,-84.25
201703,114167,683713,1,3.0,N,BARTLETT,35.2434,-89.88
201704,113398,679180,1,0.0,N,COWAN,35.17,-86.02
201704,113398,679181,1,0.56,E,SEWANEE,35.2,-85.92
201703,114423,686510,1,0.0,N,MOORESVILLE,35.43,-86.92
201703,114423,686597,1,1.33,SSE,HILLTOP,35.3618,-86.3625
201703,114423,686508,1,0.31,E,CAMPBELLS,35.4498,-86.9945
201703,114423,686511,1,0.48,NW,GAITHERVILLE,35.2554,-87.3754
201703,114423,686602,1,0.66,ENE,DEASON,35.6029,-86.4188
201703,114423,686516,1,0.5,SW,BOMAR ARPT,35.5643,-86.4554
201703,114423,686516,2,0.7,SE,BOMAR ARPT,35.5638,-86.4401
201703,114118,683881,1,1.19,SW,FOUR CORNERS,36.0398,-86.5971
201703,114118,683881,2,0.79,E,FOUR CORNERS,36.0502,-86.5658
201703,114423,686514,1,0.93,ESE,BELFAST,35.4146,-86.7049
201703,114423,686514,2,4.02,NE,TALLEY,35.4108,-86.6492
201703,114423,686521,1,0.0,N,BELL BUCKLE,35.58,-86.37
201703,114683,689206,1,2.92,N,DEASON,35.6421,-86.4263
201704,113806,684653,1,0.0,N,TAFT,35.02,-86.73
201704,113806,684654,1,1.33,ESE,BLANCHE,35.04,-86.75
201703,114423,686519,1,0.0,N,REVILO,35.15,-87.27
201703,114683,687888,1,0.89,SE,LINDEN,35.61,-87.84
201703,114423,686522,1,2.08,N,FREDONIA,35.5599,-86.1247
201703,114423,686526,1,0.0,N,FREDONIA,35.53,-86.12
201703,114423,686528,1,0.0,N,SUMMITVILLE,35.57,-86.0
201703,114423,686532,1,1.5,S,TULLAHOMA,35.3485,-86.2261
201703,114683,687889,1,2.81,W,HOHENWALD BAKER ARPT,35.55,-87.65
201703,114167,689134,1,1.32,NE,OLD GIBSON WELLS,35.8952,-89.0356
201703,114167,689134,2,0.7,NNW,FRUITLAND,35.9084,-88.9369
201703,112932,685315,1,3.5,WSW,CLINTON,36.1006,-84.1879
201703,112932,685315,3,2.5,W,CLINTON,36.12,-84.1748
201703,112932,685315,4,3.5,W,CLINTON,36.12,-84.1927
201703,112932,685315,2,3.0,WSW,CLINTON,36.1034,-84.1797
201704,113398,679182,1,3.66,ENE,ROWE GAP,35.12,-86.06
201704,114056,683065,1,2.83,W,KELSO,35.13,-86.52
201703,114423,686137,1,0.0,N,CULLEOKA,35.48,-86.98
201703,114423,686138,1,3.0,W,CHAPEL HILL,35.63,-86.7534
201703,112932,674737,1,1.49,NNW,WARTBURG,36.12,-84.61
201703,112932,674735,1,0.57,W,CHICKAMAUGA,35.07,-85.26
201703,112932,674740,1,1.49,SSE,COALFIELD,36.01,-84.41
201703,112932,674742,1,0.69,N,OSWEGO,36.58,-84.13
201703,112932,674744,1,0.89,NE,NORRIS,36.21,-84.06
201704,115531,693794,1,0.29,N,ELLENDALE,35.2342,-89.829
201704,115531,693794,2,0.57,NNE,ELLENDALE,35.237,-89.8247
201703,112932,674743,1,0.56,E,KINGSTON,35.87,-84.51
201703,112932,674745,1,3.98,E,DYLLIS,35.96,-84.3
201703,112932,674746,1,1.12,W,KINGSLEY,35.9,-83.95
201703,112932,674751,1,0.0,N,ROCKY HILL,35.9,-84.03
201703,112932,674748,1,0.89,SE,MORGANTOWN,35.49,-85.01
201702,113322,678182,1,0.21,WNW,FT PILLOW,35.6714,-89.7534
201702,113322,678182,2,0.6,ESE,FT PILLOW,35.6678,-89.7397
201702,113322,678184,1,1.61,ESE,IDAVILLE,35.4236,-89.6926
201702,113322,678183,1,3.0,SE,GIBSON,35.8393,-88.8121
201703,112932,685316,1,1.0,N,KINGSTON,35.8845,-84.52
201703,112932,685316,2,2.0,ENE,KINGSTON,35.8811,-84.487
201703,112932,685316,3,3.0,SE,KINGSTON,35.8393,-84.4821
201703,112932,685316,4,2.0,S,KINGSTON,35.8411,-84.52
201703,112932,685318,1,2.0,WNW,MARLOW,36.0811,-84.2631
201703,112932,685318,2,1.0,NW,MARLOW,36.0802,-84.2427
201703,112932,685318,3,1.0,S,MARLOW,36.0555,-84.23
201703,112932,685318,4,2.0,SW,MARLOW,36.0495,-84.2553
201703,112932,685323,1,3.0,SW,PAULETTE,36.1693,-83.918
201703,112932,685323,2,1.0,NNE,PAULETTE,36.2134,-83.8731
201703,112932,685323,4,3.0,SSW,PAULETTE,36.1599,-83.9006
201703,112932,685323,3,1.0,ENE,PAULETTE,36.2055,-83.8634
201703,112932,685329,1,1.0,E,KNOXVILLE DOWNTOWN I,35.97,-83.8621
201703,112932,685329,2,2.0,SE,KNOXVILLE DOWNTOWN I,35.9495,-83.8547
201703,112932,685329,3,2.0,S,KNOXVILLE DOWNTOWN I,35.9411,-83.88
201703,112932,685329,4,1.0,S,KNOXVILLE DOWNTOWN I,35.9555,-83.88
201703,112932,674749,1,1.13,W,NORTH CHATTANOOGA,35.07,-85.32
201703,112932,674750,1,0.89,NE,LUPTON CITY,35.11,-85.29
201704,113806,684648,1,0.0,N,TAFT,35.02,-86.73
201704,113806,684649,1,0.0,N,TAFT,35.02,-86.73
201704,113806,684650,1,0.0,N,TAFT,35.02,-86.73
201704,113806,684652,1,0.89,NE,TAFT,35.03,-86.72
201703,114423,686502,1,2.42,NW,MALLORYS,35.9729,-86.8328
201703,112932,674728,1,0.69,S,JASPER,35.07,-85.63
201703,112932,674733,1,1.33,ESE,GLOVER HILL,35.06,-85.63
201703,112932,674734,1,0.57,W,CHICKAMAUGA,35.07,-85.26
201704,115284,692118,1,0.37,S,MC KENZIE,36.1247,-88.5198
201704,115284,692118,2,0.4,SSE,MC KENZIE,36.125,-88.5163
201704,115284,692118,3,0.56,SSE,MC KENZIE,36.1225,-88.5162
201704,115284,692118,4,0.51,S,MC KENZIE,36.1226,-88.5202
201704,115531,693617,1,0.0,N,TIPTONVILLE,36.38,-89.48
201704,115531,693617,2,0.79,NNW,LAKE DRIVE,36.381,-89.4538
201704,115531,693619,1,3.0,NE,PARIS,36.3307,-88.2819
201704,115531,693619,2,0.27,E,INDIA,36.3301,-88.2652
201704,115531,693624,1,1.81,WNW,SOLO,35.591,-89.6292
201704,115531,693624,2,1.26,NW,SOLO,35.5926,-89.6163
201704,115531,693792,1,1.61,ESE,WHITE STATION,35.1132,-89.8728
201704,115531,693792,2,2.49,E,WHITE STATION,35.1201,-89.856
201704,115531,693797,1,2.0,NNE,ELLENDALE,35.2574,-89.8184
201704,115531,693797,2,1.28,WSW,BRUNSWICK,35.2626,-89.8009
201704,115531,693798,1,2.0,NNE,BARTLETT,35.2267,-89.8664
201703,112932,674753,1,0.69,S,CATLETTSBURG,35.89,-83.58
201703,112932,674752,1,0.57,W,CHICKAMAUGA,35.07,-85.26
201704,115531,693793,1,1.75,N,ELLENDALE,35.2553,-89.8306
201704,115531,693793,2,2.18,WSW,BRUNSWICK,35.2637,-89.8179
201703,112932,674755,1,0.69,S,CATLETTSBURG,35.89,-83.58
201703,112932,674756,1,0.89,NW,CLEVELAND ARPT,35.23,-84.84
201703,112932,685314,1,1.0,N,CLINTON,36.1345,-84.13
201703,112932,685314,2,1.0,SE,CLINTON,36.1098,-84.1173
201703,112932,685314,3,0.0,N,SOUTH CLINTON,36.08,-84.13
201703,112932,685314,4,1.0,SW,CLINTON,36.1098,-84.1427
201703,112932,674757,1,0.57,W,CHICKAMAUGA,35.07,-85.26
201712,121948,730109,1,2.68,S,FRIENDSHIP,35.8812,-89.2302
201712,121948,730109,2,2.83,S,FRIENDSHIP,35.8793,-89.2252
201712,121948,730109,3,2.55,W,CROCKETT MILLS,35.8658,-89.2153
201712,121948,730109,4,3.14,N,MAURY CITY,35.8654,-89.2267
201712,121948,730111,1,4.34,NNW,WESTOVER,35.6784,-88.9086
201712,121948,730111,2,3.18,W,GILMORE,35.6761,-88.8765
201712,121948,730111,3,2.79,N,WESTOVER,35.6604,-88.8808
201712,121948,730111,4,3.49,NNW,WESTOVER,35.6639,-88.9108
201704,113703,680610,1,0.57,W,CHICKAMAUGA,35.07,-85.26
201704,113703,680611,1,0.0,N,WEST KNOXVILLE,35.97,-83.95
201704,113703,680612,1,1.81,ENE,LYONTON,36.06,-83.69
201704,113703,680613,1,0.56,E,STRAWBERRY PLAINS,36.07,-83.67
201704,113703,680608,1,1.69,E,VICTORIA,35.17,-85.54
201704,113703,680609,1,0.89,SW,DUNLAP,35.37,-85.39
201702,113665,680340,1,0.0,N,HIGHLAND PARK,35.8,-84.27
201702,113665,680341,1,1.12,W,LITTLE RIVER,35.85,-83.95
201702,113665,680342,1,2.17,SW,ALPHA,36.16,-83.41
201702,113451,679168,1,0.86,NW,PINE HAVEN,36.4601,-84.9392
201702,113451,679170,1,0.55,SSE,SQUIRREL FLAT,36.4725,-84.9467
201702,113452,679171,1,0.0,N,BYRDSTOWN,36.57,-85.13
201702,113452,679172,1,0.0,N,COOKEVILLE,36.17,-85.5
201702,113452,679173,1,2.0,N,COOKEVILLE,36.199,-85.5
201704,114672,687842,1,0.0,N,MENTOR,35.82,-84.02
201704,114675,687845,1,1.12,W,FOUNTAIN CITY,36.03,-83.95
201704,113703,680614,1,2.17,NE,HIGH PT,36.12,-83.14
201704,114672,687834,1,0.0,N,ROCKWOOD,35.87,-84.68
201702,113665,680343,1,0.0,N,ALPHA,36.18,-83.38
201702,113665,680344,1,0.69,N,SPRINGVALE,36.21,-83.2
201702,113665,680345,1,1.12,E,ARLINGTON,36.0,-83.93
201702,113452,679174,1,3.1,N,COOKEVILLE ARPT,36.2444,-85.4719
201702,113452,679175,1,1.41,WNW,OKALONA,36.3279,-85.3534
201702,113450,679158,1,1.26,E,CHEAP HILL,36.328,-87.1276
201702,113450,679159,1,0.28,WSW,YELLOW CREEK,36.279,-87.5748
201702,113450,679159,2,0.23,E,YELLOW CREEK,36.2797,-87.5659
201702,113450,679167,1,0.0,N,ROUND POND,36.45,-87.38
201702,113450,679166,1,0.0,N,INDIAN MOUND,36.5,-87.68
201702,113450,679160,1,1.05,NE,NEWSOM,36.0915,-86.9877
201702,113450,679161,1,0.0,N,FRANKLIN,35.92,-86.9
201702,113450,679162,1,0.16,SSW,WOODBINE,36.1179,-86.7214
201704,114675,687852,1,1.81,ENE,LYONTON,36.06,-83.69
201704,114675,687854,1,0.56,E,SALE CREEK,35.38,-85.11
201704,114675,687848,1,0.0,N,WEST KNOXVILLE,35.97,-83.95
201704,114675,687851,1,2.98,SSE,SUGAR FORKS,35.99,-83.38
201704,114675,687855,1,0.89,SE,MORGANTOWN,35.49,-85.01
201704,114675,687856,1,0.56,E,SALE CREEK,35.38,-85.11
201702,113450,679164,1,1.64,SW,GREENLAWN,36.2307,-86.587
201702,112239,669299,1,0.89,SW,HUNTSVILLE,36.41,-84.49
201702,112239,669300,1,0.89,SW,HUNTSVILLE,36.41,-84.49
201702,112239,669301,1,0.89,NW,TAZEWELL,36.46,-83.58
201704,114675,687859,1,0.0,N,ATHENS,35.45,-84.6
201704,114677,687861,1,0.56,E,GREENEVILLE,36.17,-82.82
201704,114677,687862,1,0.56,E,AFTON,36.2,-82.72
201704,114677,687863,1,1.49,NNE,RHEATOWN,36.25,-82.67
201704,114675,687858,1,0.89,SW,NORTHPORT,35.96,-83.19
201704,114677,687864,1,0.89,NE,CHURCH HILL,36.53,-82.71
201704,114677,687865,1,1.32,ESE,MC DONALD,35.11,-84.98
201704,114677,687868,1,0.89,SW,DUNLAP,35.37,-85.39
201702,113665,680337,1,1.81,ENE,LYONTON,36.06,-83.69
201702,113665,680338,1,0.89,SE,JASPER,35.07,-85.62
201704,114677,687869,1,0.89,NW,FAIRMOUNT,35.19,-85.34
201704,114680,687882,1,1.33,ESE,GLOVER HILL,35.06,-85.63
201704,114680,687883,1,0.56,E,WHITWELL,35.2,-85.52
201704,114680,687884,1,0.89,SW,DUNLAP,35.37,-85.39
201702,113665,680339,1,0.89,SE,JASPER,35.07,-85.62
201704,114755,688793,1,0.22,SSE,CHINUBEE,35.1271,-87.5182
201704,114751,688836,1,0.0,N,WATERTOWN,36.1,-86.13
201704,114751,688837,1,2.0,N,WATERTOWN,36.129,-86.13
201704,114751,688838,1,0.0,N,RAGSDALE,35.5,-86.02
201704,114751,688839,1,1.16,WSW,NEW MIDDLETON,36.1717,-86.0381
201704,114759,688670,1,0.0,N,PELHAM,35.32,-85.88
201704,114759,688671,1,0.91,W,UNION HILL,36.5515,-85.6963
201704,114759,688672,1,0.0,N,SPARTA,35.93,-85.47
201704,114759,688673,1,1.14,SW,LIVINGSTON ARPT,36.3903,-85.3367
201704,114759,688674,1,0.14,ENE,LIVINGSTON ARPT,36.4005,-85.3175
201704,114759,688675,1,0.94,WSW,ALPINE,36.3935,-85.2348
201704,114759,688634,1,0.62,ENE,DUNN,35.2034,-87.3398
201704,114759,688654,1,1.49,SSE,INGLEWOOD,36.1992,-86.7232
201704,114759,688664,1,1.0,E,FAIRFIELD,35.5693,-86.2822
201704,114759,688676,1,1.13,NW,WRENCOE,36.0334,-86.7116
201704,114755,688812,1,2.14,SSE,THICK,35.64,-86.7405
201704,114755,688812,2,2.06,ENE,CHAPEL HILL,35.6378,-86.6646
201704,114755,688812,3,1.11,SW,FARMINGTON,35.4909,-86.7364
201704,114755,688812,4,2.28,WSW,FARMINGTON,35.4823,-86.7541
201704,114751,688841,1,0.0,N,CARTHAGE,36.25,-85.93
201704,114751,688840,1,0.0,N,CARTHAGE,36.25,-85.93
201704,114751,688842,1,0.0,N,MORRISON,35.6,-85.92
201704,114751,688843,1,0.0,N,HERMITAGE SPGS,36.58,-85.77
201704,114759,688677,1,4.23,NNE,MALLORYS,36.0087,-86.7788
201704,114759,688687,1,1.72,SE,SUMMERTOWN,35.4101,-87.2815
201704,114759,693759,1,0.98,NW,LIVINGSTON,36.3891,-85.3336
201704,114759,688653,1,1.91,SSE,(BNA)NASHVILLE METRO,36.1032,-86.6719
201704,114751,688846,1,0.31,NE,WEBBTOWN,36.5033,-85.9462
201704,114751,688845,1,3.0,NE,TULLAHOMA,35.3979,-86.1892
201704,114751,688847,1,0.0,N,UNION HILL,36.55,-85.68
201704,114751,688848,1,0.0,N,MANCHESTER,35.48,-86.08
201704,114751,688850,1,1.39,NNW,PEA RIDGE STORE,36.6173,-85.4427
201704,114751,688849,1,0.0,N,RED BOILING SPGS,36.53,-85.85
201704,114751,688851,1,0.0,N,SMITHVILLE,35.97,-85.85
201704,114751,688852,1,2.0,N,SMITHVILLE,35.999,-85.85
201704,114371,695133,1,2.0,SW,OAKDALE,35.9595,-84.5953
201704,114371,695133,2,0.0,NNE,OLIVER SPGS,36.05,-84.33
201704,114371,695133,3,9.0,NNE,OAKDALE,36.1003,-84.5084
201704,114371,695133,4,4.0,NW,OAKDALE,36.0209,-84.6206
201704,114371,695136,1,3.0,WSW,POWELL,36.0134,-84.0796
201704,114371,695136,2,3.0,SW,POWELL,35.9993,-84.068
201704,114371,695136,3,3.0,ENE,POWELL,36.0466,-83.9804
201704,114371,695136,4,3.0,NE,POWELL,36.0607,-83.992
201704,114371,695138,1,0.89,NE,OAKDALE,35.99,-84.56
201704,114371,695138,2,3.0,NE,OAKDALE,36.0107,-84.5321
201704,114371,695138,3,3.0,E,OAKDALE,35.98,-84.5163
201704,114371,695138,4,1.0,S,OAKDALE,35.9655,-84.57
201704,114751,688853,1,1.2,W,SILVER PT,36.0985,-85.7414
201704,114751,688854,1,1.11,E,SULPHUR,36.3,-85.35
201704,114751,688855,1,0.0,N,ENSOR,36.17,-85.65
201704,114751,688857,1,0.62,W,COLES STORE,36.1713,-85.631
201704,114371,695141,1,0.0,E,ELGIN,36.33,-84.6
201704,114371,695141,2,0.0,E,NORMA,36.33,-84.38
201704,114371,695141,3,3.0,E,WINFIELD,36.55,-84.396
201704,114371,695141,4,4.0,NW,ONEIDA,36.5409,-84.5709
201704,114371,695143,1,8.0,SE,MARYVILLE,35.6681,-83.8692
201704,114371,695143,2,8.0,SW,MARYVILLE,35.6681,-84.0708
201704,114371,695143,3,4.0,NW,MARYVILLE,35.7909,-84.0205
201704,114371,695143,4,4.0,NE,MARYVILLE,35.7909,-83.9196
201704,114371,695151,1,1.0,N,BLUFF CITY,36.4945,-82.27
201704,114371,695151,2,2.0,NE,BLUFF CITY,36.5005,-82.2445
201704,114371,695151,3,4.0,NNE,BLUFF CITY,36.5335,-82.2424
201704,114371,695151,4,4.0,N,BLUFF CITY,36.5379,-82.27
201704,114751,688858,1,0.0,N,CARTHAGE,36.25,-85.93
201704,114751,688862,1,12.0,WSW,CELINA,36.4835,-85.6997
201704,114751,693486,1,0.37,NNW,SHELBYVILLE,35.4851,-86.4718
201704,114751,693487,1,0.61,ENE,SHELBYVILLE,35.4829,-86.4597
201704,114755,688767,1,1.94,S,LA VERGNE,35.9924,-86.5739
201704,114755,688767,2,1.05,SW,LA VERGNE,36.0107,-86.5948
201704,114755,688767,3,0.46,N,LA VERGNE,36.0266,-86.5798
201704,114755,688767,4,1.3,SSE,SANDHILL,36.0119,-86.5434
201704,114755,688775,1,2.93,N,SPRING CREEK,35.6916,-87.99
201704,114755,688775,2,3.05,NNE,SPRING CREEK,35.6919,-87.9829
201704,114755,688775,3,2.2,NNE,SPRING CREEK,35.6771,-87.9796
201704,114755,688775,4,1.99,NNE,SPRING CREEK,35.6779,-87.9908
201704,114755,688779,1,1.62,ENE,MT OLIVE,35.8889,-86.4233
201704,114755,688779,2,1.67,ENE,MT OLIVE,35.8879,-86.4217
201704,114755,688779,3,1.62,ENE,MT OLIVE,35.886,-86.422
201704,114755,688779,4,1.55,ENE,MT OLIVE,35.8862,-86.4233
201704,114755,694326,1,0.71,S,WRENCOE,36.0098,-86.7011
201704,114755,694326,2,0.73,SSE,WRENCOE,36.0102,-86.6952
201704,114755,694326,3,0.76,SE,WRENCOE,36.0124,-86.6903
201704,114755,694326,4,0.86,SE,WRENCOE,36.0111,-86.6892
201704,114755,694326,5,0.9,SSE,WRENCOE,36.008,-86.6934
201704,114755,694326,6,0.81,S,WRENCOE,36.0082,-86.7003
201704,114751,693483,1,3.3,NNW,MT HERMAN,35.4125,-86.5069
201704,114751,693483,2,0.81,SSW,GRAY,35.4893,-86.4257
201704,114751,693488,1,2.5,N,GRAY,35.5363,-86.4199
201706,116473,700469,1,3.27,WSW,HICKORY WITHE,35.2333,-89.6543
201706,116473,700469,2,1.71,SW,HICKORY WITHE,35.2358,-89.6248
201704,114755,688782,1,0.99,SSE,LEBANON,36.207,-86.2924
201704,114755,688782,2,2.55,ESE,LEBANON,36.2108,-86.2556
201704,114755,688782,3,2.26,WNW,TUCKERS XRDS,36.2084,-86.2192
201704,114755,688782,4,2.3,W,TUCKERS XRDS,36.1953,-86.2209
201704,114755,688782,5,1.55,SSE,LEBANON,36.1981,-86.2939
201704,114755,688787,1,1.1,N,DITTY,36.116,-85.58
201704,114755,688787,2,1.11,NNE,DITTY,36.1155,-85.5752
201704,114755,688787,3,0.76,NNE,DITTY,36.1094,-85.573
201704,114755,688787,4,0.63,N,DITTY,36.109,-85.5812
201704,114755,688789,1,0.58,SSW,WAYNESBORO,35.3124,-87.7745
201704,114755,688790,1,3.0,S,WAYNESBORO,35.2767,-87.7669
201704,114755,688791,1,1.58,NW,SOUTH HIGHLAND,35.2482,-87.7669
201704,114759,688640,1,0.55,E,EWINGVILLE,35.9188,-86.8603
201704,114751,693489,1,2.24,WSW,IRVING COLLEGE,35.5627,-85.7538
201704,114751,693489,2,1.22,NNE,IRVING COLLEGE,35.5948,-85.7081
201704,114751,693496,1,1.34,SE,SMYRNA,35.6151,-85.7048
201704,114755,688794,1,0.56,E,WAYNESBORO,35.32,-87.76
201704,114755,688794,2,0.75,ENE,WAYNESBORO,35.3247,-87.7581
201704,114755,688794,3,0.61,ENE,WAYNESBORO,35.3246,-87.7608
201704,114755,688794,4,0.49,ENE,WAYNESBORO,35.322,-87.7616
201704,114755,688796,1,0.09,ENE,SOUTH XRDS,35.1705,-87.2684
201704,114755,688800,1,0.0,N,GOOD SPG,35.15,-87.08
201704,114755,688801,1,0.24,E,KEDRON,35.0503,-87.0458
201704,114755,688802,1,0.0,N,ELKTON,35.05,-86.9
201704,114755,688804,1,0.88,W,BRYSON,35.1013,-86.8856
201704,114755,688817,1,1.47,SE,EWINGVILLE,35.908,-86.8483
201704,114755,688817,2,1.72,SE,EWINGVILLE,35.9016,-86.8493
201704,114755,688817,3,1.25,S,EWINGVILLE,35.902,-86.8674
201704,114755,688817,4,0.4,SE,EWINGVILLE,35.9163,-86.8645
201704,114755,688819,1,2.24,ENE,KETTLE MILLS,35.6884,-87.2614
201704,114755,688819,2,2.28,SE,SANDY HOOK,35.4567,-87.2213
201704,114755,688819,3,2.35,SSE,LEFTWICH,35.5387,-86.8538
201704,114755,688819,4,1.46,SSW,WESTWOOD,35.5798,-87.0873
201704,114755,688823,1,0.71,S,WAYNESBORO,35.3097,-87.7711
201705,115757,695772,1,0.54,SSE,OAKFIELD,35.7125,-88.797
201706,116368,699856,1,1.98,NE,OAKLAND,36.3003,-88.2049
201706,116368,699856,2,2.13,S,ELKHORN,36.2992,-88.1728
201706,116473,700470,1,0.83,S,MASON,35.408,-89.5506
201706,116473,700470,2,1.17,SE,MASON,35.4082,-89.535
201706,116473,700471,1,1.3,SE,WILLISTON,35.158,-89.3623
201706,116473,700471,2,2.0,ESE,WILLISTON,35.1594,-89.347
201706,116473,700472,1,0.0,N,GADSDEN,35.78,-89.0
201706,116473,700472,2,0.59,NNE,MASON GROVE,35.7783,-88.9673
201706,116473,700473,1,2.4,WSW,RUTHERFORD,36.1163,-89.0195
201706,116473,700473,2,0.91,S,RUTHERFORD,36.1169,-88.9796
201706,116473,700473,3,0.71,NE,DYER,36.078,-88.992
201706,116473,700473,4,1.31,WNW,DYER,36.0769,-89.0219
201706,116473,700474,1,1.77,WNW,TRENTON,35.987,-88.9604
201706,116473,700474,2,0.0,N,TRENTON,35.98,-88.93
201706,116473,700474,3,2.67,S,TRENTON,35.9414,-88.9306
201706,116473,700474,4,2.94,N,EDISON,35.9425,-88.9666
201704,114755,694294,1,1.15,NNE,BELLE MEADE,36.115,-86.8612
201704,114755,694295,1,0.0,N,PEGRAM,36.1,-87.05
201704,114755,694296,1,0.85,N,NEWSOM,36.0923,-87.0009
201704,114755,694296,2,0.1,S,NEWSOM,36.0785,-87.0002
201704,114755,694296,3,1.59,NE,PASQUO,36.0451,-86.9486
201704,114755,694296,4,1.0,SE,BELLEVUE,36.0608,-86.9163
201704,114755,694296,5,1.13,NE,NEWSOM,36.093,-86.9876
201704,114755,694300,1,0.56,W,SWEETGUM,35.78,-85.41
201704,114755,694300,2,0.52,ENE,SWEETGUM,35.7819,-85.3911
201704,114755,694300,3,2.62,SSE,SWEETGUM,35.7432,-85.3888
201704,114755,694300,4,2.37,S,SWEETGUM,35.7457,-85.4012
201704,114371,695126,1,5.0,ENE,KNOXVILLE,35.9977,-83.8474
201704,114371,695126,2,5.0,NE,KNOXVILLE,36.0212,-83.8668
201704,114371,695126,3,3.0,NE,KNOXVILLE,36.0007,-83.8921
201704,114371,695126,4,3.0,ENE,KNOXVILLE,35.9866,-83.8804
201704,114752,693557,1,1.75,NNW,EWINGVILLE,35.9429,-86.8833
201704,114752,693557,2,1.76,NE,EWINGVILLE,35.9384,-86.8483
201704,114752,693557,3,0.9,ENE,EWINGVILLE,35.9252,-86.8553
201704,114752,693557,4,0.85,NW,EWINGVILLE,35.9298,-86.8792
201706,116473,700475,1,5.95,ESE,LAPATA,36.0504,-89.0799
201706,116473,700475,2,7.52,ESE,LAPATA,36.0488,-89.0511
201706,116473,700475,3,7.81,ESE,LAPATA,36.0315,-89.0538
201706,116473,700475,4,5.95,ESE,LAPATA,36.033,-89.0907
201704,114755,694319,1,2.25,E,LEBANON,36.2205,-86.2596
201704,114755,694319,2,2.49,E,LEBANON,36.2142,-86.2559
201704,114755,694319,3,0.55,S,VESTA,36.0621,-86.4204
201704,114755,694319,4,0.37,WSW,VESTA,36.0678,-86.4261
201704,114755,694323,1,1.69,S,BERRYS CHAPEL,35.9455,-86.8816
201704,114755,694323,2,1.12,NNW,RUDDERVILLE,35.8658,-86.7547
201704,114755,694323,3,0.99,WSW,RUDDERVILLE,35.8436,-86.7657
201704,114755,694323,4,0.23,N,FRANKLIN,35.9233,-86.8995
201704,114755,694327,1,1.86,W,BIG LICK,35.8036,-85.053
201704,114755,694327,2,1.68,ENE,VANDEVER,35.8388,-85.052
201704,114755,694327,3,2.17,SW,CRAB ORCHARD,35.876,-84.9051
201704,114755,694327,4,2.19,N,ALLOWAY,35.8312,-84.8866
201704,114755,688806,1,0.53,NNE,WARTRACE,35.5374,-86.3479
201704,114755,688806,2,0.86,NE,WARTRACE,35.539,-86.3393
201704,114755,688806,3,1.06,SE,WARTRACE,35.5196,-86.3362
201704,114755,688806,4,0.93,SSE,WARTRACE,35.5181,-86.3421
201704,114753,688346,1,0.19,N,DONELSON,36.1728,-86.6502
201704,114753,688346,2,0.73,NNE,BERRYVILLE,36.2095,-86.6243
201704,114753,688345,1,1.48,SSW,NASHVILLE,36.1508,-86.7918
201704,114753,688344,1,0.99,NE,(BNA)NASHVILLE METRO,36.1386,-86.6657
201704,114753,688347,1,1.86,E,NASHVILLE,36.1709,-86.7468
201704,114753,688349,2,0.8,WSW,NASHVILLE,36.1648,-86.7928
201704,114753,688349,3,1.08,SSW,NASHVILLE,36.1557,-86.788
201704,114753,688349,4,0.46,SW,BERRY HILL,36.1145,-86.7747
201704,114753,688349,5,0.74,SW,BERRY HILL,36.1121,-86.7788
201704,114753,688349,6,0.85,SW,BERRY HILL,36.1126,-86.7822
201704,114753,688349,1,0.92,WSW,NASHVILLE,36.1641,-86.7947
201704,114755,688809,1,2.62,ENE,HARDY,36.34,-85.39
201704,114755,688809,2,2.31,NNW,SULPHUR,36.3305,-85.3869
201704,114755,688809,3,0.62,SW,HARDY,36.3143,-85.4386
201704,114755,688809,4,0.45,WSW,HARDY,36.3184,-85.4378
201704,114755,694311,1,1.36,NNE,NOLENSVILLE,35.9693,-86.6747
201704,114755,694311,2,1.58,ESE,NOLENSVILLE,35.938,-86.656
201704,114755,694311,3,1.16,SW,DOUGLAS,35.858,-86.8844
201704,114755,694311,4,1.04,NE,WEST HARPETH,35.8603,-86.9066
201704,114755,694311,5,0.39,SE,LEIPERS FORK,35.8961,-86.9951
201704,114755,694311,6,0.45,E,LEIPERS FORK,35.9006,-86.992
201704,114759,688636,1,1.47,ENE,TIMMONS,35.6858,-87.0547
201704,114759,688637,1,0.07,W,SPRING HILL,35.7502,-86.9312
201704,114759,688638,1,1.4,WNW,OGLESBY,36.0578,-86.7531
201706,117112,704575,1,0.56,W,FORDTOWN,36.37,-84.13
201706,117116,704600,1,0.89,SW,SOUTH PITTSBURG,35.02,-85.71
201706,117116,704603,1,0.89,SW,SOUTH PITTSBURG,35.02,-85.71
201706,116473,700464,1,2.29,W,MEMPHIS,35.1328,-90.0604
201706,116473,700464,2,2.17,W,MEMPHIS,35.1328,-90.0583
201706,116473,700466,1,0.88,N,MEMPHIS,35.1427,-90.0189
201706,116473,700466,2,0.56,S,BINGHAMTON,35.1419,-89.9794
201706,116473,700468,1,1.39,NNW,GERMANTOWN,35.099,-89.8281
201706,116473,700468,2,1.27,N,GERMANTOWN,35.0984,-89.8199
201704,114753,688351,1,2.62,NNW,FOREST HOME,36.0166,-86.9424
201704,114753,688351,2,2.12,NNW,BERRYS CHAPEL,35.9997,-86.8898
201704,114753,688351,3,0.6,E,FOREST HOME,35.9805,-86.9194
201704,114753,688351,4,1.4,NW,FOREST HOME,35.9936,-86.9486
201704,114754,688357,1,0.0,N,BRADYVILLE,35.73,-86.17
201704,114754,688358,1,0.53,NNE,SHELBYVILLE,35.4872,-86.4666
201704,114754,688358,2,0.81,NE,SHELBYVILLE,35.4887,-86.4603
201704,114754,688361,1,0.71,NNW,BELL BUCKLE,35.5899,-86.3732
201704,114759,688639,1,0.66,SW,EWINGVILLE,35.9136,-86.8788
201704,114759,688641,1,0.46,E,EWINGVILLE,35.9209,-86.8619
201704,114759,688642,1,2.24,NNE,KEDRON,35.0806,-87.0366
201704,114759,688643,1,1.0,SE,FRANKEWING,35.1914,-86.8558
201704,114759,688644,1,4.09,N,MALLORYS,36.0092,-86.8034
201704,114759,688645,1,2.79,N,MALLORYS,35.9899,-86.7923
201705,115929,696840,1,2.14,NW,MEMPHIS,35.148,-90.0508
201705,115929,696840,2,0.57,WSW,MEMPHIS,35.1261,-90.0288
201705,115929,698143,1,1.04,N,MICHIE,35.0649,-88.4475
201705,115929,698143,2,1.61,E,MICHIE,35.051,-88.4216
201705,115929,696841,1,0.0,N,(MEM)MEMPHIS INTL AR,35.05,-89.98
201705,115929,696841,2,1.87,SSE,(MEM)MEMPHIS INTL AR,35.0256,-89.9657
201705,115929,699688,1,1.16,WNW,FLATWOOD,35.5233,-89.8503
201705,115929,699688,2,1.04,S,BEAVER,35.4849,-89.8213
201705,115929,699689,1,2.19,SSE,CORDOVA,35.1206,-89.7653
201705,115929,699689,2,2.6,SSE,CORDOVA,35.1168,-89.7586
201704,114751,688833,1,0.0,N,MANCHESTER,35.48,-86.08
201704,114754,688362,1,0.56,E,SMYRNA,35.98,-86.52
201704,114754,688362,2,1.42,W,JEFFERSON,35.979,-86.4954
201704,114754,688362,3,0.37,SSW,HALES CAMP,35.9953,-86.5029
201704,114754,688362,4,0.69,N,SMYRNA,35.99,-86.5306
201704,114757,688352,1,1.87,ESE,LEGATE,36.5431,-87.6674
201704,114759,688646,1,4.26,NNE,MALLORYS,36.0095,-86.7805
201704,114759,688647,1,1.68,NE,BRENTWOOD,36.0488,-86.7609
201704,114759,688648,1,0.91,SW,OGLESBY,36.0398,-86.7404
201704,114759,688649,1,0.67,WSW,PROVIDENCE,36.0777,-86.7316
201704,114759,688651,1,1.86,W,TUSCULUM,36.0719,-86.7532
201704,114759,688652,1,1.5,SSW,NASHVILLE,36.1497,-86.7897
201705,115929,696830,1,0.0,N,DENMARK,35.53,-89.0
201705,115929,696830,2,2.72,ESE,DENMARK,35.5111,-88.9577
201705,115929,696833,1,2.85,SW,MEMPHIS DEWITT SPAIN,35.1711,-90.0858
201705,115929,696833,2,1.81,NW,MEMPHIS,35.1452,-90.046
201704,114751,688825,1,0.0,N,GREENBRIER,36.43,-86.8
201704,114751,688826,1,0.0,N,RIDGE TOP,36.38,-86.75
201704,114751,688828,1,0.0,N,WARTRACE,35.53,-86.35
201704,114751,688830,1,0.0,N,FLAT CREEK,35.4,-86.42
201704,114758,688353,1,0.0,N,DOYLE,35.85,-85.5
201704,114758,688354,1,0.0,N,TANGLEWOOD,36.28,-85.98
201704,114758,688355,1,1.31,NNW,BAPTIST RIDGE,36.4974,-85.5291
201704,114759,688655,1,0.97,SSW,DONELSON,36.1576,-86.6579
201704,114759,688656,1,1.1,ESE,NASHVILLE CORNELIA F,36.1734,-86.6821
201704,114759,688657,1,0.97,NNW,SHELBYVILLE,35.4924,-86.4781
201704,114759,688658,1,1.64,NE,HENDERSONVILLE,36.2949,-86.5972
201704,114759,688659,1,1.66,SE,OLD HICKORY,36.2515,-86.6109
201704,114759,688660,1,2.72,WSW,UNIONVILLE,35.6067,-86.6456
201705,115929,696834,1,1.44,ENE,EAST UNION,35.6096,-88.7573
201704,114751,688831,1,0.59,ENE,CALHOUN,35.5346,-86.1612
201704,114751,688832,1,0.0,N,PLEASANT VIEW,35.77,-86.3
201704,114751,688834,1,0.0,N,MANCHESTER,35.48,-86.08
201704,114751,688835,1,0.0,N,PORTLAND,36.58,-86.52
201704,114759,688661,1,1.46,ENE,HENDERSONVILLE,36.2881,-86.5959
201704,114759,688662,1,0.0,N,COLLEGE GROVE,35.78,-86.68
201704,114759,688663,1,0.0,N,GALLATIN,36.4,-86.45
201704,114759,688666,1,2.14,WNW,MURFREESBORO ARPT,35.893,-86.4147
201704,114759,688668,1,1.44,ENE,MT OLIVE,35.8884,-86.4265
201704,114759,688669,1,1.92,WNW,DOUBLE SPGS,35.8396,-86.3622
201705,115929,696541,1,0.9,ESE,HILLSIDE,36.2632,-88.8162
201705,115929,696541,2,4.36,E,JEWELL,36.3186,-88.5429
201705,115929,696542,1,2.91,NE,SOUTH MIDWAY,36.3113,-88.4351
201705,115929,696542,2,2.71,WNW,NOBLES,36.3799,-88.2772
201705,115929,696543,1,0.4,NE,MANLYVILLE,36.2338,-88.1646
201705,115929,696543,2,1.85,E,SPRINGVILLE,36.2454,-88.1172
201705,115929,696545,1,0.0,N,BRUCETON,36.03,-88.25
201705,115929,696545,2,1.47,ENE,BRUCETON,36.0415,-88.2279
201705,115929,696835,2,1.78,WNW,LAW,35.691,-88.3987
201705,115929,696835,1,0.0,N,BARGERTON,35.73,-88.5
201705,115929,696836,1,1.35,ESE,NORTH,35.1699,-90.0096
201705,115929,696836,2,1.05,ENE,AULON,35.1343,-89.9622
201705,115929,696838,1,2.98,WSW,FRAYSER,35.2109,-90.1016
201705,115929,696838,2,1.6,S,NORTH,35.157,-90.033
201705,115929,696839,1,0.23,NE,SHELBY FARMS,35.172,-89.8668
201705,115929,696839,2,1.86,SE,SHELBY FARMS,35.1507,-89.8471
201705,115929,699690,1,0.74,ENE,BINGHAMTON,35.1549,-89.9684
201705,115929,699690,2,1.18,E,BINGHAMTON,35.1472,-89.9594
201705,115929,696837,1,1.39,NNE,BERCLAIR,35.1694,-89.9135
201705,115929,696837,2,2.13,WNW,GERMANTOWN,35.0913,-89.8551
201705,115929,696546,1,1.3,WSW,PARSONS,35.6414,-88.1505
201705,115929,696546,2,2.18,E,PARSONS,35.6507,-88.0911
201705,115929,696547,1,0.0,N,HUMBOLDT,35.82,-88.92
201705,115929,696548,1,0.0,N,MEDINA,35.8,-88.77
201705,115929,696539,1,0.76,WNW,SPOUT SPGS,36.4357,-89.3116
201705,115929,696539,2,3.68,WNW,UNION CITY,36.4434,-89.1094
201705,115929,696540,1,1.25,W,MASON HALL,36.2,-89.1225
201705,115929,696540,2,2.09,ENE,MASON HALL,36.2111,-89.0651
201705,115929,696831,1,1.68,ESE,WEST UNION,35.3645,-89.941
201705,115929,696831,2,1.13,SSW,MILLINGTON,35.3348,-89.9073
201706,116174,698245,1,0.47,E,RED BOILING SPGS,36.5297,-85.8415
201703,114118,685566,1,0.0,N,COALMONT,35.33,-85.72
201706,116175,698249,1,0.99,WSW,KLEBURNE,35.7428,-86.9952
201706,116175,698251,1,0.72,WSW,BERRYS CHAPEL,35.9644,-86.8908
201706,116539,700794,1,2.82,SE,BRUNSWICK,35.2381,-89.7489
201706,116368,699857,1,0.99,NNW,ATWOOD,35.9825,-88.6786
201706,116368,699857,2,1.87,ENE,ATWOOD,35.9826,-88.6404
201706,116368,699857,3,1.37,E,ATWOOD,35.9697,-88.6456
201706,116368,699857,4,0.81,W,ATWOOD,35.9715,-88.6844
201706,116368,699855,1,1.74,SSW,MEMPHIS,35.1069,-90.0321
201706,116389,699874,1,1.36,NE,JENKINSVILLE,36.0624,-89.4012
201706,116389,699874,2,1.43,NE,JENKINSVILLE,36.0623,-89.3994
201706,116389,699874,3,1.34,ENE,JENKINSVILLE,36.0599,-89.3994
201706,116389,699874,4,1.21,ENE,JENKINSVILLE,36.0594,-89.4019
201706,116389,699877,1,0.39,W,UNION CITY,36.4201,-89.0571
201706,116389,699877,2,0.23,W,UNION CITY,36.4199,-89.0541
201706,116389,699877,3,0.46,SW,UNION CITY,36.4147,-89.0549
201706,116389,699877,4,0.55,SW,UNION CITY,36.4147,-89.0573
201703,114423,686100,1,0.11,ESE,DICKSON,36.0793,-87.3782
201703,114423,686103,1,0.0,N,LINDEN,35.62,-87.85
201706,116176,698252,1,0.0,N,RIDGE TOP,36.38,-86.75
201706,116176,698254,1,1.95,WNW,OGLESBY,36.0653,-86.7593
201706,116176,698257,1,1.49,NNW,LINDEN PERRY CO ARPT,35.62,-87.89
201706,116176,698255,1,1.5,NE,CRAIGFIELD,35.9379,-87.1647
201706,116173,698285,1,2.13,SW,MITCHELLVILLE,36.6087,-86.5577
201706,116173,698285,2,1.23,NW,PORTLAND MUNI ARPT,36.6114,-86.4969
201706,116173,698285,3,2.04,N,KANSAS,36.4795,-86.3791
201706,116173,698285,4,1.74,N,KANSAS,36.4752,-86.3795
201706,116173,698285,5,1.85,WNW,SOUTH TUNNEL,36.4887,-86.5015
201706,116173,698291,1,0.83,NNE,FT CAMPBELL,36.6401,-87.4618
201706,116173,698291,2,0.89,SSW,NEW PROVIDENCE,36.5381,-87.4062
201706,116173,698291,3,1.0,ESE,BRIARWOOD,36.5141,-87.3636
201706,116173,698291,4,1.53,SE,CLARKSVILLE,36.5138,-87.3312
201706,116173,698291,5,1.47,N,KENNEDY,36.6412,-87.2816
201706,116173,698306,1,1.65,SSW,MITCHELLVILLE,36.6081,-86.5421
201706,116173,698306,2,3.07,S,MILLERSVILLE,36.3257,-86.7017
201706,116173,698306,3,0.38,E,SAUNDERSVILLE,36.329,-86.5633
201706,116173,698306,4,1.04,NW,TROUSDALE,36.4114,-86.4123
201706,116173,698306,5,0.69,E,BRACKENTOWN,36.5996,-86.3876
201706,116173,698312,1,0.45,SSW,HELENA,36.4245,-85.0242
201706,116173,698312,2,1.1,ENE,WOLF RIVER,36.5384,-84.9532
201706,116173,698312,3,1.89,NNW,STOCKTON,36.4265,-84.8282
201706,116173,698312,4,2.48,SSW,JAMESTOWN,36.3967,-84.9367
201706,116173,698318,1,1.77,NE,WILLIAMS,36.57,-86.03
201706,116173,711992,1,1.98,W,HANDLEYTON,36.6024,-86.6657
201706,116173,711992,2,1.3,WNW,HANDLEYTON,36.6048,-86.6527
201706,116173,711992,3,1.27,WNW,HANDLEYTON,36.6037,-86.6524
201706,116173,711992,4,1.99,W,HANDLEYTON,36.5958,-86.6655
201706,116173,711994,1,0.0,N,JAMESTOWN,36.43,-84.92
201706,116177,698260,1,2.82,NNW,HEBBERTSBURG,36.0596,-84.7922
201706,116177,698260,2,2.77,NNW,HEBBERTSBURG,36.059,-84.7918
201706,116177,698260,3,2.78,NNW,HEBBERTSBURG,36.0589,-84.7924
201706,116177,698260,4,2.83,NNW,HEBBERTSBURG,36.0597,-84.7928
201706,116177,711996,1,1.16,SW,SOUTHPORT,35.4588,-87.1155
201706,116177,711997,1,0.31,N,CHESTNUT MOUND,36.2046,-85.8199
201706,116478,700489,1,0.77,S,BARTLETT,35.1888,-89.8792
201706,116478,700489,2,0.6,WNW,SHELBY CENTER,35.1835,-89.8597
201703,114118,685830,1,0.29,SSW,HORTENSE,36.1464,-87.4328
201705,117106,704522,1,0.0,N,HIGHLAND PARK,35.8,-84.27
201703,114423,686067,1,0.13,NE,LITTLE CREEK,36.2811,-86.7781
201703,114423,686088,1,2.02,SE,TUCKERS XRDS,36.1813,-86.1521
201703,114423,686089,1,0.0,N,ERIN,36.32,-87.7
201703,114423,686110,1,0.0,N,KINGSTON SPGS,36.1,-87.12
201703,114423,686121,1,0.0,N,OAK HILL,36.1,-86.82
201703,114118,683909,1,8.25,WSW,LA VERGNE,35.9793,-86.7187
201703,114118,683909,2,6.07,WSW,LA VERGNE,35.9891,-86.6817
201703,114118,685831,1,0.71,SSE,TENNESSEE CITY,36.0911,-87.5138
201703,114118,683628,1,0.0,N,LYLES,35.92,-87.37
201703,114118,685833,1,0.47,E,WRIGLEY,35.9002,-87.3416
201703,114683,687955,1,3.14,WSW,PRAIRIE PLAINS,35.33,-86.02
201703,114423,686069,1,2.19,NE,CLARKSVILLE,36.5542,-87.3245
201703,114423,686086,1,2.49,N,RUCKER,35.786,-86.4007
201703,114423,686118,1,0.72,S,BAXTER,36.1396,-85.6302
201703,114423,686119,1,4.75,SSW,GORDONSBURG,35.5075,-87.4649
201703,114423,686122,1,2.81,N,NORTH HIGHLAND,35.37,-87.5914
201703,114423,686123,1,1.9,ESE,HENDERSONVILLE,36.2723,-86.5872
201705,114686,687939,1,0.64,W,SHADY VLY,36.5211,-81.9314
201705,114686,687939,2,0.51,W,SHADY VLY,36.5208,-81.9291
201705,114686,695160,2,1.0,W,CLEARWATER,35.5,-84.6878
201705,114686,695160,1,1.0,E,CLEARWATER,35.5,-84.6522
201705,114686,695164,1,2.0,SW,JOHNSON CITY,36.2995,-82.3754
201705,114686,695164,2,2.0,NE,JOHNSON CITY,36.3405,-82.3246
201705,114686,695165,2,4.0,SSW,BLUFF CITY,36.4265,-82.2975
201705,114686,695165,1,2.0,SSW,BLUFF CITY,36.4533,-82.2838
201703,114118,683631,1,1.24,S,BEL AIR ESTATES,36.5523,-87.4236
201703,114118,683631,2,0.99,SSE,ST BETHLEHEM,36.5675,-87.2912
201703,114118,685026,1,0.89,NE,BETHPAGE,36.4878,-86.3072
201707,117125,704674,1,1.31,ESE,IRWIN,36.32,-83.81
201703,114423,686541,1,1.84,NNE,DIBRELL,35.8447,-85.7676
201703,114423,686572,1,1.47,NNE,POPLINS XRDS,35.5986,-86.5875
201703,114423,686064,1,0.0,N,BURNS,36.05,-87.32
201703,114423,686065,1,0.0,N,WHITE BLUFF,36.12,-87.22
201703,114118,683916,1,6.07,WSW,LA VERGNE,35.9891,-86.6817
201703,114118,683916,2,0.85,NW,SANDHILL,36.0387,-86.5608
201703,114118,685027,1,2.95,NW,BRANSFORD,36.5317,-86.3156
201703,114118,685578,1,0.49,WSW,CHAPEL HILL,35.6277,-86.7083
201703,114118,685578,2,0.44,WSW,CHAPEL HILL,35.6276,-86.7072
201703,114118,685578,3,0.46,WSW,CHAPEL HILL,35.627,-86.7073
201703,114118,685578,4,0.51,WSW,CHAPEL HILL,35.6272,-86.7085
201705,117106,704538,1,0.0,N,ROCKY FORK,36.03,-82.55
201703,114118,683633,1,2.41,NW,KENNEDY,36.6402,-87.3154
201703,114683,687890,1,0.74,ENE,HOHENWALD,35.5533,-87.5575
201703,114423,686066,1,0.76,S,WHITES CREEK,36.259,-86.8296
201703,114118,685550,1,1.17,WSW,RUTLEDGE FALLS,35.4162,-86.1503
201703,114118,685552,1,0.0,N,ARNOLDS AFS,35.38,-86.03
201703,114118,685561,1,0.44,SE,MANCHESTER SPENCER F,35.3758,-85.9642
201703,114118,685563,1,0.0,N,COUNTER PEN,35.38,-85.8
201703,114423,686087,1,1.48,W,ROYER ESTATES,35.8219,-86.3563
201703,114423,686120,1,0.0,N,COOKEVILLE,36.17,-85.5
201705,114686,695166,1,5.0,WNW,PITTMAN CENTER,35.7977,-83.4824
201705,114686,695166,2,4.0,NW,PITTMAN CENTER,35.8109,-83.4505
201703,114118,685823,1,0.55,SW,HILLTOP,36.4656,-87.4082
201703,114118,685825,1,1.14,N,ROUND POND,36.4664,-87.3776
201703,114118,685828,1,2.7,NE,SANGO,36.5304,-87.1993
201703,114118,685829,1,2.36,E,CLAYLICK,36.1724,-87.1778
201709,120207,720242,1,0.69,N,CHICKAMAUGA,35.08,-85.25
201703,114744,688309,1,2.29,NNW,TUCKERS XRDS,36.2311,-86.1944
201703,114423,686583,1,3.81,SE,BEDFORD,35.4252,-86.5404
201703,114423,686585,1,2.31,ESE,BOMAR ARPT,35.553,-86.4145
201703,114423,686080,1,2.11,SSW,SILVER SPGS,36.1702,-86.4578
201703,114118,683436,1,2.49,WSW,BIG ROCK,36.5616,-87.7885
201703,114423,686577,1,1.45,NNE,SHELBYVILLE,35.4986,-86.4579
201703,114423,686579,1,0.14,NW,VANNATTA,35.6214,-86.4817
201703,114423,686081,1,0.82,SSW,HOLTS CORNER,35.6695,-86.6868
201705,114684,687886,1,0.56,W,JEFFERSON CITY,36.12,-83.49
201705,114684,687887,1,0.0,N,ALPHA,36.18,-83.38
201703,114118,683609,1,0.0,N,CLARKSVILLE ARPT,36.62,-87.42
201703,114423,686581,1,0.93,SW,BOMAR ARPT,35.5589,-86.4593
201703,114423,686070,1,0.64,ENE,CLARKSVILLE,36.5351,-87.3403
201703,114423,686079,1,2.92,NW,SUGGS CREEK,36.1437,-86.5433
201705,114686,687914,1,1.8,ESE,HARR,36.57,-81.95
201705,114686,687916,1,1.31,WNW,BEIDLEMAN MILL,36.53,-82.15
201705,114686,687918,1,0.56,W,SHADY VLY,36.52,-81.93
201705,114686,687920,1,0.56,W,OAK GROVE,35.45,-84.53
201703,114118,683611,1,0.9,ESE,VANLEER,36.225,-87.4351
201703,114118,683934,1,1.8,W,MALLORYS,35.9548,-86.8317
201703,114118,683934,2,1.77,NE,MALLORYS,35.9675,-86.7767
201703,114423,686549,1,1.33,N,GREEN HILL,35.8491,-85.8026
201703,114423,686549,2,1.3,NNE,GREEN HILL,35.8476,-85.7919
201703,114423,686574,1,0.62,ENE,SHELBYVILLE,35.4835,-86.4599
201703,114118,683433,1,3.41,SSE,WAVERLY,36.0353,-87.7741
201703,114118,683444,1,1.21,S,PINEWOOD,35.9026,-87.4773
201703,114118,683444,2,0.88,SSW,LYLES,35.9077,-87.374
201703,114118,685020,1,2.15,N,SILVER BOTTOM,36.2608,-86.5253
201703,114118,685564,1,1.44,SSW,CUMBERLAND HGTS,35.3795,-85.705
201703,114118,685599,1,1.36,SSE,HERMITAGE SPGS,36.5615,-85.7618
201703,114118,685832,1,1.52,SW,GRAHAM STATION,35.8858,-87.5507
201709,120460,721725,1,1.25,WNW,WALNUT GROVE,36.5539,-87.1419
201708,120145,719849,1,4.95,E,SUGAR HILL,35.5402,-87.7327
201708,120145,719849,2,4.75,E,SUGAR HILL,35.5427,-87.7359
201708,120145,719850,1,1.42,W,ARROW,35.5178,-87.2251
201708,120145,719850,2,1.72,WNW,NEEDMORE,35.5591,-87.2585
201708,120145,719851,1,0.98,WNW,INGLEWOOD,36.2277,-86.7447
201708,120145,719854,1,0.55,NNW,BORDEAUX,36.2073,-86.854
201708,120145,719854,2,0.64,SE,JORDONIA,36.2129,-86.8626
201708,120145,719856,2,1.07,WSW,NASHVILLE CORNELIA F,36.1716,-86.7161
201708,120145,719856,1,1.47,SSW,NASHVILLE CORNELIA F,36.1597,-86.7079
201708,120145,719894,1,0.74,WNW,FOREST GROVE,36.3737,-86.8924
201708,120145,719894,2,1.57,WNW,UNION HILL,36.339,-86.806
201708,120145,719894,3,1.02,NE,BAKERS,36.3889,-86.7553
201708,120145,719894,4,2.15,SSW,FOUR CORNERS,36.0231,-86.5993
201708,120145,719894,5,1.42,SSW,NEWSOM,36.0619,-87.0122
201708,120145,719895,1,0.2,ESE,CHARTERSVILLE,35.719,-87.2666
201708,120145,719895,2,3.7,SSW,DUCK RIVER,35.679,-87.3197
201708,120145,719895,3,2.51,S,TOTTYS BEND,35.7437,-87.3694
201708,120145,719895,4,1.91,NNE,TIDWELL,35.953,-87.2111
201708,120145,719896,5,5.67,N,MALLORYS,36.0315,-86.7878
201708,120145,719896,6,2.28,NW,DUPLEX,35.7739,-86.878
201708,120145,719896,7,4.52,SW,LAMPLEY STORE,35.8547,-87.2082
201708,120145,719896,1,2.27,NW,NEW HOPE,36.0439,-87.1779
201708,120145,719896,2,5.39,ENE,NEW HOPE,36.0397,-87.0567
201708,120145,719896,3,2.31,NE,FERNVALE,35.9691,-87.0461
201708,120145,719896,4,4.38,N,FOREST HOME,36.0433,-86.9262
201704,115531,693625,1,0.58,WNW,HALLS,35.8732,-89.4095
201704,115531,693625,2,1.17,ENE,HALLS,35.8749,-89.38
201708,120145,719897,1,3.37,SSW,CRAGGIE HOPE,36.0555,-87.1747
201708,120145,719897,2,1.8,WSW,GRIFFINTOWN,36.1677,-87.1584
201708,120145,719897,3,4.21,NE,SHACKLETT,36.1642,-87.0376
201708,120145,719897,4,3.25,S,PEGRAM,36.0531,-87.0459
201708,120145,719900,1,4.16,NNW,WATER VLY,35.8274,-87.2026
201708,120145,719900,2,2.01,ESE,THETA,35.7739,-87.0149
201708,120145,719900,3,1.11,WNW,STIVERSVILLE,35.4553,-87.0686
201708,120145,719900,4,0.22,SSE,ROCKDALE,35.4673,-87.268
201708,120145,719900,5,1.21,NNE,MT JOY,35.5464,-87.2625
201708,120145,719900,6,2.21,SSW,ISOM,35.6027,-87.3404
201708,120145,719900,7,2.29,N,WILLIAMSPORT,35.713,-87.2247
201708,118536,712140,1,1.36,ENE,MALLORY,35.106,-90.047
201708,118536,712140,2,1.38,S,MEMPHIS,35.1101,-90.0192
201708,118536,712142,1,0.42,NNE,PIPER,35.0559,-89.6779
201708,118536,712142,2,0.67,NE,COLLIERVILLE,35.0561,-89.6607
201708,118538,712145,2,1.67,SW,SITKA,35.8521,-88.7899
201708,118538,712145,3,2.0,SSW,SITKA,35.846,-88.7897
201708,118538,712145,4,2.33,SW,SITKA,35.8464,-88.7997
201708,118538,712145,1,2.12,SW,SITKA,35.8515,-88.8003
201704,115531,693790,1,0.28,SSE,MEMPHIS,35.1262,-90.0185
201704,115531,693790,2,0.41,E,MEMPHIS,35.1289,-90.0128
201704,115531,693799,1,1.51,W,UNION CITY,36.4188,-89.0772
201704,115531,693799,2,0.35,SSW,UNION CITY,36.4158,-89.0535
201704,115531,693799,3,1.14,SSW,UNION CITY,36.4043,-89.0562
201704,115531,693799,4,2.05,WSW,UNION CITY,36.405,-89.0818
201704,115338,692524,1,0.61,S,HORNBEAK,36.3213,-89.3017
201704,115338,692524,2,0.0,N,TROY,36.35,-89.17
201709,120462,721722,1,0.0,N,MANCHESTER,35.48,-86.08
201709,120461,721716,1,0.91,NE,OAK HILL,36.1099,-86.8093
201709,120461,721717,1,1.95,WNW,OGLESBY,36.0653,-86.7593
201709,120461,721718,1,1.95,WNW,OGLESBY,36.0653,-86.7593
201709,120461,721719,1,5.99,N,MALLORYS,36.0362,-86.8106
201709,120461,721720,1,2.16,WNW,OGLESBY,36.06,-86.7667
201709,120461,721721,1,5.99,N,MALLORYS,36.0362,-86.8106
201709,120460,721712,1,0.74,WNW,FOREST GROVE,36.3737,-86.8925
201709,120460,721712,2,1.58,WNW,UNION HILL,36.339,-86.806
201709,120460,721712,3,1.02,NE,BAKERS,36.3889,-86.7553
201709,120460,721712,4,2.15,SSW,FOUR CORNERS,36.0231,-86.5993
201709,120460,721712,5,1.42,SSW,NEWSOM,36.0619,-87.0122
201709,120460,721713,1,1.35,W,POPLAR RIDGE,36.3767,-87.144
201709,120460,721713,2,0.91,WNW,PINNACLE,36.3551,-86.9451
201709,120460,721713,3,3.41,SSE,GRAVELOTTE,36.1818,-87.0067
201709,120460,721713,4,0.87,WNW,GRIFFINTOWN,36.186,-87.1437
201708,120144,719795,1,1.0,WNW,LEWISBURG,35.458,-86.8147
201708,120144,719795,2,1.06,NNE,LEWISBURG,35.4649,-86.7958
201708,120144,719795,3,0.77,NNE,LEWISBURG,35.4602,-86.7946
201708,120144,719795,4,0.8,WNW,LEWISBURG,35.4545,-86.8132
201708,120144,719796,1,2.59,WNW,PULASKI,35.2091,-87.0646
201708,120144,719796,2,2.4,WNW,PULASKI,35.2088,-87.0611
201708,120144,719796,3,0.99,SW,ABERNATHY ARPT,35.1392,-87.0614
201708,120144,719796,4,1.94,SSE,GOOD SPG,35.1234,-87.069
201708,120144,719796,5,1.73,S,GOOD SPG,35.1253,-87.0749
201709,120460,721714,1,2.36,SSW,MILLERSVILLE,36.337,-86.7112
201709,120460,721714,2,1.76,SSE,TYREE SPGS,36.4083,-86.6336
201709,120460,721714,3,1.15,ESE,PLEASANT VLY,36.4928,-86.6013
201709,120460,721714,4,1.1,WSW,PLEASANT VLY,36.494,-86.6384
201709,120460,721714,5,0.16,SSE,WHITE HOUSE,36.4678,-86.649
201709,120460,721714,6,1.46,SSW,WHITE HILL,36.4001,-86.6887
201709,120460,721714,7,3.27,WSW,WHITE HILL,36.4104,-86.7375
201709,120460,721715,1,3.15,SSE,PORT ROYAL,36.5092,-87.125
201709,120460,721715,2,2.85,E,SHADY GROVE,36.4723,-87.1287
201709,120460,721715,3,1.8,NNE,SANGO,36.5253,-87.2218
201709,120460,721715,4,1.6,NW,KENNEDY,36.6392,-87.2961
201709,120460,721715,5,4.48,ENE,HAMPTON STATION,36.6402,-87.1532
201709,120460,721715,6,0.94,NNW,PORT ROYAL,36.5633,-87.1533
201709,120460,721727,1,1.78,WSW,SPRINGFIELD,36.493,-86.9107
201709,120460,721728,1,1.58,ENE,TAYLOR XRDS,36.212,-87.4058
201709,120460,721729,1,1.3,NNW,GOODLETTSVILLE,36.3367,-86.7308
201709,120460,721730,1,0.58,S,SHACKLETT,36.1217,-87.0989
201709,120460,721723,1,0.95,N,GREENBRIER,36.4437,-86.7981
201709,120460,721724,1,2.61,N,CEDAR HILL,36.5875,-87.006
201709,120460,721726,1,4.07,SSW,COOPERTOWN,36.3806,-86.9898
201711,120613,726090,1,0.56,E,WINCHESTER,35.18,-86.11
201711,121482,727204,1,0.92,SSW,CEDAR CHAPEL,35.3871,-89.174
201711,121482,727204,2,1.79,SW,VILDO,35.3854,-89.1262
201711,121482,727205,1,30.8,S,HOLLADAY,35.4244,-88.1632
201711,121482,727205,2,29.13,S,MC ILLWAIN,35.4487,-88.0994
201712,121768,728864,1,3.87,WSW,MODEL,36.6223,-88.0306
201712,121768,728864,2,6.22,NNE,LEGATE,36.63,-87.6486
201712,121768,728864,3,2.95,SE,CUMBERLAND CITY,36.3758,-87.6063
201712,121768,728864,4,8.47,SSE,FT HENRY,36.3638,-87.9714
201712,121768,728865,1,2.58,NNE,SADLERSVILLE,36.6366,-87.1101
201712,121768,728865,2,1.07,NW,LAMONT,36.6414,-86.7632
201712,121768,728865,3,1.03,SSW,MT DENSON,36.5362,-86.8868
201712,121768,728865,4,1.64,SSE,STROUDSVILLE,36.4575,-87.1107
201712,121768,728866,1,7.31,NNW,OAKWOOD,36.6287,-87.6275
201712,121768,728866,2,4.76,ENE,BELDON,36.6342,-87.1455
201712,121768,728866,3,0.67,N,OAK PLAINS,36.4396,-87.1711
201712,121768,728866,4,1.7,SE,MC ALLISTERS XRDS,36.3349,-87.3258
201712,121768,728866,5,4.28,WSW,SHILOH,36.3536,-87.5741
201712,121768,728867,1,1.46,W,MITCHELLVILLE,36.6291,-86.5564
201712,121768,728867,2,1.84,NNE,PLEASANT GROVE,36.625,-86.2187
201712,121768,728867,3,2.91,S,CASTALIAN SPGS,36.3581,-86.3154
201712,121768,728867,4,1.58,WNW,ROCKLAND,36.3051,-86.6577
201712,121768,728867,5,0.9,SSE,WHITE HILL,36.4076,-86.6751
201712,121768,728868,1,0.88,N,COMMERCE,36.1625,-86.0973
201712,121768,728868,2,1.56,SSW,COTTAGE HOME,35.9785,-86.0385
201712,121768,728868,3,3.65,SE,VINE,35.9924,-86.324
201712,121768,728868,4,1.71,NNE,MORENE,36.0925,-86.2373
201711,121835,729303,1,0.56,E,OLD ENGLEWOOD,35.42,-84.49
201711,121836,729304,1,0.56,W,BORING,36.47,-82.41
201711,121836,729305,1,0.89,SE,(TYS)MCGHEE TYSON KN,35.81,-83.99
201711,121835,729302,1,0.0,N,RICEVILLE,35.38,-84.7
201712,121768,728869,1,0.43,NE,SPRING HILL,35.7536,-86.9238
201712,121768,728869,2,0.54,ENE,SPRING HILL,35.7535,-86.9215
201712,121768,728869,3,0.51,E,SPRING HILL,35.7512,-86.921
201712,121768,728869,4,0.51,SE,SPRING HILL,35.7454,-86.9228
201712,121768,728869,5,0.42,SE,SPRING HILL,35.7455,-86.9249
201712,121768,728870,1,1.75,SSE,VERONA,35.5076,-86.7656
201712,121768,728870,2,2.05,SSE,VERONA,35.5026,-86.7661
201712,121768,728870,3,0.88,SSE,ELLINGTON ARPT,35.5079,-86.7948
201712,121768,728870,4,0.56,SE,ELLINGTON ARPT,35.5148,-86.7923
201712,121768,728870,5,1.3,SSE,VERONA,35.5116,-86.7753
201712,121768,728871,1,4.25,NE,FERNVALE,35.987,-87.0192
201712,121768,728871,2,4.64,N,FOREST HOME,36.0471,-86.9267
201712,121768,728871,3,4.95,N,BERRYS CHAPEL,36.0412,-86.8702
201712,121768,728871,4,1.31,NE,EWINGVILLE,35.9315,-86.8514
201712,121768,728871,5,1.32,WNW,BOSTON,35.8595,-87.0505
201712,121768,728872,1,1.58,SSW,DIXON SPGS,36.3486,-86.0799
201712,121768,728872,2,2.3,ENE,PLEASANT SHADE,36.3973,-85.9147
201712,121768,728872,3,0.61,SE,LANCASTER HILL,36.1238,-85.8721
201712,121768,728872,4,1.83,SW,SYKES,36.1117,-85.9936
201704,115531,693618,1,1.0,NW,UNION CITY,36.4302,-89.0627
201704,115531,693618,2,1.22,NNE,UNION CITY,36.436,-89.0408
201710,120503,721957,1,2.1,SW,DILLTON,35.7798,-86.358
201703,112899,678857,1,2.07,S,CENTER GROVE,35.29,-86.23
201703,113087,678977,1,0.56,E,HOWELL,35.23,-86.61
201703,113087,678978,1,0.56,W,LOIS,35.23,-86.38
201703,113087,678979,1,1.13,E,LYNCHBURG,35.28,-86.36
201703,112899,674528,1,2.21,SW,CENTER GROVE,35.2958,-86.2557
201703,112899,674528,2,2.98,SSE,CENTER GROVE,35.28,-86.21
201703,112899,678829,1,0.57,E,PROSPECT,35.08,-86.57
201703,112899,678832,1,1.49,NNE,LOIS,35.25,-86.36
201703,112899,678835,1,3.92,ENE,CHESTNUT RIDGE,35.3613,-86.492
201703,112899,678836,1,2.14,ESE,CHESTNUT RIDGE,35.314,-86.5175
201703,112899,678833,1,0.56,E,CHESTNUT RIDGE,35.33,-86.54
201704,115531,693791,1,1.46,E,WHITE STATION,35.1191,-89.8742
201704,115531,693791,2,2.61,ENE,WHITE STATION,35.1278,-89.8548
201704,115531,693795,1,1.54,NW,ELLENDALE,35.2448,-89.8503
201704,115531,693795,2,1.55,NNW,ELLENDALE,35.2507,-89.8406
201704,115285,692119,1,0.42,W,THREE PT,35.6997,-89.7075
201704,115285,692119,2,1.89,SE,HENNING,35.652,-89.5547
201703,113087,678980,1,2.36,WNW,LOIS,35.24,-86.41
201703,113087,678981,1,1.13,E,FAYETTEVILLE,35.15,-86.56
201703,113087,678982,1,0.69,N,HUNTLAND,35.06,-86.27
201703,113087,678983,1,0.57,E,BELVIDERE,35.13,-86.19
201703,113087,678983,2,2.79,S,LAKEVIEW,34.9904,-86.0209
201710,121204,725580,1,1.0,E,ROAN MTN,36.2,-82.0521
201710,121204,725580,2,1.0,NW,ROAN MTN,36.2102,-82.0827
201710,121204,725580,3,5.0,SW,ROAN MTN,36.1488,-82.1334
201710,121204,725580,4,6.0,S,ROAN MTN,36.1132,-82.07
201710,121204,725582,1,1.0,E,ROAN MTN,36.2,-82.0521
201710,121204,725582,2,1.0,NW,ROAN MTN,36.2102,-82.0827
201710,121204,725582,3,5.0,SW,ROAN MTN,36.1488,-82.1334
201710,121204,725582,4,6.0,S,ROAN MTN,36.1132,-82.07
201710,121204,725581,1,1.0,E,ROAN MTN,36.2,-82.0521
201710,121204,725581,2,1.0,NW,ROAN MTN,36.2102,-82.0827
201710,121204,725581,3,5.0,SW,ROAN MTN,36.1488,-82.1334
201710,121204,725581,4,6.0,S,ROAN MTN,36.1132,-82.07
201710,121204,725585,1,1.0,E,ROAN MTN,36.2,-82.0521
201710,121204,725585,2,1.0,NW,ROAN MTN,36.2102,-82.0827
201710,121204,725585,3,5.0,SW,ROAN MTN,36.1488,-82.1334
201710,121204,725585,4,6.0,S,ROAN MTN,36.1132,-82.07
201710,121204,725579,1,1.0,E,ROAN MTN,36.2,-82.0521
201710,121204,725579,2,1.0,NW,ROAN MTN,36.2102,-82.0827
201710,121204,725579,3,5.0,SW,ROAN MTN,36.1488,-82.1334
201710,121204,725579,4,6.0,S,ROAN MTN,36.1132,-82.07
201703,112899,674527,1,2.26,E,PLEASANT HILL,35.3,-86.28
201703,112899,674527,2,3.07,NE,RIDGEVILLE,35.2958,-86.2557
201703,112899,678825,1,0.89,SW,LOIS,35.22,-86.38
201712,121948,730110,1,1.06,NNE,JACKSON,35.633,-88.8199
201712,121948,730110,2,1.13,NE,JACKSON,35.6331,-88.8179
201712,121948,730110,3,1.02,NE,JACKSON,35.6314,-88.8184
201712,121948,730110,4,0.96,NE,JACKSON,35.6314,-88.8202
201703,112899,678844,1,0.68,ESE,COUNTY LINE,35.3158,-86.359
201703,112899,678845,1,0.69,N,RIDGEVILLE,35.28,-86.3
201703,112899,678846,1,1.78,NE,RIDGEVILLE,35.29,-86.28
201703,112899,678848,1,0.81,NW,PLEASANT HILL,35.3097,-86.3281
201703,112899,678849,1,0.34,N,RIDGEVILLE,35.2748,-86.3009
201703,112899,678837,1,1.38,S,CENTER GROVE,35.3,-86.23
201703,112899,678838,1,0.5,WNW,LYNCHBURG,35.2826,-86.3882
201703,112899,678850,1,1.2,E,PLEASANT HILL,35.2994,-86.2988
201703,112899,678851,1,0.77,NNE,PLEASANT HILL,35.3094,-86.3126
201703,112899,678839,1,2.06,NW,LYNCHBURG,35.3006,-86.4065
201703,112899,678840,1,0.51,WSW,HURDLOW,35.1777,-86.3386
201703,112899,678841,1,0.45,SSE,PLEASANT HILL,35.2944,-86.3159
201703,112899,678842,1,1.03,NNW,CUMBERLAND SPGS,35.3444,-86.3047
201703,112899,678843,1,1.54,NNE,LOIS,35.2506,-86.3598
201703,112899,678827,1,1.57,WSW,PLEASANT HILL,35.291,-86.3455
201703,112899,678826,1,1.06,SW,LYNCHBURG,35.2673,-86.3904
201703,112899,678855,1,0.89,NW,PLEASANT HILL,35.31,-86.33
201703,112899,678831,1,1.49,SSE,COUNTY LINE,35.3,-86.36
201703,112899,678852,1,1.32,SSE,LYNCHBURG,35.2633,-86.3685
201703,112899,678854,1,3.61,E,CUMBERLAND SPGS,35.3327,-86.236
201703,112899,678856,1,1.66,SW,CENTER GROVE,35.3038,-86.2517
201703,114118,685078,1,1.1,WSW,CHERRY VLY,36.0952,-86.1887
201703,114118,685078,2,0.81,SE,WATERTOWN,36.0926,-86.1188
201703,114118,685834,1,2.46,SSE,ST BETHLEHEM,36.5452,-87.2911
201703,114118,685836,1,0.97,NE,KINGFIELD,35.9304,-87.0384
201703,114118,683637,1,0.55,SSE,CLARKSVILLE,36.5222,-87.3478
201703,114118,683663,1,2.1,S,CHARLOTTE,36.1502,-87.337
201703,114118,683663,2,2.92,NE,FAIRVIEW,36.1444,-87.2872
201703,114118,683635,1,3.52,SSE,ST BETHLEHEM,36.5317,-87.28
201703,114118,685059,1,1.61,NNE,MORENE,36.0907,-86.2366
201703,114118,685600,1,1.57,SSW,CHERRY XRDS,36.5603,-85.7439
201703,114118,685601,1,1.49,SW,CLEMENTSVILLE,36.607,-85.7415
201708,118538,712146,1,1.57,NW,HUMBOLDT,35.8384,-88.9364
201708,118538,712146,2,0.95,NE,HUMBOLDT ARPT,35.8093,-88.8574
201708,118538,712146,3,0.92,SW,HUMBOLDT ARPT,35.7906,-88.8815
201708,118538,712146,4,2.17,WSW,HUMBOLDT,35.8106,-88.957
201708,118538,712147,1,1.42,S,HUMBOLDT ARPT,35.7794,-88.8705
201708,118538,712147,2,2.0,SE,HUMBOLDT ARPT,35.7811,-88.843
201708,118538,712147,3,3.29,SSE,HUMBOLDT ARPT,35.7587,-88.8406
201708,118538,712147,4,2.64,S,HUMBOLDT ARPT,35.7619,-88.871
201708,118538,712148,1,3.32,N,MAURY CITY,35.8679,-89.2332
201708,118538,712148,2,2.57,W,CROCKETT MILLS,35.8689,-89.2159
201708,118538,712148,3,1.49,NNE,MAURY CITY,35.838,-89.2155
201708,118538,712148,4,1.31,N,MAURY CITY,35.8387,-89.2262
201708,118538,712150,1,1.34,WNW,FRUITVALE,35.758,-89.0517
201708,118538,712150,2,1.01,ENE,FRUITVALE,35.7539,-89.0126
201708,118538,712150,3,0.12,E,WALNUT HILL,35.7201,-89.0478
201708,118538,712150,4,0.61,N,BELLS,35.7287,-89.0782
201708,118538,712152,1,0.82,NE,NANCE,35.8393,-89.1208
201708,118538,712152,2,0.94,NW,QUINCY,35.84,-89.0915
201708,118538,712152,3,0.89,WSW,QUINCY,35.8269,-89.0955
201708,118538,712152,4,0.6,E,NANCE,35.829,-89.1194
201703,112932,674741,1,2.67,SW,OAK RIDGE,35.99,-84.3
201703,113698,723787,1,0.0,N,CLEVELAND,35.17,-84.88
201703,113698,723802,1,2.0,W,HOPEWELL,35.23,-84.9354
201703,112932,674747,1,0.89,SW,DUNLAP,35.37,-85.39
201703,112932,674754,1,2.19,SE,HOPEWELL,35.21,-84.87
201704,113398,679178,1,0.0,N,BELLEVILLE,35.27,-86.57
201704,113398,679179,1,0.0,N,BELLEVILLE,35.27,-86.57
201703,113698,680597,1,0.0,N,POPLAR SPGS,35.87,-84.42
201703,112932,674730,1,0.69,N,HAVERON CHAPEL,35.03,-85.78
201703,113698,723801,1,0.0,N,CLEVELAND,35.17,-84.88
201704,115531,693623,1,2.5,SE,COVINGTON,35.5403,-89.6447
201704,115531,693623,2,2.02,E,COVINGTON,35.5699,-89.6341
201704,115270,692049,1,0.0,N,SELMER,35.18,-88.6
201703,114118,685093,1,1.11,NNW,LAFAYETTE,36.5357,-86.0345
201703,114118,685093,2,1.21,N,DAYS XRDS,36.5376,-85.9802
201703,114118,685602,1,0.73,E,MEMORIAL,36.6016,-85.687
201703,114118,685603,1,0.28,WSW,MIDWAY,36.5692,-85.6048
201703,114118,685101,1,1.07,S,THOMAS,36.0645,-85.6284
201707,116201,714308,1,3.24,SSE,MIMOSA,35.18,-86.5
201707,116201,714309,1,0.89,SW,LEXIE XRDS,35.14,-86.29
201707,116201,714310,1,0.56,E,ESTILL SPGS,35.27,-86.12
201707,116201,714311,1,2.15,SSW,CAPITOL HILL,35.27,-86.08
201707,116201,714312,1,0.89,NE,ESTILL SPGS,35.28,-86.12
201707,116201,714313,1,0.69,S,ESTILL SPGS ARPT,35.26,-86.15
201707,116201,714315,1,0.56,E,ESTILL SPGS,35.27,-86.12
201707,117841,708298,1,1.57,SW,HOWLEY,35.8664,-88.5524
201707,117841,708298,2,0.33,NW,HOWLEY,35.8832,-88.5344
201707,117995,709326,1,0.0,N,BRADEN,35.38,-89.58
201707,117995,709326,2,0.96,E,BRADEN,35.3808,-89.563
201707,117737,707947,1,0.84,WSW,NEWBERN,36.1163,-89.2843
201707,117737,707947,2,0.55,W,NEWBERN,36.119,-89.2798
201703,114118,685839,1,0.58,NNW,BINGHAM,35.9378,-86.9739
201703,114118,685839,2,1.82,ENE,BINGHAM,35.9424,-86.9412
201707,117845,708303,1,3.56,WSW,GERMANTOWN,35.0644,-89.88
201707,117845,708303,2,1.98,WSW,GERMANTOWN,35.0652,-89.85
201707,117845,708303,3,2.84,SW,GERMANTOWN,35.047,-89.85
201707,117845,708303,4,2.82,NE,CAPLEVILLE,35.0474,-89.8831
201707,117738,707949,1,0.8,NNW,FISHERVILLE,35.1809,-89.6748
201707,117841,708300,1,0.0,N,HUNTINGDON,36.0,-88.42
201707,117841,708300,2,1.29,ENE,HUNTINGDON,36.0101,-88.4006
201707,117843,708301,1,0.79,NNW,BENJESTOWN,35.2606,-90.0752
201707,117843,708301,2,1.24,N,FRAYSER,35.2379,-90.049
201707,117845,708304,1,2.71,W,GAINESVILLE,35.4185,-89.668
201707,117845,708304,2,0.34,ENE,GAINESVILLE,35.421,-89.6141
201707,117845,708304,3,2.7,S,GAINESVILLE,35.381,-89.621
201707,117845,708304,4,3.27,SE,IDAVILLE,35.391,-89.6869
201707,117845,708305,1,1.74,SSW,BERCLAIR,35.1261,-89.93
201707,117845,708305,2,0.44,NNW,WHITE STATION,35.1261,-89.9018
201707,117845,708305,3,0.97,S,WHITE STATION,35.1059,-89.9011
201707,117845,708305,4,2.1,WSW,WHITE STATION,35.1108,-89.9355
201707,117995,709327,1,6.0,W,LEXINGTON,35.65,-88.5069
201707,117995,709327,2,2.03,E,BROADWAY,35.6696,-88.4338
201707,116201,714301,1,1.78,NE,FAYETTEVILLE,35.17,-86.56
201707,116201,714302,1,1.7,E,KELSO,35.13,-86.44
201707,116201,714304,1,2.76,N,KELSO,35.17,-86.47
201707,116201,714305,1,2.76,S,MULBERRY,35.18,-86.47
201707,116201,714306,1,3.14,ESE,FAYETTEVILLE,35.13,-86.53
201707,116201,714307,1,2.19,NW,CHAMP,35.19,-86.43
201707,117995,709328,1,0.0,N,BLUE GOOSE,35.7,-88.58
201707,117995,709328,2,0.99,E,BLUE GOOSE,35.701,-88.5623
201703,114118,683829,1,0.47,WNW,GRIFFINTOWN,36.1828,-87.1376
201703,114531,686861,1,4.43,S,CARLISLE,36.3662,-87.7771
201703,114118,683879,1,1.33,SW,OLD HICKORY,36.245,-86.6649
201703,114118,683880,1,0.0,N,OLD HICKORY,36.26,-86.65
201703,114118,685099,1,1.72,WSW,LANCASTER HILL,36.1225,-85.9093
201703,114118,685099,2,1.32,ENE,LANCASTER,36.1355,-85.8273
201703,114118,685290,1,0.0,N,CROSSVILLE,35.95,-85.03
201703,114118,685291,1,1.8,E,MONTEREY,36.15,-85.2377
201703,114118,685291,2,1.9,E,MONTEREY,36.1506,-85.2359
201703,114118,685614,1,0.0,N,ALEXANDRIA,36.08,-86.03
201703,114118,685848,1,2.21,SW,INGLEWOOD,36.1935,-86.7524
201703,114118,685849,1,0.33,ENE,HOPEWELL,36.2323,-86.6249
201703,114118,683827,1,0.12,ESE,LAMPLEY STORE,35.8991,-87.1481
201703,114118,685292,1,2.98,SSW,GRIMSLEY,36.2295,-84.9984
201703,114118,685293,1,2.72,WNW,WAYNESBORO,35.341,-87.8108
201703,114118,685102,1,1.33,WNW,BUFFALO VLY,36.135,-85.803
201703,114118,685102,2,2.55,SE,GENTRY,36.1521,-85.7201
201703,114118,685620,1,0.0,N,ERIN,36.32,-87.7
201703,114118,683876,1,1.59,W,INGLEWOOD,36.2237,-86.7581
201703,114118,685288,1,1.57,ESE,DENNY SEMINARY,36.1376,-85.7464
201703,114118,685288,2,2.55,ENE,DOUBLE SPGS,36.1858,-85.5588
201703,114118,683877,1,0.71,W,LAKEWOOD,36.2502,-86.6428
201703,114118,683878,1,1.33,S,HERMITAGE,36.1608,-86.6212
201703,114118,685604,1,1.37,SSE,BOLES,36.6009,-85.6632
201703,114118,685815,1,3.75,SSE,WAVERLY,36.0327,-87.7671
201703,114118,685878,1,0.6,SSE,CHESTNUT MOUND,36.1928,-85.8141
201703,114118,685286,1,0.4,NE,HERMITAGE SPGS,36.5842,-85.7651
201703,114118,685287,1,1.05,ENE,BAPTIST RIDGE,36.4835,-85.5016
201703,114118,685289,1,0.0,N,COOKEVILLE,36.17,-85.5
201703,114118,685098,1,1.1,SSW,SYKES,36.1167,-85.9809
201703,114118,685098,2,1.8,W,LANCASTER HILL,36.127,-85.9121
201703,114118,690295,1,0.0,N,WHITES CREEK,36.27,-86.83
201703,114423,686063,1,3.0,SW,DICKSON,36.0493,-87.418
201703,114118,683874,1,0.0,N,FRANKLIN,35.92,-86.9
201703,114118,685284,1,0.87,SSW,BRUSH CREEK,36.1091,-86.0377
201703,114118,685285,1,2.19,ESE,BRUSH CREEK,36.1055,-85.9952
201703,114118,683872,1,0.0,N,SPRINGFIELD,36.5,-86.88
201703,114118,683873,1,0.4,NE,BINGHAM,35.9341,-86.9649
201703,114118,685903,1,0.55,W,ALGOOD,36.2014,-85.4397
201703,114118,686046,1,2.19,WSW,BRUSH CREEK,36.1076,-86.066
201703,114118,686046,2,1.53,SW,BRUSH CREEK,36.1071,-86.0522
201703,114118,685100,1,1.01,ESE,DENNY SEMINARY,36.1461,-85.7526
201703,114118,685100,2,0.72,NNW,COLES STORE,36.1801,-85.6227
201703,114118,685103,1,2.74,SSE,TWIN OAK,36.0462,-85.5941
201703,114118,683838,1,2.42,SW,NASHVILLE,36.1446,-86.8099
201703,114118,683840,1,2.62,N,BERRYS CHAPEL,36.0075,-86.8871
201703,114118,685902,1,0.31,N,PARRAGON,36.2045,-85.4004
201703,114118,683830,1,1.0,NNW,BELLE MEADE,36.1134,-86.8769
201703,114118,685816,1,3.91,SSE,WAVERLY,36.0284,-87.7714
201703,114118,685817,1,1.06,W,FEW CHAPEL,36.0977,-87.5988
201703,114118,683835,1,1.13,ESE,GRAVELOTTE,36.2251,-87.0007
201703,114683,687911,1,0.89,NW,GAITHERVILLE,35.2598,-87.3803
201703,114683,687921,1,0.0,N,UNIONVILLE,35.62,-86.6
201703,114683,687919,1,0.66,ESE,CORNERSVILLE,35.3654,-86.8398
201703,114683,687897,1,0.77,SE,CENTER,35.341,-87.4419
201703,114683,687898,1,0.0,N,HAMPSHIRE,35.6,-87.3
201703,114683,687905,1,1.31,N,WESTWOOD,35.6189,-87.0816
201703,114683,687912,1,0.08,SSE,PEYTONSVILLE,35.8189,-86.7795
201711,121015,724538,1,0.6,WNW,BRUSH CREEK,36.1218,-86.0405
201705,115587,694155,1,0.0,N,LEBANON,36.22,-86.3
201711,121015,724541,1,1.2,NE,BRUSH CREEK,36.1324,-86.015
201711,121015,724541,2,0.83,S,HICKMAN,36.138,-85.9311
201705,115587,694158,1,1.08,NW,FLAT ROCK,36.2418,-86.1127
201705,115587,694159,1,1.84,ENE,FREE HILL,36.5771,-85.4481
201705,115587,694156,1,0.72,E,GRANT,36.1814,-86.0673
201711,121015,724537,1,0.22,ENE,WATERTOWN,36.1009,-86.1262
201705,115587,694157,1,0.56,W,WATERTOWN,36.1,-86.14
201711,121015,724542,1,2.77,ESE,WOODBURY,35.8154,-86.0339
201711,121015,724477,1,1.35,WNW,LOBELVILLE,35.7844,-87.7734
201711,121015,724479,1,1.36,WSW,DOTSONVILLE,36.4698,-87.5009
201711,121015,724485,1,1.75,WNW,KINNEY,36.5407,-86.9585
201711,121015,724487,1,0.0,N,YOUNGVILLE,36.58,-86.83
201711,121015,724516,1,1.25,N,LAGUARDO,36.3179,-86.4467
201711,121013,724459,1,3.8,NNE,FOREST HOME,36.0297,-86.9009
201711,121015,724531,1,1.46,S,LEBANON,36.1992,-86.2958
201711,121015,724532,1,0.92,ESE,HOLLOWAY,36.143,-86.306
201711,121015,724534,1,0.3,ESE,SHOP SPGS,36.128,-86.2153
201711,121015,724508,1,2.39,SE,COLUMBIA,35.592,-87.0251
201711,121013,727795,1,1.44,WNW,WATKINS,35.9302,-85.9025
201711,121015,724577,1,0.89,NE,PAYNES STORE,36.41,-86.26
201711,121015,724577,2,1.67,W,BEECH GROVE,36.42,-86.13
201711,121015,724493,1,0.0,N,CROSS PLAINS,36.55,-86.7
201711,121013,727791,1,2.24,NNW,FOREST HILL,36.1303,-87.8146
201711,121013,727791,2,2.1,NNW,FOREST HILL,36.1289,-87.8113
201711,121013,727791,3,1.67,NNW,FOREST HILL,36.1221,-87.8121
201711,121013,727791,4,1.77,NNW,FOREST HILL,36.1229,-87.8142
201711,121013,724441,1,4.06,WNW,WEST MEADE,36.1428,-86.9871
201711,121013,724441,2,1.55,NNE,FOUR CORNERS,36.071,-86.5701
201711,121013,724441,3,4.73,SE,WRENCOE,35.9791,-86.632
201711,121013,724441,4,0.72,N,BRENTWOOD,36.0403,-86.7819
201711,121013,724441,5,0.88,S,BELLEVUE,36.0573,-86.9319
201711,121013,724441,6,2.11,SSW,LINTON,36.0013,-87.0327
201711,121013,724445,1,4.06,WNW,WEST MEADE,36.1428,-86.987
201711,121013,724445,2,1.55,NNE,FOUR CORNERS,36.071,-86.5701
201711,121013,724445,4,0.72,N,BRENTWOOD,36.0403,-86.7819
201711,121013,724445,5,0.88,S,BELLEVUE,36.0573,-86.9319
201711,121013,724445,6,2.11,SSW,LINTON,36.0013,-87.0327
201711,121013,724445,3,4.74,SE,WRENCOE,35.9791,-86.632
201711,121013,724437,1,1.8,ENE,FOREST HOME,35.9935,-86.9024
201711,121013,727766,1,0.48,NNW,FOREST HOME,35.9865,-86.9327
201711,121013,727789,1,3.31,NNW,EDGEWOOD,36.2245,-87.5521
201711,121013,727789,2,3.48,N,EDGEWOOD,36.23,-87.5374
201711,121013,727789,3,1.65,N,ADAMS XRDS,36.2039,-87.5216
201711,121013,727789,4,1.53,NNW,EDGEWOOD,36.2011,-87.5384
201711,121015,724530,1,0.0,N,LAFAYETTE,36.52,-86.03
201711,121013,727797,1,1.35,S,KINGSTON SPGS,36.0806,-87.1165
201711,121015,724518,1,1.5,SE,LA VERGNE,36.0059,-86.5595
201711,121015,724521,1,0.21,SSE,SILVER BOTTOM,36.2273,-86.5183
201711,121015,724522,1,1.98,N,BECKWITH,36.2484,-86.475
201711,121015,724528,1,0.82,WSW,HORN SPGS,36.2259,-86.3839
201711,121013,724438,1,1.02,NW,MALLORYS,35.96,-86.8136
201711,121013,724440,1,1.25,W,SMYRNA,35.982,-86.5523
201711,121013,724440,2,0.99,WNW,SMYRNA,35.9866,-86.5458
201711,121013,724440,3,0.67,W,SMYRNA,35.9815,-86.5418
201711,121013,724440,4,1.08,W,SMYRNA,35.9794,-86.5492
201711,121015,727752,1,1.6,NNE,READYVILLE,35.8525,-86.1731
201711,121015,727752,2,2.63,NE,READYVILLE,35.859,-86.1495
201711,121015,724472,1,1.71,NE,FOREST HILL,36.1189,-87.7803
201711,121013,724465,1,0.82,S,FINDLAY,35.9382,-85.4821
201711,121013,724465,3,0.22,WSW,SPARTA,35.9292,-85.4738
201711,121013,724465,4,0.18,NW,SPARTA,35.9319,-85.4722
201711,121013,724465,2,0.82,WNW,SPARTA,35.9338,-85.4839
201711,121013,724462,1,1.87,NW,COMPTON,35.9194,-86.3734
201711,121013,724456,1,0.64,NE,BRENTWOOD,36.0353,-86.7707
201711,121013,727796,1,0.69,WNW,JEFFERSON,35.9855,-86.4802
201711,121015,724544,1,1.23,WNW,LANCASTER HILL,36.1345,-85.9014
201711,121015,724548,1,2.3,NNE,HELTON,36.1015,-85.9366
201711,121013,724470,1,0.46,S,DRIPPING SPGS,36.0934,-85.2301
201711,121013,724470,2,4.69,NE,PEAVINE,36.0792,-84.8421
201711,121013,724470,3,1.72,SW,ALLOWAY,35.7852,-84.9047
201711,121013,724470,4,2.69,SW,NEWTON,35.7766,-85.2384
201711,121013,724470,5,2.58,NNE,TODD TOWN,35.9138,-85.2004
201711,121015,724545,1,0.0,N,CELINA,36.55,-85.5
201711,121015,724549,1,0.0,N,BUFFALO VLY,36.13,-85.78
201711,121015,724551,1,1.21,E,PLEASANT RIDGE,35.8808,-86.0284
201711,121015,724498,1,0.42,N,UNION HILL,36.336,-86.7787
201711,121015,724535,1,2.09,E,SHOP SPGS,36.1289,-86.1827
201711,121015,724536,1,1.36,N,CHERRY VLY,36.1194,-86.1659
201711,121013,724451,1,0.0,N,SMYRNA ARPT,36.0,-86.52
201711,121015,724540,1,1.49,WSW,SYKES,36.121,-85.9943
201711,121015,724553,1,0.0,N,BURRISTOWN,36.38,-85.53
201711,121015,724556,1,0.6,SSW,MT UNION,36.2617,-85.5234
201711,121015,724559,1,0.35,N,CASSVILLE,35.9549,-85.6011
201711,121015,724565,1,0.43,ENE,HANGING LIMB,36.2327,-85.1631
201711,121015,724486,1,1.36,SSW,SYCAMORE,36.303,-87.0624
201711,121013,724436,1,1.31,SW,NEW HOPE,36.0094,-87.1693
201711,121013,727800,1,1.35,ENE,HENSLEYS CHAPEL,35.9255,-85.5068
201711,121015,724557,1,0.0,N,LIVINGSTON,36.38,-85.32
201711,121015,724563,1,1.72,SE,MONTEREY,36.1301,-85.2514
201711,121015,724561,1,1.0,NW,FINDLAY,35.9607,-85.4919
201711,121013,724447,3,1.88,S,COTTAGE HOME,35.9728,-86.0313
201711,121013,724447,4,3.05,WNW,CAINSVILLE,35.9853,-86.3011
201711,121013,724447,5,0.66,NW,VINE,36.0368,-86.3784
201711,121013,724447,6,1.33,WSW,SUGGS CREEK,36.1122,-86.5217
201711,121013,724447,1,2.22,S,MT JULIET,36.1683,-86.5134
201711,121013,724447,2,1.04,NNE,COMMERCE,36.1639,-86.0927
201711,121013,724453,1,1.24,W,ALEXANDRIA,36.0808,-86.0523
201711,121013,724453,2,1.61,E,ALEXANDRIA,36.0794,-86.0012
201711,121013,724453,3,1.27,NW,TEMPERANCE HALL,36.0952,-85.9126
201711,121013,724453,4,2.25,WSW,CHERRY HILL,36.0632,-85.7594
201711,121013,724453,5,1.16,SSW,PISGAH,35.8843,-85.9073
201711,121013,724453,6,2.81,SW,LIBERTY,35.9694,-86.0031
201711,121015,724489,1,0.14,ESE,MT ZION,36.3294,-86.9676
201711,121015,724489,2,1.6,SSE,PINNACLE,36.3277,-86.9223
201711,121015,724509,1,2.27,W,CEDAR GROVE,36.3463,-86.4906
201711,121015,724475,1,2.22,SE,YELLOW CREEK,36.2544,-87.5458
201711,121015,724499,1,0.0,N,WHITE HOUSE,36.47,-86.66
201711,121015,724501,1,1.32,ESE,CALLE,35.82,-86.85
201711,121015,724503,1,1.91,SE,WESTWOOD,35.5808,-87.0554
201711,121015,724476,1,2.98,NNW,MC EWEN,36.16,-87.65
201711,121013,724450,1,1.95,SW,LA VERGNE,36.0038,-86.6086
201711,121013,724450,2,1.84,NNE,J PERCY PRIEST RES S,36.0735,-86.4846
201711,121013,724450,3,2.52,N,LASCASSAS,35.9664,-86.3234
201711,121013,724450,4,2.49,ENE,MILTON,35.948,-86.1614
201711,121013,724450,5,2.75,NE,DONNEL CHAPEL,35.7796,-86.1971
201711,121013,724450,6,1.55,WSW,WINDROW,35.7939,-86.5966
201711,121015,724514,1,0.35,S,CEDAR GROVE,36.3449,-86.4504
201711,121015,724515,1,1.55,SSW,LA VERGNE,35.9982,-86.5867
201711,121015,724482,1,0.36,WNW,CHEAP HILL,36.3318,-87.1561
201711,121015,724483,1,0.81,NW,FOX BLUFF,36.3292,-87.1792
201711,121015,724484,1,0.47,SSW,CHAPMANSBORO,36.3436,-87.1727
201711,121015,724484,2,0.96,ESE,CHEAP HILL,36.3236,-87.1347
201711,121015,724492,1,0.23,SSW,PINNACLE,36.3469,-86.9318
201711,121013,727792,1,0.71,WSW,GRANT,36.1778,-86.0924
201711,121013,727792,2,0.63,W,GRANT,36.1795,-86.0912
201711,121013,727792,3,0.56,WSW,GRANT,36.1781,-86.0898
201711,121013,727792,4,0.64,WSW,GRANT,36.1764,-86.0906
201711,121013,727793,1,0.0,N,STATESVILLE,36.03,-86.13
201711,121015,724478,1,0.0,N,SLAYDEN,36.3,-87.47
201711,121015,724506,1,0.62,N,PORTLAND,36.589,-86.5196
201711,121015,724513,1,0.26,SSE,GREENLAWN,36.2468,-86.5677
201711,121013,727799,1,2.19,NE,VANDEVER,35.8526,-85.0526
201711,121013,724439,5,5.7,N,MALLORYS,36.031,-86.7811
201711,121013,724439,6,2.98,ENE,NOLENSVILLE,35.9634,-86.6293
201711,121013,724439,7,3.5,SE,NOLENSVILLE,35.9145,-86.6354
201711,121013,724439,8,2.35,NNW,CRAIGFIELD,35.9509,-87.1976
201711,121013,724439,1,2.3,NW,NEW HOPE,36.044,-87.1785
201711,121013,724439,2,5.25,ENE,NEW HOPE,36.038,-87.0587
201711,121013,724439,3,2.82,NE,FERNVALE,35.9754,-87.0405
201711,121013,724439,4,4.47,N,FOREST HOME,36.0447,-86.927
201703,114118,685295,1,0.0,N,HOLTS CORNER,35.68,-86.68
201703,114118,683892,1,0.85,NW,SANDHILL,36.0387,-86.5608
201703,114118,683892,2,2.01,WNW,J PERCY PRIEST RES S,36.0576,-86.5348
201703,114531,686863,1,3.95,ENE,NEW HOPE,36.0404,-87.0839
201703,114118,683870,1,1.08,S,BERRYS CHAPEL,35.9545,-86.883
201703,114118,683870,2,2.92,NNW,NOLENSVILLE,35.9883,-86.7019
201703,114118,685297,1,0.0,N,LORETTO,35.08,-87.45
201703,114118,685296,1,8.0,SE,COLLINWOOD,35.0981,-87.6499
201707,116840,702789,1,0.67,SE,GALLATIN MUNI ARPT,36.3723,-86.4125
201707,116836,702610,1,0.28,NE,OLD HICKORY,36.2632,-86.6469
201707,116836,702610,2,0.75,SE,LAKEWOOD,36.2412,-86.6221
201707,116836,702610,3,2.24,W,HOPEWELL,36.228,-86.6702
201707,116836,702610,4,1.74,SSW,RAYON CITY,36.2489,-86.6869
201707,116836,702612,1,0.49,SE,RICHLAND,36.146,-86.8727
201707,116836,702612,2,0.48,SE,RICHLAND,36.1443,-86.8751
201707,116836,702612,3,0.64,SE,RICHLAND,36.1428,-86.8728
201707,116836,702612,4,0.61,SE,RICHLAND,36.145,-86.8709
201711,121015,724576,1,2.26,S,SUGGS CREEK,36.0875,-86.4955
201711,121015,724576,2,1.69,E,GLADEVILLE,36.1204,-86.3898
201707,116841,702793,1,0.96,SW,CLUB SPGS,36.159,-85.8605
201707,116841,702793,2,0.83,SW,CLUB SPGS,36.1602,-85.8587
201707,116841,702793,3,0.89,SSW,CLUB SPGS,36.1586,-85.8576
201707,116841,702793,4,1.01,SSW,CLUB SPGS,36.1576,-85.8595
201707,116841,702795,1,2.5,SW,NASHVILLE,36.1457,-86.8132
201707,116841,702795,2,2.2,SW,NASHVILLE,36.1475,-86.8078
201707,116841,702795,3,0.57,NW,GLENCLIFF,36.1255,-86.7076
201707,116841,702795,4,0.09,W,GLENCLIFF,36.1201,-86.7016
201707,116841,702795,5,0.27,WSW,GLENCLIFF,36.1188,-86.7045
201707,116841,702795,6,2.51,SW,NASHVILLE,36.1437,-86.8112
201707,116841,702796,1,1.72,SE,DONELSON,36.1527,-86.6279
201707,118754,713338,2,1.61,SE,SUMMERTOWN,35.4127,-87.2808
201707,118754,713338,3,0.94,NW,ALEXANDER SPGS,35.3888,-87.2927
201707,118754,713338,4,1.54,NNE,BRACE,35.3894,-87.3065
201707,118754,713338,1,1.29,SE,SUMMERTOWN,35.4192,-87.2814
201707,118754,713341,1,2.12,WNW,PINE VIEW,35.7371,-87.9668
201707,118754,713341,2,3.16,WNW,LINDEN PERRY CO ARPT,35.618,-87.9318
201707,118754,713341,3,7.05,E,SUGAR HILL,35.5504,-87.6946
201707,118754,713341,4,9.12,E,CHESTNUT GROVE,35.6057,-87.6605
201707,118754,713341,5,5.16,ENE,CHESTNUT GROVE,35.6539,-87.7329
201707,118754,713341,6,0.65,NE,PINE VIEW,35.7369,-87.922
201707,116836,702613,1,0.68,NNW,NEWSOM,36.0889,-87.0051
201707,116836,702616,1,0.72,SSW,LILLAMAY,36.2198,-87.0529
201707,116836,702616,2,0.69,SSE,LILLAMAY,36.2216,-87.0435
201707,116836,702616,3,1.84,SSW,GRAVELOTTE,36.2042,-87.0282
201707,116836,702616,4,1.95,S,LILLAMAY,36.2023,-87.0435
201707,116836,702617,1,1.24,WNW,EDGEFIELD,36.3386,-85.9194
201707,116836,702617,3,0.05,ESE,DEFEATED,36.3197,-85.8991
201707,116836,702617,4,1.1,W,DEFEATED,36.319,-85.9197
201707,116836,702617,2,0.72,NNE,EDGEFIELD,36.34,-85.896
201707,116838,702580,1,0.0,N,WAVERLY,36.08,-87.8
201707,116839,702591,1,2.34,ESE,DALE HOLLOW,36.534,-85.4129
201707,116839,702593,1,1.02,SW,LIVINGSTON ARPT,36.391,-85.3345
201707,116839,702593,2,0.81,ESE,LIVINGSTON,36.3773,-85.3058
201707,116839,702594,1,1.15,S,ALLRED,36.3134,-85.1813
201707,116839,702598,1,0.12,NNW,COOKEVILLE,36.1716,-85.5007
201711,121015,724575,1,2.46,NNW,J PERCY PRIEST RES S,36.0818,-86.5197
201711,121015,724575,2,2.6,N,J PERCY PRIEST RES S,36.0875,-86.4955
201711,121015,727751,1,2.96,W,JOELTON,36.3277,-86.9223
201711,121015,727751,2,0.24,NNW,JOELTON,36.323,-86.8721
201711,121015,724569,1,0.65,NW,JOELTON,36.327,-86.8778
201711,121015,724569,2,1.92,NNW,LICKTON,36.3246,-86.8358
201707,118754,713345,1,1.14,W,WEBBER CITY,35.3496,-87.3203
201707,118754,713352,1,0.65,NNE,LAWRENCEBURG,35.2589,-87.3265
201707,118754,713352,2,1.04,NNE,LAWRENCEBURG,35.2644,-87.3244
201707,118754,713352,3,1.15,NE,LAWRENCEBURG,35.2635,-87.3179
201707,118754,713352,4,0.69,NNE,LAWRENCEBURG,35.2587,-87.3238
201707,118754,713356,5,0.44,WNW,MITCHELVILLE,35.8033,-86.1567
201707,118754,713356,1,0.83,NW,MITCHELVILLE,35.8095,-86.1589
201707,118754,713356,2,1.95,NE,MITCHELVILLE,35.8158,-86.1211
201707,118754,713356,3,2.31,NW,PLEASANT VIEW,35.7687,-86.0342
201707,118754,713356,4,1.49,NNE,SHEYBOGAN,35.7699,-86.0598
201707,118754,713357,1,0.0,W,PULASKI,35.2,-87.02
201707,116839,713164,1,0.62,NNE,COOKEVILLE,36.1784,-85.496
201707,116839,713164,2,1.21,ENE,WILHITE,36.1371,-85.5002
201707,116839,713164,3,2.09,NW,CANEY FORK,36.138,-85.4802
201707,116839,713164,4,1.82,SE,COOKEVILLE,36.1524,-85.4757
201707,116839,713164,5,1.02,NE,COOKEVILLE,36.1812,-85.488
201707,116839,713166,1,1.41,NNE,CORINTH,36.2992,-85.8212
201707,118754,713358,1,0.0,N,DUNN,35.2,-87.35
201711,121015,726770,1,0.55,W,WOODS VLY,36.2995,-87.4099
201711,121015,726770,2,0.73,NE,WOODS VLY,36.3086,-87.3925
201707,116842,702798,1,0.0,N,WATERTOWN,36.1,-86.13
201707,116842,702800,1,1.18,SSE,ROCK CITY,36.254,-86.0427
201707,116842,702801,1,0.93,WNW,BELLEVUE,36.0731,-86.9463
201707,116842,702802,1,1.78,NW,GORDONSVILLE,36.19,-85.95
201707,116842,702802,2,0.66,WSW,GORDONSVILLE,36.1678,-85.9416
201707,116842,702803,1,0.0,N,ROME,36.27,-86.07
201707,118710,717151,1,1.56,E,BLOOMINGTON SPGS,36.1962,-85.5925
201711,121015,724574,1,1.26,NNE,FOUR CORNERS,36.0676,-86.574
201711,121015,724574,2,2.11,SE,COUCHVILLE,36.0818,-86.5197
201707,118754,713360,1,4.48,SSW,GORDONSBURG,35.51,-87.46
201707,118754,713361,1,0.92,E,HOHENWALD,35.5509,-87.5536
201707,118754,713362,1,2.01,NW,HOHENWALD BAKER ARPT,35.5681,-87.628
201707,118754,713364,1,2.52,NW,MOCCASIN,35.4276,-87.7793
201707,118754,713365,1,0.87,WNW,GAITHERVILLE,35.2546,-87.3845
201707,118754,713366,1,0.0,N,HOHENWALD,35.55,-87.57
201707,116842,702805,1,0.0,N,HICKMAN,36.15,-85.93
201707,116837,702604,1,2.22,SW,GREEN HILL,36.2036,-86.5726
201707,116838,702587,1,3.94,NW,MC EWEN,36.161,-87.6791
201707,116838,702587,2,4.56,N,MC EWEN,36.1859,-87.6242
201707,116837,702605,1,0.59,W,LAWRENCEBURG,35.2514,-87.3402
201707,116837,702605,2,1.31,NE,LAWRENCEBURG,35.2656,-87.3168
201707,116837,702606,1,0.85,E,FOUR CORNERS,36.0523,-86.5651
201707,116837,702608,1,1.54,NNW,BELLE MEADE,36.12,-86.8824
201707,116837,702608,2,1.32,NW,BELLE MEADE,36.1147,-86.8851
201707,116837,702608,3,1.54,NW,BELLE MEADE,36.1157,-86.8896
201707,116837,702608,4,1.73,E,WEST MEADE,36.1224,-86.8892
201707,116837,702609,1,1.03,NNE,LAWRENCEBURG,35.2642,-87.3244
201707,116837,702609,2,1.17,NE,LAWRENCEBURG,35.2634,-87.3174
201707,116837,702609,3,0.36,E,LAWRENCEBURG,35.2497,-87.3237
201707,116837,702609,4,0.07,WNW,LAWRENCEBURG,35.2505,-87.3311
201707,116841,702790,1,0.92,NE,LEBANON,36.2295,-86.2885
201707,116841,702790,2,1.18,WSW,BELLWOOD,36.2436,-86.1697
201707,116841,702790,3,1.5,SW,BELLWOOD,36.2345,-86.1689
201707,116841,702790,4,0.62,ENE,LEBANON,36.2224,-86.2894
201707,116835,702572,1,0.77,ENE,FREDONIA,35.5335,-86.107
201707,116835,702573,1,1.67,ENE,RAGSDALE,35.5101,-85.9931
201707,116835,702574,1,0.0,N,CELINA,36.55,-85.5
201707,116835,702577,1,2.91,NNE,BUTLERS LNDG,36.5203,-85.5548
201707,116835,702578,1,0.52,W,CELINA,36.5512,-85.5092
201707,116835,702578,2,0.43,W,CELINA,36.5508,-85.5076
201707,116835,702578,3,0.8,SSW,CELINA,36.5395,-85.506
201707,116835,702578,4,0.93,SSW,CELINA,36.538,-85.5078
201707,116835,702578,5,0.7,SW,CELINA,36.5436,-85.5097
201703,114735,688248,1,1.81,SSE,WRIGLEY,35.8744,-87.3434
201703,114735,688253,1,0.0,N,COLUMBIA,35.62,-87.05
201703,114683,687923,1,0.0,N,ROCKVALE,35.75,-86.55
201703,114744,688313,1,0.0,N,HARTSVILLE,36.4,-86.17
201703,114744,689853,1,0.53,E,HURRICANE,36.0509,-86.3105
201703,114683,687945,1,1.37,NE,SHEYBOGAN,35.7644,-86.0531
201703,114683,687970,1,1.0,E,MURFREESBORO,35.85,-86.4021
201703,114683,687893,1,1.18,WNW,WAYNESBORO,35.3249,-87.79
201703,114683,687908,1,0.0,N,PETERSBURG,35.32,-86.65
201703,114744,688296,1,1.37,NE,HURRICANE,36.0647,-86.3037
201703,114744,688302,1,2.22,NW,GREENWOOD,36.1735,-86.2571
201703,114735,688189,1,1.01,SE,RICHLAND,36.1409,-86.8659
201703,114735,688190,1,2.9,N,OAK HILL,36.1419,-86.819
201703,114683,687927,1,1.66,SE,CRESCENT,35.7341,-86.4278
201703,114683,687927,2,0.36,N,CHRISTIANA,35.7252,-86.4001
201703,114683,687941,1,1.19,SSE,HICKERSON,35.384,-86.1221
201703,114735,688196,1,0.19,WSW,NASHVILLE,36.1692,-86.7832
201703,114735,688198,1,1.84,NNE,NASHVILLE,36.1941,-86.766
201703,114683,687953,1,0.0,N,SUMMITVILLE,35.57,-86.0
201703,114744,688307,1,2.24,WSW,TUCKERS XRDS,36.1927,-86.2192
201703,114744,688308,1,2.13,E,LEBANON,36.2192,-86.2619
201703,114744,688312,1,3.09,NE,CENTERVILLE,36.3123,-86.1815
201703,114735,688193,1,1.68,WNW,NASHVILLE,36.1818,-86.8062
201703,114683,687929,1,2.07,E,OVERALL,35.8238,-86.4433
201703,114683,687894,1,3.38,SE,BLONDY,35.5425,-87.4803
201703,114683,687949,1,0.59,NNE,MANCHESTER,35.488,-86.0762
201703,114683,687903,1,0.0,N,BELLEVUE,36.07,-86.93
201703,114118,685022,1,0.51,WNW,ROCKLAND,36.303,-86.6383
201703,114118,685022,2,0.3,NNW,ROCKLAND,36.304,-86.6323
201703,114735,688204,1,1.01,NW,INGLEWOOD,36.2299,-86.7434
201703,114735,688205,1,0.0,N,GOODLETTSVILLE,36.32,-86.72
201703,114683,687930,1,2.26,S,MURFREESBORO,35.8177,-86.4261
201703,114683,687936,1,1.49,SSE,SMYRNA,35.96,-86.52
201703,114683,687936,2,1.64,SSE,SMYRNA,35.9583,-86.518
201703,114683,687936,3,1.76,SSE,SMYRNA,35.9561,-86.5191
201703,114683,687936,4,1.61,ENE,ROCK SPGS,35.9564,-86.5224
201703,114683,687936,5,1.47,SSE,SMYRNA,35.9601,-86.5207
201703,114683,687909,1,1.79,SSE,COLUMBIA,35.5966,-87.0364
201703,114118,685058,1,0.06,E,PORTLAND,36.58,-86.5189
201703,114118,685058,2,1.31,S,BRACKENTOWN,36.5812,-86.403
201703,114735,688255,1,0.0,N,LONG BRANCH,35.17,-87.43
201703,114683,687937,1,0.39,W,PLEASANT VIEW,35.7707,-86.307
201703,114683,687951,1,3.56,NE,FREDONIA,35.57,-86.08
201703,114683,687917,1,0.0,N,LEWISBURG,35.45,-86.8
201703,114683,687956,1,2.28,NE,CENTERTOWN,35.7442,-85.8923
201703,114683,687965,1,0.62,WNW,MC MINNVILLE ARPT FL,35.7028,-85.8405
201703,114735,688221,1,1.75,E,DOUBLE SPGS,36.1713,-85.5686
201703,114735,688221,2,2.59,NE,DOUBLE SPGS,36.1948,-85.5652
201703,114683,687896,1,1.7,SE,SUMMERTOWN,35.4103,-87.2817
201703,114735,688210,1,0.48,S,WHITE HOUSE,36.4631,-86.651
201703,114735,688238,1,0.22,E,DALE HOLLOW,36.5494,-85.446
201703,114735,688240,1,0.0,N,NUNNELLY,35.87,-87.48
201703,114683,687954,1,1.95,NW,SMARTT,35.6496,-85.855
201703,114683,687904,1,0.82,E,ETHRIDGE,35.3201,-87.3055
201703,114735,688215,1,0.0,N,SEWART AFB,36.0,-86.52
201703,114735,688216,1,0.0,N,GALLATIN,36.4,-86.45
201703,114683,687931,1,2.13,S,MURFREESBORO,35.8192,-86.4207
201703,114683,687960,1,0.0,N,MC MINNVILLE,35.68,-85.78
201703,114735,688241,1,0.0,N,NUNNELLY,35.87,-87.48
201703,114118,686035,1,1.87,N,MORENE,36.0971,-86.2501
201703,114118,686035,2,1.21,WSW,CHERRY VLY,36.0948,-86.1907
201703,114683,687938,1,1.59,WSW,DILLTON,35.7913,-86.3563
201703,114683,687892,1,0.0,N,WAYNESBORO,35.32,-87.77
201703,114735,688260,1,0.0,N,LAFAYETTE,36.52,-86.03
201703,114735,688280,1,1.74,SW,POPE,35.605,-88.0248
201703,114118,686873,1,1.66,SSE,GORMAN,36.0777,-87.6887
201703,114118,686873,2,2.2,ESE,GORMAN,36.0834,-87.6663
201703,114118,685074,2,0.89,SSE,HOLMES GAP,36.1076,-86.066
201703,114118,685074,1,0.15,ESE,CHERRY VLY,36.0989,-86.1678
201703,114735,688217,1,1.28,N,SILOAM,36.5682,-86.2158
201703,114735,688226,1,1.83,NW,BEELER HILL,36.2472,-85.3051
201703,114683,687906,1,0.0,N,DUNCANVILLE,35.45,-86.85
201703,114683,687958,1,0.0,N,CENTERTOWN,35.72,-85.92
201703,114683,687948,1,0.74,NE,MANCHESTER,35.4876,-86.0706
201703,114683,687950,1,0.89,SE,PLEASANT VIEW,35.74,-85.99
201703,114423,686600,1,0.96,NNW,DEASON,35.6128,-86.4364
201703,114423,686600,2,0.81,N,DEASON,35.6116,-86.428
201703,114683,687910,1,0.47,WNW,FRANKLIN,35.9234,-86.9072
201703,114683,689202,1,2.44,E,DIBRELL,35.823,-85.7366
201703,114735,688173,1,1.51,NE,PASQUO,36.0451,-86.9506
201703,114735,688174,1,1.31,WNW,OAK HILL,36.11,-86.84
201703,114683,687964,1,0.0,N,ALTAMONT,35.43,-85.73
201703,114735,688208,1,0.0,N,MILLERSVILLE,36.37,-86.7
201703,114735,688214,1,2.23,SE,TWO CHESNUT,36.4233,-86.5974
201703,114683,687967,1,1.79,S,LAWRENCEBURG,35.2245,-87.336
201703,114735,688256,1,0.77,E,SPRINGERS STATION,35.1491,-87.3664
201703,114735,688259,1,0.0,N,LAWRENCEBURG,35.25,-87.33
201703,114735,688228,1,1.53,SSW,UNION HILL,36.5297,-85.691
201703,114735,688230,1,0.0,N,CELINA,36.55,-85.5
201703,114683,687922,1,0.0,N,ROCKVALE,35.75,-86.55
201703,114683,687933,1,0.0,N,MURFREESBORO,35.85,-86.42
201703,114735,688284,1,1.15,SSE,LINDEN,35.606,-87.8388
201703,114683,687891,1,1.49,SSE,SUNRISE,35.66,-87.44
201703,114735,688166,1,0.0,N,SUMMERTOWN,35.43,-87.3
201703,114735,688242,1,0.0,N,LINDEN,35.62,-87.85
201703,114735,688244,1,0.0,N,LINDEN,35.62,-87.85
201703,114683,687899,1,0.0,N,SUMMERTOWN,35.43,-87.3
201703,114683,687900,1,1.63,N,LUNA,35.3935,-86.7512
201703,114683,687940,1,1.71,S,BURT,35.7453,-86.1291
201703,114735,688167,1,0.0,N,KINGFIELD,35.92,-87.05
201703,114683,687901,1,1.28,ENE,SUMMERTOWN,35.4385,-87.2798
201703,115026,690292,1,10.0,E,SPRINGFIELD,36.5,-86.7
201703,114683,687895,1,0.0,N,LEWISBURG,35.45,-86.8
201703,114683,687959,1,0.0,N,HILLSBORO,35.42,-85.98
201703,114735,688183,1,1.0,SW,OAK HILL,36.0918,-86.8347
201703,114735,688187,1,0.94,W,OAK HILL,36.1026,-86.8365
201703,114683,687969,1,5.63,E,PHIFERES,35.6593,-85.3507
201703,114735,688283,1,1.54,E,WAYNESBORO,35.3238,-87.743
201703,114735,690291,1,1.41,ESE,DODSON BRANCH,36.3093,-85.5084
201703,114118,685050,1,0.64,NW,HALES CAMP,36.0065,-86.5081
201703,114118,690294,1,1.18,WSW,MURFREESBORO ARPT,35.8761,-86.4006
201703,114683,687915,1,0.0,N,COLLEGE GROVE,35.78,-86.68
201703,114683,687935,1,3.12,SSE,MURFREESBORO,35.8089,-86.3972
201703,114683,687934,1,0.0,N,WARTRACE,35.53,-86.35
201703,114744,688288,1,1.26,W,BARFIELD,35.7799,-86.4724
201703,114744,688289,1,0.35,E,COMPTON,35.8992,-86.3438
201703,114744,688290,1,1.58,E,MONA,35.9813,-86.3917
201703,114744,688291,1,2.03,SSE,MORENE,36.0416,-86.2407
201703,114744,688292,1,1.42,S,BAIRDS MILLS,36.0796,-86.3273
201703,114683,687902,1,1.76,SSE,FLATWOODS,35.2778,-87.3347
201703,114744,688305,1,1.32,NW,DOAKS XRDS,36.1314,-86.249
201703,114744,688306,1,2.69,NW,GREENWOOD,36.1801,-86.2608
201705,115587,694207,1,0.78,WSW,SHADY GROVE,35.8947,-85.5923
201705,115587,694207,2,1.33,SSE,CAVE,35.8317,-85.4727
201705,115587,694151,1,1.94,SSE,WILHITE,36.1046,-85.505
201705,115587,694152,1,2.32,SSE,WILHITE,36.0981,-85.507
201705,115587,694209,1,0.0,N,FAIRFIELD GLADE,36.0,-84.88
201705,115587,694211,1,3.49,NNW,HOHENWALD BAKER ARPT,35.5991,-87.6142
201705,115587,694212,1,0.0,N,CAMP NAKAWANA,36.07,-85.2
201705,115587,694214,1,0.45,ENE,MAYLAND,36.0531,-85.1929
201705,115587,694218,1,2.22,NNW,LINARY,35.8994,-84.996
201705,115587,694154,1,1.05,ENE,LEBANON,36.228,-86.2841
201705,115587,694153,1,0.0,N,HARTSVILLE,36.4,-86.17
201705,115587,694219,1,0.41,NNE,POMONA,35.955,-85.1163
201705,115587,694220,1,1.67,SW,GRIMSLEY,36.25,-84.9968
201705,115587,694150,1,0.53,S,MUDSINK,35.9123,-86.8203
201705,115587,694205,1,0.51,N,FINDLAY,35.9574,-85.4792
201705,115587,694213,1,3.12,N,RILEY CREEK,35.5151,-86.2229
201705,115587,694147,1,1.81,ENE,GREENLAWN,36.26,-86.54
201705,115587,694217,1,1.69,E,LANTANA,35.8745,-85.0704
201705,115587,694217,2,2.47,W,LINARY,35.8635,-85.0234
201705,115587,694228,1,1.3,WNW,DORTON,35.9565,-84.9919
201705,115587,702592,1,2.17,S,WATERLOO,36.2689,-85.4646
201705,115587,702592,2,2.81,S,ANDERSON,36.1301,-85.2394
201705,115587,694146,1,1.84,ESE,EAST SIDE,36.0186,-87.2403
201705,115587,694172,1,0.0,N,BAXTER,36.15,-85.63
201705,115589,694135,1,0.0,N,DICKSON,36.08,-87.38
201705,115587,694230,1,0.0,N,COLUMBIA,35.62,-87.05
201705,115587,694140,1,3.04,E,MIDWAY,36.5758,-85.5457
201705,115587,694141,1,2.02,ESE,FT HENRY,36.4658,-87.9881
201705,115587,694199,1,0.0,N,PLEASANT HILL,35.97,-85.18
201705,115584,694123,1,1.13,NE,ROCK BRIDGE,36.5331,-86.3678
201705,115584,694126,1,0.55,WNW,OCANA,36.3817,-86.5596
201705,115584,694126,2,0.28,ENE,OCANA,36.3821,-86.5457
201705,115584,694126,3,1.55,S,PEYTONA,36.3476,-86.5221
201705,115584,694126,4,1.52,NE,AVONDALE,36.3445,-86.5294
201705,115584,694126,5,1.26,S,OCANA,36.3619,-86.5531
201705,115587,694164,1,1.31,ENE,BAPTIST RIDGE,36.4905,-85.5004
201705,115587,694165,1,2.1,ESE,DOWELLTOWN,36.0104,-85.8944
201703,114735,688168,1,3.66,NNW,FOREST HOME,36.03,-86.9516
201703,114735,688258,1,1.04,ESE,SPRINGERS STATION,35.1462,-87.3621
201703,114423,686117,1,0.99,SE,CRAIGFIELD,35.9111,-87.1661
201705,115587,694148,1,0.48,SE,GALLATIN,36.3953,-86.4437
201705,115587,694149,1,1.51,W,CEDAR GROVE,36.3474,-86.4769
201705,115587,694231,1,1.85,N,PARK STATION,35.5568,-86.9318
201705,115587,694232,1,3.0,N,CHAPEL HILL,35.6734,-86.7
201705,115587,694193,1,1.05,NE,BLOOMINGTON SPGS,36.2122,-85.6088
201705,115587,694193,2,1.36,ENE,CANEY FORK,36.1287,-85.4281
201705,115587,694196,1,4.49,NW,JEREMIAH,36.2689,-85.4646
201705,115587,694196,2,2.19,SE,MONTEREY,36.1301,-85.2394
201703,114118,683437,1,0.83,SW,OAK GROVE,35.9903,-87.4888
201703,114735,688334,1,8.13,E,SUGAR HILL,35.5563,-87.6756
201703,114735,688334,2,9.16,E,SUGAR HILL,35.5613,-87.6576
201705,115587,694143,1,2.86,NE,STRINGTOWN,36.5078,-87.5319
201705,115587,694142,1,0.0,N,CLARKSVILLE,36.53,-87.35
201705,115587,694221,1,0.0,N,RINNIE,36.15,-85.03
201705,115587,694222,1,2.12,S,POMONA,35.9195,-85.1235
201705,115587,694166,1,0.0,N,GAINESBORO,36.35,-85.65
201705,115586,694238,1,2.62,WNW,ROME,36.29,-86.11
201705,115586,694239,1,1.26,E,(BNA)NASHVILLE METRO,36.1332,-86.6578
201705,115586,694240,1,2.15,NNW,WESTPOINT,35.16,-87.54
201705,115583,694108,1,0.16,ESE,BETHPAGE,36.4791,-86.3174
201705,115583,694108,2,0.49,ENE,BETHPAGE,36.4831,-86.3121
201705,115583,694108,3,0.61,E,BETHPAGE,36.4817,-86.3092
201705,115583,694108,4,0.37,SE,BETHPAGE,36.4769,-86.3145
201705,115583,694109,1,0.0,N,BETHPAGE,36.48,-86.32
201703,114735,688195,1,2.03,SW,NASHVILLE,36.1486,-86.805
201705,115587,694167,1,1.25,NE,WRIGLEY,35.9113,-87.3325
201705,115583,694110,1,0.44,ESE,GREENLAWN,36.2469,-86.5631
201705,115587,694137,1,1.0,N,UNION HILL,36.5643,-85.6773
201705,115587,694136,1,2.0,S,KINGSTON SPGS,36.0711,-87.12
201705,115587,694202,1,0.0,N,LIVINGSTON,36.38,-85.32
201703,114735,688335,1,3.33,WNW,HOHENWALD BAKER ARPT,35.5613,-87.6576
201703,114735,688335,2,1.51,ENE,BLONDY,35.5821,-87.5076
201705,115587,694233,1,2.54,WSW,MT HERMAN,35.3568,-86.5221
201705,115587,694160,1,1.36,W,KEMPVILLE,36.3525,-85.8942
201705,115587,694161,1,0.0,N,ALEXANDRIA,36.08,-86.03
201705,115587,694204,1,0.0,N,PLEASANTVILLE,35.67,-87.7
201705,115586,694486,1,2.87,WNW,ROME,36.28,-86.12
201705,115586,694486,2,3.23,NNW,ROME,36.31,-86.1
201705,115587,694234,1,0.0,N,LAWRENCEBURG,35.25,-87.33
201705,115587,694144,1,0.0,N,ERIN,36.32,-87.7
201705,115587,694145,1,0.0,N,SPRINGFIELD,36.5,-86.88
201705,115583,694111,1,2.21,NE,GREENLAWN,36.276,-86.547
201703,114735,688200,1,2.62,E,RICHLAND,36.1494,-86.833
201705,115587,694226,1,1.86,SE,ARMOUR VLG,35.6135,-87.1437
201705,115587,694227,1,0.0,N,CLARKRANGE,36.18,-85.02
201705,115587,694170,1,0.0,N,BON AQUA,35.95,-87.33
201705,115587,694171,1,0.0,N,SMITHVILLE,35.97,-85.85
201705,115583,694112,1,0.26,N,LA GUARDO,36.3037,-86.4306
201705,115583,694112,2,0.41,NE,LA GUARDO,36.3038,-86.4243
201705,115583,694112,3,0.29,ESE,LA GUARDO,36.2986,-86.4251
201705,115583,694112,4,0.12,SW,LA GUARDO,36.2988,-86.4316
201705,115583,694113,1,0.48,ENE,LA GUARDO,36.302,-86.4217
201705,115585,694129,1,2.51,WNW,MORNY,36.2968,-86.9199
201705,115585,694130,1,1.51,ESE,BELLEVUE,36.0609,-86.9053
201705,115585,694131,1,0.0,N,WHITE HOUSE,36.47,-86.65
201705,115585,694132,1,1.29,W,CORINTH,36.578,-86.453
201705,115588,694133,1,0.62,NW,LIBERTY HILL,35.3352,-87.209
201705,115587,694139,1,2.33,NW,NEW HAVEN,36.5205,-87.8334
201705,115587,694138,1,0.0,N,MOSS,36.58,-85.62
201705,115584,694114,3,1.9,S,PORTLAND MUNI ARPT,36.5726,-86.4768
201705,115584,694114,4,1.0,E,WESTMORELAND,36.5687,-86.2321
201705,115584,694114,1,2.81,NW,OCANA,36.4136,-86.5785
201705,115584,694114,2,0.73,SSE,TWO CHESNUT,36.4412,-86.6128
201705,115584,694114,5,0.87,WNW,BETHPAGE,36.4844,-86.3347
201705,115584,694118,1,1.0,SE,WHITE HOUSE,36.4598,-86.6373
201705,115587,694162,1,0.59,SSW,PLANT,36.0117,-87.9225
201705,115587,694163,1,1.06,E,BUFFALO,35.8818,-87.8112
201708,118536,712138,1,4.14,SSW,CORONA,35.3645,-90.1078
201708,118536,712138,2,0.53,SSE,SLOANVILLE,35.3432,-89.9657
201708,119832,718461,1,0.8,SW,PISGAH,35.1614,-89.7294
201708,119832,718461,2,0.97,SW,PISGAH,35.1585,-89.7297
201708,119832,718461,3,0.87,SSW,PISGAH,35.1585,-89.7265
201708,119832,718461,4,0.67,SSW,PISGAH,35.1616,-89.7257
201708,119832,718463,1,0.0,N,BOLIVAR,35.27,-89.0
201708,119832,718463,2,1.75,W,BOLIVAR,35.2728,-89.0308
201708,119832,718463,3,1.42,SE,BOLIVAR HARDEMAN ARP,35.2047,-89.0332
201708,119832,718463,4,2.95,NNW,HEBRON,35.207,-88.9261
201708,119832,718463,5,3.09,ESE,SHANDY,35.2765,-88.9233
201708,119832,718464,1,2.25,WNW,ROCKPORT,35.9379,-88.0691
201708,119832,718464,2,1.62,WNW,ROCKPORT,35.9364,-88.0578
201708,119832,718464,3,2.45,WSW,ROCKPORT,35.9215,-88.0724
201708,119832,718464,4,2.79,W,ROCKPORT,35.9266,-88.0796
201708,119832,718738,1,1.36,WNW,CRUMP,35.2294,-88.3411
201708,119832,718738,2,1.76,W,BOX ELDER,35.2457,-88.3508
201708,118536,712139,1,1.25,SSE,ELLENDALE,35.2138,-89.8202
201708,118536,712139,2,1.63,SE,ELLENDALE,35.2127,-89.8103
201708,118536,712141,1,1.14,SW,MEMPHIS,35.1166,-90.0317
201708,118536,712141,2,1.03,SSW,MEMPHIS,35.1171,-90.0291
201708,118536,712141,3,1.21,SSW,MEMPHIS,35.1143,-90.0295
201708,118536,712141,4,1.27,SSW,MEMPHIS,35.1147,-90.0324
201708,118536,712143,1,2.28,ENE,FOREST HILL,35.0849,-89.734
201708,118536,712143,2,2.5,N,BAILEY,35.0858,-89.7238
201708,118536,712143,3,1.61,N,BAILEY,35.0731,-89.7254
201708,118536,712143,4,1.56,N,BAILEY,35.0723,-89.7348
201708,119832,718458,1,1.26,SSW,MEMPHIS,35.1134,-90.0294
201708,119832,718458,2,1.33,SSW,MEMPHIS,35.1134,-90.0319
201708,119832,718458,3,1.49,SSW,MEMPHIS,35.1105,-90.0312
201708,119832,718458,4,1.44,SSW,MEMPHIS,35.1108,-90.03
201708,119832,718739,1,0.23,SSW,OLIVEHILL,35.2669,-88.0316
201708,119832,718739,2,0.67,NW,OLIVEHILL,35.2755,-88.0397
201802,122806,735733,1,2.0,W,PIKEVILLE,35.6,-85.2356
201802,122806,735733,2,5.0,WNW,PIKEVILLE,35.6277,-85.2822
201802,122806,735733,3,8.0,NNW,PIKEVILLE,35.707,-85.2545
201802,122806,735733,4,7.0,N,PIKEVILLE,35.7013,-85.2
201802,122806,735735,1,5.0,NE,MAYNARDVILLE,36.3012,-83.7365
201802,122806,735735,2,5.0,SE,MAYNARDVILLE,36.1988,-83.7366
201802,122806,735735,3,5.0,SW,MAYNARDVILLE,36.1988,-83.8634
201802,122806,735735,4,5.0,NW,MAYNARDVILLE,36.3012,-83.8635
201802,122809,735783,1,2.0,NW,JASPER,35.1005,-85.655
201802,122809,735783,2,3.0,ENE,JASPER,35.0966,-85.581
201802,122809,735783,3,4.0,SE,JASPER,35.0391,-85.58
201802,122809,735783,4,2.0,SW,JASPER,35.0595,-85.655
201804,123261,740673,1,1.78,SW,SEWANEE,35.18,-85.95
201805,125713,753947,1,1.02,SSE,BOLIVAR,35.2566,-88.9922
201805,125721,753968,1,2.72,SE,BRUNSWICK,35.2408,-89.7476
201805,125721,753968,2,3.77,ESE,BRUNSWICK,35.2443,-89.721
201805,125721,753969,1,0.0,N,NUTBUSH,35.7,-89.42
201805,125721,753969,2,1.54,E,NUTBUSH,35.6997,-89.3925
201805,125721,753971,1,3.62,SSE,BOLIVAR,35.2264,-88.9645
201805,125721,753971,2,4.0,SE,BOLIVAR,35.2291,-88.9499
201805,125721,753972,1,0.0,N,POCAHONTAS,35.05,-88.82
201805,125721,753972,2,2.07,E,POCAHONTAS,35.0527,-88.7836
201805,125721,753975,1,103.89,WSW,HOLLADAY,35.3784,-89.8982
201805,125721,753975,2,101.7,WSW,HOLLADAY,35.3728,-89.8543
201805,125713,753951,1,5.59,WNW,ROSE CREEK,35.2233,-88.7948
201805,125713,753951,2,4.64,WNW,ROSE CREEK,35.2256,-88.7761
201805,125741,754078,1,3.0,N,BARTLETT,35.2434,-89.88
201805,125741,754078,2,1.84,NNE,ELLENDALE,35.2551,-89.8189
201805,125741,754079,1,1.71,SSE,MADISON HALL,35.5474,-88.8675
201805,125741,754079,2,0.77,ESE,PERRY,35.5749,-88.7579
201805,125712,753946,1,0.04,W,TERRY,35.8999,-88.5707
201805,125712,753946,2,1.5,NNW,HOWLEY,35.8991,-88.5427
201812,133168,796723,1,1.34,SW,GADSDEN,35.768,-89.0189
201812,133168,796723,2,0.73,N,MASON GROVE,35.7804,-88.9677
201807,128921,773065,1,3.87,WSW,CLAYBROOK,35.6844,-88.7162
201807,128921,773065,2,1.46,E,LAWRENCE,35.6476,-88.7742
201807,128921,773066,1,0.51,WSW,WHITE STATION,35.1178,-89.9086
201807,128921,773066,2,0.98,W,WHITE STATION,35.1194,-89.9173
201805,124901,749258,1,0.69,S,CUMBERLAND SPGS,35.32,-86.3
201805,124901,749259,1,0.89,SW,RIDGEVILLE,35.26,-86.31
201805,124901,749260,1,1.32,WNW,BAKERTOWN,35.26,-86.35
201805,124901,749261,1,1.32,WSW,PLEASANT HILL,35.29,-86.34
201807,128997,773397,1,0.76,N,FOWLKES,35.981,-89.42
201807,128997,773397,2,2.04,SE,FOUR PTS,35.9636,-89.3697
201807,128921,773067,1,2.71,ENE,HUMBOLDT ARPT,35.8178,-88.8269
201807,128921,773067,2,2.23,ENE,HUMBOLDT ARPT,35.8128,-88.8335
201807,128921,773068,1,0.87,NE,MEMPHIS,35.1396,-90.0101
201807,128921,773068,2,2.37,N,NEW SOUTH MEMPHIS,35.1343,-90.0795
201807,128954,773277,1,0.97,NE,HOLLOW ROCK,36.0407,-88.2689
201807,128954,773277,2,0.0,N,HOLLOW ROCK,36.03,-88.28
201807,128954,773278,1,0.67,SE,HUMBOLDT,35.8136,-88.911
201807,128954,773278,2,1.0,S,HUMBOLDT,35.8055,-88.92
201807,128954,773279,1,1.2,SW,YOUNGS CROSSING,35.7184,-88.866
201807,128954,773279,2,1.88,SW,YOUNGS CROSSING,35.708,-88.8697
201803,124703,748437,2,2.82,E,PINE VIEW,35.734,-87.88
201803,124703,748437,3,2.82,W,BEARDSTOWN,35.7243,-87.87
201803,124703,748437,4,2.37,ESE,PINE VIEW,35.7171,-87.8908
201803,124703,748437,1,1.73,E,PINE VIEW,35.7282,-87.8992
201803,124703,748443,1,1.53,NE,HARDISON MILL,35.6343,-86.8092
201803,124703,748443,2,2.44,ESE,CHAPEL HILL,35.6165,-86.6598
201803,124703,748443,3,1.22,ENE,TALLEY,35.3751,-86.6792
201803,124703,748443,4,2.28,NNW,CORNERSVILLE,35.3995,-86.8679
201803,124703,748446,1,0.57,NE,SANDHILL,36.0352,-86.542
201803,124703,748446,2,2.24,ENE,MILTON,35.9455,-86.1648
201803,124703,748446,3,1.14,SE,HOOVERS GAP,35.659,-86.2649
201803,124703,748446,4,0.42,NNW,FOSTERVILLE,35.6553,-86.4238
201803,124703,748446,5,1.48,NNW,NEWTOWN,35.6983,-86.5437
201803,124703,748446,6,2.1,NW,GREENWOOD,35.725,-86.6914
201803,124703,748446,7,1.24,N,PLEASANT HILL,35.7876,-86.6039
201803,124703,748447,1,2.13,NW,ROVER,35.694,-86.6238
201803,124703,748447,2,1.67,ENE,DEASON,35.6075,-86.4017
201803,124703,748447,3,3.0,SE,BEECHWOOD,35.623,-86.2582
201803,124703,748447,4,2.14,SSE,NORMANDY,35.4237,-86.2599
201803,124703,748447,5,1.3,NNE,NEW HERMAN,35.3476,-86.4419
201803,124703,748447,6,1.85,NW,RICHMOND,35.3971,-86.6253
201803,124703,748438,1,4.16,ESE,BEARDSTOWN,35.7016,-87.7495
201803,124703,748438,2,4.34,ESE,BEARDSTOWN,35.7027,-87.7457
201803,124703,748438,3,4.92,ESE,BEARDSTOWN,35.6977,-87.7367
201803,124703,748438,4,4.78,ESE,BEARDSTOWN,35.6957,-87.7402
201803,124703,748441,1,4.16,NNW,WATER VLY,35.828,-87.1998
201803,124703,748441,2,0.52,ENE,LEES CORNER,35.7023,-86.8211
201803,124703,748441,3,1.57,ENE,BRYANT STATION,35.5325,-86.8767
201803,124703,748441,4,1.23,S,CAMPBELLS,35.4322,-87.0004
201803,124703,748441,5,1.38,W,SOUTHPORT,35.4683,-87.1243
201803,124703,748441,6,1.98,SSE,SANDY HOOK,35.4532,-87.2376
201803,124703,748441,7,1.3,WNW,HAMPSHIRE,35.605,-87.3224
201803,124703,748441,8,2.05,N,WILLIAMSPORT,35.7096,-87.2165
201803,124703,748442,1,3.9,W,YOKLEY,35.4183,-87.1892
201803,124703,748442,2,1.74,E,BIVENS,35.3972,-86.9392
201803,124703,748442,3,1.46,N,BRICK CHURCH,35.3011,-86.9201
201803,124703,748442,4,1.54,E,DIANA,35.284,-86.8432
201803,124703,748442,5,0.15,E,ARDMORE,34.9997,-86.8474
201803,124703,748442,6,2.83,WSW,MARBUTS,35.0079,-87.2121
201803,124703,748448,1,1.74,S,GOSSBURG,35.6448,-86.22
201803,124703,748448,2,1.1,NNW,SHADY GROVE,35.6333,-85.9908
201803,124703,748448,3,1.22,SSE,SAINVILLE,35.5051,-85.9084
201803,124703,748448,4,2.03,SSE,BETSY WILLIS,35.302,-85.9188
201803,124703,748448,5,2.43,S,ARNOLDS AFS,35.345,-86.0261
201803,124703,748448,6,2.86,SW,HICKERSON,35.3687,-86.1633
201803,124703,748448,7,1.37,SSW,TULLAHOMA,35.3512,-86.2376
201803,124703,748450,1,4.33,SW,LAMPLEY STORE,35.8545,-87.2031
201803,124703,748450,2,0.79,W,LIBERTY HILL,35.9798,-87.1841
201803,124703,748450,3,3.51,ENE,FERNVALE,35.9754,-87.0256
201803,124703,748450,4,4.53,N,FOREST HOME,36.0455,-86.9272
201803,124703,748450,5,2.34,ENE,NOLENSVILLE,35.9621,-86.641
201803,124703,748450,6,3.11,E,REEDS STORE,35.7206,-86.7145
201803,124703,748451,1,1.91,NNE,GRINDERS,35.8052,-87.4859
201803,124703,748451,2,2.03,NNW,CENTERVILLE,35.8073,-87.4833
201803,124703,748451,3,0.68,N,CENTERVILLE,35.7898,-87.4688
201803,124703,748451,4,0.66,NNW,CENTERVILLE,35.7893,-87.4726
201803,124703,748452,1,5.9,NNW,NEW HAVEN,35.3812,-87.5627
201803,124703,748452,2,3.01,NE,ALEXANDER SPGS,35.4075,-87.2386
201803,124703,748452,3,1.23,WSW,APPLETON,35.0163,-87.2513
201803,124703,748452,4,1.39,ESE,IRON CITY,35.0106,-87.5583
201803,124703,748454,1,1.43,SSW,NEWTON,35.7815,-85.2114
201803,124703,748454,2,1.58,N,CAMP NAKAWANA,36.0927,-85.1978
201803,124703,748454,3,4.33,ENE,WALDENSIA,35.9187,-84.7062
201803,124703,748454,4,1.44,E,BURKE,35.7723,-84.9946
201803,124703,748456,1,1.15,ENE,HILLSBORO,35.4273,-85.9616
201803,124703,748456,2,1.89,NE,HILLSBORO,35.4353,-85.9522
201803,124703,748456,3,1.94,ENE,HILLSBORO,35.4321,-85.9489
201803,124703,748456,4,1.6,E,HILLSBORO,35.4236,-85.952
201803,124703,748456,5,1.25,ENE,HILLSBORO,35.4248,-85.9587
201803,124703,748457,1,1.72,NNE,MARVIN CHAPEL,35.4929,-85.8578
201803,124703,748457,2,3.75,ENE,TARLTON,35.5155,-85.6061
201803,124703,748457,3,0.12,NNW,WHITE CITY,35.2516,-85.7209
201803,124703,748457,4,0.31,NW,PROVIDENCE,35.2828,-85.9042
201803,124703,748457,5,0.87,NW,ELKHEAD,35.3795,-85.8603
201803,124703,748655,1,1.53,SSE,FLATWOODS,35.2784,-87.344
201803,124703,748655,2,1.52,SSE,FLATWOODS,35.2793,-87.341
201803,124703,748655,3,1.33,NNW,LAWRENCEBURG,35.268,-87.3387
201803,124703,748655,4,0.96,NNW,LAWRENCEBURG,35.2619,-87.3387
201803,124703,748655,5,1.06,NW,LAWRENCEBURG,35.2619,-87.3417
201802,122809,735780,1,6.0,SW,CHATTANOOGA,34.9886,-85.355
201802,122809,735780,2,8.0,NNE,CHATTANOOGA,35.157,-85.2258
201802,122809,735780,3,12.0,ENE,CHATTANOOGA,35.1165,-85.0839
201802,122809,735780,4,11.0,ESE,CHATTANOOGA,34.9891,-85.1004
201803,124708,748185,1,2.35,SSE,STROUDSVILLE,36.4502,-87.0996
201803,124703,748455,1,0.46,SSE,PROSPECT,35.0235,-86.9979
201803,124703,748455,2,0.81,SE,PROSPECT,35.0225,-86.989
201803,124703,748455,3,2.81,SSW,POPLAR HILL,34.9908,-86.9832
201803,124703,748455,4,2.7,S,PROSPECT,34.9912,-86.9945
201803,124703,748459,1,4.84,NNW,PINE VIEW,35.7964,-87.9575
201803,124703,748459,2,1.4,NNE,LOBELVILLE,35.797,-87.7366
201803,124703,748459,3,3.67,ENE,CHESTNUT GROVE,35.6483,-87.7586
201803,124703,748459,4,7.03,ESE,SUGAR HILL,35.5146,-87.7028
201803,124703,748459,5,2.86,E,PETERS LNDG,35.4779,-87.9492
201803,124703,748459,6,0.24,NW,SPRING CREEK,35.6521,-88.0034
201803,124703,748458,1,0.54,WSW,MT OLIVE,35.8759,-86.4582
201803,124703,748458,2,1.81,ENE,MT OLIVE,35.8904,-86.4203
201803,124703,748458,3,1.28,E,DILLTON,35.8009,-86.3072
201803,124703,748458,4,1.08,NW,PLEASANT VIEW,35.7819,-86.3125
201803,124703,748460,1,1.17,W,LUNNS STORE,35.6796,-86.8008
201803,124703,748460,2,0.65,SSE,BEASLEY,35.6717,-86.6445
201803,124703,748460,3,1.81,E,BROWNS SHOP,35.3228,-86.688
201803,124703,748460,4,3.69,SW,CORNERSVILLE,35.3306,-86.8941
201803,124708,748186,1,5.57,ESE,PHIFERES,35.6462,-85.3553
201803,124709,748187,1,0.16,NW,BETHEL,35.0017,-87.0519
201803,124709,748188,1,1.09,WSW,ELKMONT SPGS,34.9931,-86.8973
201803,124709,748189,1,1.09,WSW,ELKMONT SPGS,34.9931,-86.8974
201803,124711,748428,1,1.18,WNW,DONELSON,36.1739,-86.6707
201802,122806,735723,1,1.0,N,SPEEDWELL,36.4645,-83.87
201802,122806,735723,2,0.0,N,HARROGATE,36.58,-83.65
201802,122806,735723,3,8.0,NE,TAZEWELL,36.5319,-83.4682
201802,122806,735723,4,4.0,SE,TAZEWELL,36.4091,-83.5191
201802,122806,735714,1,0.5,N,OAK RIDGE ARPT,36.0372,-84.3
201802,122806,735714,2,0.5,S,OAK RIDGE ARPT,36.0228,-84.3
201802,122806,735714,3,1.0,WSW,OAK RIDGE ARPT,36.0245,-84.3165
201802,122806,735714,4,1.0,WNW,OAK RIDGE ARPT,36.0355,-84.3165
201802,122806,735717,1,3.0,NE,SNEEDVILLE,36.5607,-83.1818
201802,122806,735717,2,3.0,ENE,SNEEDVILLE,36.5466,-83.1701
201802,122806,735717,3,1.0,S,SNEEDVILLE,36.5155,-83.22
201802,122806,735717,4,1.0,NW,SNEEDVILLE,36.5402,-83.2327
201802,122806,735719,2,8.0,NE,ONEIDA,36.5819,-84.4181
201802,122806,735719,1,8.0,NW,ONEIDA,36.5819,-84.6219
201802,122806,735719,3,12.0,SSE,ONEIDA,36.3395,-84.4374
201802,122806,735719,4,12.0,SSW,ONEIDA,36.3395,-84.6026
201802,122806,735724,1,2.0,S,JELLICO,36.5511,-84.15
201802,122806,735724,2,2.0,SW,JELLICO,36.5595,-84.1755
201802,122806,735724,3,0.5,N,JELLICO,36.5872,-84.15
201802,122806,735724,4,2.0,ENE,JELLICO,36.5911,-84.1167
201803,124711,748429,1,1.93,NW,TEMPLOW,36.4463,-86.2582
201803,124711,748429,2,5.02,NE,CATO,36.4216,-85.9866
201803,124711,748429,3,1.65,SE,PROVIDENCE,36.3105,-86.133
201803,124711,748429,4,0.8,NNE,ANTIOCH,36.3599,-86.2625
201803,124711,748430,1,1.18,SSE,LINDEN,35.6048,-87.8407
201805,125721,753967,1,3.1,N,LENOW,35.2245,-89.758
201805,125721,753967,2,3.65,NW,EADS,35.2335,-89.7199
201805,125741,754083,1,0.63,WSW,MALESUS,35.5451,-88.8393
201805,125741,754083,2,1.36,SSW,PERRY SWITCH,35.5531,-88.7922
201803,122704,735078,1,2.68,NE,CLAXTON,35.33,-84.62
201803,122704,735079,1,0.89,NE,EAST ETOWAH,35.33,-84.51
201803,122704,735080,1,0.89,NW,EAGLETON VLG,35.79,-83.94
201803,122704,735081,1,0.69,N,PIKEVILLE,35.61,-85.2
201803,122704,735082,1,0.89,SW,DUNLAP,35.37,-85.39
201803,122704,735083,1,1.12,W,UNION GROVE,35.5,-84.79
201803,122704,735084,1,0.0,N,HIGHLAND PARK,35.8,-84.27
201803,122704,735087,1,0.89,NW,EAST VIEW,35.34,-84.96
201803,122704,735088,1,0.56,W,STAKELY MILL,35.45,-84.36
201803,122704,735089,1,0.89,NE,SNEEDVILLE,36.54,-83.21
201803,122704,735090,1,1.32,WNW,JULIAN CHAPEL,35.23,-84.8
201803,122704,735085,1,1.8,WSW,SNEEDVILLE,36.52,-83.25
201803,122704,735086,1,0.0,N,ATHENS,35.45,-84.6
201805,125769,754294,1,1.61,NNE,VAN DYKE,36.2495,-88.3042
201805,125769,754294,2,2.12,NE,VAN DYKE,36.2519,-88.2934
201805,125769,754294,3,2.29,ENE,VAN DYKE,36.2423,-88.282
201805,125769,754294,4,1.23,ENE,VAN DYKE,36.239,-88.3008
201805,125713,753948,1,1.29,SE,BOLIVAR,35.2553,-88.986
201805,125713,753948,2,2.07,ESE,BOLIVAR,35.2534,-88.9695
201805,125770,754295,1,0.41,WSW,MIFFLIN,35.5475,-88.5867
201805,125770,754295,2,2.0,W,MIFFLIN,35.55,-88.6156
201805,125770,754296,1,3.79,ESE,PILLOWVILLE,36.1326,-88.6056
201803,122704,735093,1,1.49,NNW,STRIGGERSVILLE,36.45,-82.99
201803,122704,735094,1,1.13,E,BENTON,35.18,-84.65
201803,122704,735095,1,0.89,SE,ROCK SPGS,36.46,-82.54
201803,122704,735096,1,0.56,W,MOORESBURG,36.35,-83.23
201803,122704,735091,1,0.69,S,ALCOA,35.79,-83.98
201803,122704,735092,1,0.89,NW,ALUMWELL,36.49,-83.01
201803,122704,735099,1,1.32,ENE,PIGEON FORGE,35.79,-83.53
201803,122704,735100,1,0.89,NE,CHURCH HILL,36.53,-82.71
201803,122704,735101,1,1.78,NE,RUSSELLVILLE,36.27,-83.18
201803,122704,735102,1,0.89,SW,GRAY,36.41,-82.48
201803,122704,735097,1,0.56,E,LIMESTONE COVE,36.18,-82.26
201803,122704,735098,1,0.0,N,BAILEYTON,36.33,-82.83
201803,123525,740897,1,0.77,E,EAST ACRES,35.3299,-89.8364
201803,123525,740897,2,1.0,E,EAST ACRES,35.3296,-89.8323
201803,123525,740897,3,1.04,ESE,EAST ACRES,35.3241,-89.8331
201803,123525,740897,4,0.79,ESE,EAST ACRES,35.3238,-89.8382
201803,123525,740898,1,2.27,ESE,ROSEMARK,35.352,-89.7463
201803,123525,740898,2,2.69,ESE,ROSEMARK,35.3519,-89.7377
201803,123525,740898,3,2.7,ESE,ROSEMARK,35.3492,-89.7394
201803,123525,740898,4,2.36,SE,ROSEMARK,35.3482,-89.7477
201803,123525,744863,1,2.8,ENE,CHESTNUT BLUFF,35.8823,-89.2824
201803,123525,744863,2,2.4,NNE,QUINCY,35.8637,-89.07
201803,123525,744863,3,2.05,SW,COXVILLE,35.8079,-89.0444
201803,123525,744863,4,1.59,N,ELMORE,35.8229,-89.3329
201803,123525,744864,1,1.81,SW,ALLENS,35.631,-89.2223
201803,123525,744864,2,0.96,S,ALLENS,35.6362,-89.2024
201803,123525,744864,3,1.76,S,ALLENS,35.6246,-89.1996
201803,123525,744864,4,2.18,SSW,ALLENS,35.6209,-89.2149
201803,123525,744867,1,0.31,NE,ELBA,35.1235,-89.5766
201803,123525,744867,2,1.78,S,ROSSVILLE ARPT,35.0245,-89.5738
201803,123525,744867,3,3.19,S,MOSCOW,35.0246,-89.4303
201803,123525,744867,4,3.03,N,MOSCOW,35.1134,-89.4125
201803,122704,735103,1,0.56,E,CARNEGIE,36.32,-82.32
201803,123525,744874,1,3.57,E,CERRO GORDO,35.3024,-88.1168
201803,123525,744874,2,3.62,E,CERRO GORDO,35.3043,-88.116
201803,123525,744874,3,3.71,E,CERRO GORDO,35.3041,-88.1144
201803,123525,744874,4,3.76,E,CERRO GORDO,35.3039,-88.1134
201803,123525,744874,5,3.71,E,CERRO GORDO,35.3018,-88.1143
201803,123525,744877,1,1.25,WNW,HOLLY GROVE,35.537,-89.7705
201803,123525,744877,2,0.0,N,COVINGTON,35.57,-89.67
201803,123525,744877,3,1.68,WNW,TABERNACLE,35.5252,-89.6092
201803,123525,744877,4,1.57,NNW,GAINESVILLE,35.44,-89.6332
201803,123525,744877,5,1.79,SE,BEAVER,35.4816,-89.7976
201803,123525,744869,1,1.91,NNW,MIDDLEBURG,35.2243,-89.096
201803,123525,744869,2,2.26,N,VAN BUREN,35.1625,-89.0764
201803,123525,744869,3,3.27,WNW,HEBRON,35.1793,-88.9567
201803,123525,744869,4,3.69,SE,BOLIVAR,35.2354,-88.9501
201803,123525,744876,1,0.22,SSE,EASTVIEW,35.0769,-88.5491
201803,123525,744876,2,1.8,S,TULU,35.0441,-88.4035
201803,123525,744876,3,1.53,NNE,LEAPWOOD,35.3211,-88.4618
201803,123525,744876,4,3.55,NE,FORTY FORKS,35.3363,-88.5354
201803,123525,744875,1,1.0,W,LIFE,35.6225,-88.4975
201803,123525,744875,2,1.63,N,MIDDLE FORK,35.5532,-88.5052
201803,123525,744875,3,1.57,N,REAGAN,35.5424,-88.3543
201803,123525,744875,4,0.88,SSW,WARRENS BLUFF,35.6186,-88.3371
201803,122704,735112,1,1.84,N,COKER CREEK,35.2963,-84.3049
201803,122704,735112,2,2.07,NNE,COKER CREEK,35.2968,-84.2836
201803,122704,737604,1,1.84,S,ATHENS ARPT,35.3738,-84.5758
201803,122704,737604,2,1.85,S,ATHENS ARPT,35.3733,-84.569
201803,124772,748503,1,4.0,ESE,CADES COVE,35.5979,-83.7642
201803,124772,748503,2,3.0,SE,CADES COVE,35.5893,-83.7922
201803,124772,748503,3,3.0,SSW,CADES COVE,35.5799,-83.8504
201803,124772,748503,4,2.0,SW,CADES COVE,35.5995,-83.8552
201803,124772,748503,5,3.0,E,CADES COVE,35.62,-83.7766
201803,124772,748504,1,2.0,ENE,BLOCKHOUSE,35.7111,-83.8971
201803,124772,748504,2,3.0,E,BLOCKHOUSE,35.7,-83.8765
201803,124772,748504,3,3.0,SE,BLOCKHOUSE,35.6693,-83.8922
201803,124772,748504,4,1.0,E,BLOCKHOUSE,35.7,-83.9122
201805,124672,748020,1,2.18,NW,AWALT,35.27,-86.28
201803,123527,740904,1,4.03,ESE,BOLIVAR HARDEMAN ARP,35.2038,-88.9814
201803,123527,740904,2,3.2,W,HORNSBY,35.222,-88.9058
201803,123583,741241,1,3.49,N,GIBBS,36.4701,-89.008
201803,123583,741241,2,2.59,WNW,HARRIS,36.4594,-88.9952
201803,123583,741242,1,4.0,SW,MARTIN,36.3091,-88.9008
201803,123583,741242,2,3.14,NW,HILLSIDE,36.3018,-88.8703
201807,128921,773054,1,5.0,NE,BIG SANDY,36.2812,-88.0165
201807,128921,773054,2,3.24,NNE,BIG SANDY,36.2752,-88.0647
201807,128921,773058,1,0.9,ENE,OAK HILL,36.4354,-88.0853
201807,128921,773061,2,2.69,SW,TRENTON,35.957,-88.9689
201807,128921,773061,1,0.68,NE,TRENTON,35.9861,-88.9206
201811,131021,783806,1,0.69,N,HARRISON,35.13,-85.15
201811,131021,783807,1,1.32,WNW,EATON XRD,35.84,-84.32
201811,131021,783808,1,0.89,SW,FARRAGUT,35.87,-84.18
201811,131021,783809,1,0.0,N,MARYVILLE,35.75,-83.97
201811,131021,783810,1,2.37,WSW,POSTELLE,35.04,-84.46
201811,131021,783811,1,1.32,WSW,PITNER,35.87,-83.77
201811,131021,783812,1,0.0,N,NEW MARKET,36.1,-83.55
201811,131021,783813,1,0.0,N,TELLICO PLAINS,35.37,-84.3
201811,131021,783814,1,0.56,E,GREENEVILLE,36.17,-82.82
201811,131021,783815,1,0.56,W,ALUMWELL,36.48,-83.01
201807,128997,773399,1,0.84,N,LEEWOOD,35.1819,-89.9775
201807,128997,773399,2,0.91,SSE,NATIONAL CEMETERY,35.1685,-89.9422
201811,131021,783816,1,0.89,SW,JONESBORO,36.29,-82.48
201811,131021,783817,1,0.89,NW,SULLIVAN GARDENS,36.49,-82.61
201811,131021,783818,1,0.0,N,WEST KNOXVILLE,35.97,-83.95
201811,131021,783819,1,0.89,NE,DECATUR,35.53,-84.79
201811,131021,783820,1,0.89,NW,LUTTRELL,36.21,-83.74
201811,131021,783826,1,0.89,NE,LOVELL,35.91,-84.14
201811,131021,783828,1,0.0,N,GULF PARK,35.93,-84.08
201811,131021,783830,1,0.0,N,WEST KNOXVILLE,35.97,-83.95
201804,125198,750873,1,0.31,NNE,ADAMSVILLE,35.2342,-88.3981
201804,125198,750873,2,1.28,E,ADAMSVILLE,35.2319,-88.3774
201804,125198,750874,1,0.17,SSE,MADDOX,35.1678,-88.2186
201804,125198,750874,2,0.51,E,MADDOX,35.1687,-88.2112
201807,128997,773400,1,2.4,SE,SHELBY FARMS,35.1462,-89.8391
201807,128997,773400,2,2.65,W,CORDOVA,35.1445,-89.8264
201804,124843,749207,1,0.49,SSE,KNOB CREEK,35.8735,-89.5464
201804,124843,749207,2,0.96,E,NANKIPOO,35.8774,-89.4831
201804,124843,749208,1,0.46,SSW,PILLOWVILLE,36.1444,-88.6746
201804,124843,749208,2,1.9,E,GLEASON,36.2238,-88.5862
201804,124843,749209,1,1.02,SW,MEDON,35.4597,-88.8929
201804,124843,749209,2,2.29,SE,MEDON,35.4493,-88.8483
201804,124843,749212,1,0.68,SSW,LEXINGTON,35.6406,-88.4034
201804,124843,749212,2,0.64,SSW,LEXINGTON ARPT,35.6419,-88.3856
201807,128997,773401,1,3.0,SSE,FRAYSER,35.1799,-90.0297
201807,128997,773401,2,0.12,SE,LEEWOOD,35.169,-89.9784
201807,128997,773402,1,0.49,NNE,BINGHAMTON,35.1567,-89.9771
201807,128997,773402,2,0.7,SE,BERCLAIR,35.1422,-89.9121
201807,128997,773403,1,1.1,W,WHITE STATION,35.1228,-89.9192
201807,128997,773403,2,0.87,SE,WHITE STATION,35.112,-89.8882
201807,128921,773063,2,1.21,ESE,AULON,35.1255,-89.9593
201807,128921,773063,1,1.42,ESE,AULON,35.1258,-89.9553
201807,128921,773064,1,0.37,WNW,MEDINA,35.8022,-88.7761
201811,131021,784159,1,1.13,E,BENTON,35.18,-84.65
201804,123185,738590,1,0.89,SE,MORGANTOWN,35.49,-85.01
201804,123185,738591,1,0.56,W,FORDTOWN,36.37,-84.13
201804,123185,738592,1,0.56,E,ONEIDA,36.5,-84.51
201804,123185,738593,1,0.0,N,HIGHLAND PARK,35.8,-84.27
201804,123185,738594,1,3.55,SW,SAND LICK,36.36,-83.71
201804,123185,738595,1,1.68,E,ST CLAIR,35.73,-84.79
201804,123185,738596,1,0.89,NW,TAZEWELL,36.46,-83.58
201804,123185,738597,1,0.57,W,CHICKAMAUGA,35.07,-85.26
201804,123185,738598,1,1.31,WSW,MORRISTOWN,36.21,-83.3
201804,123185,738599,1,0.56,W,JEFFERSON ESTATES,36.15,-83.43
201804,123185,738600,1,0.56,W,JEFFERSON CITY,36.12,-83.49
201808,129864,777923,1,8.0,WNW,LEXINGTON,35.6943,-88.5317
201808,129864,777923,2,0.7,SSE,JUNO,35.6903,-88.5262
201804,123185,738601,1,0.0,N,ATHENS,35.45,-84.6
201804,123185,738602,1,2.78,W,PETTYJOHNS MILL,36.53,-82.5
201808,129871,777941,1,1.42,SSW,GERMANTOWN,35.0607,-89.8287
201808,129871,777941,2,1.37,S,GERMANTOWN,35.0602,-89.8227
201808,129871,777941,3,1.8,S,GERMANTOWN,35.0544,-89.8261
201808,129871,777941,4,1.73,SSW,GERMANTOWN,35.0569,-89.8317
201811,131021,783798,1,0.56,E,CAGLE,35.47,-85.46
201811,131021,783799,1,1.69,E,SULPHUR SPGS,35.17,-85.47
201811,131021,783800,1,1.38,S,RATHBURN,35.26,-85.17
201811,131021,783801,1,1.38,S,ANDREWS CHAPEL,35.36,-84.67
201811,131021,783802,1,0.0,N,ATHENS,35.45,-84.6
201811,131021,783803,1,3.36,E,BRADBURY,35.87,-84.34
201811,131021,783804,1,0.89,SW,ROBINSON MILL,35.71,-84.33
201811,131021,783805,1,1.82,WNW,UNION MC MINN,35.56,-84.6
201804,124773,748506,1,1.5,ENE,THOMAS BRIDGE,36.5083,-82.2451
201804,124773,748506,2,2.0,NNE,THOMAS BRIDGE,36.5267,-82.2562
201804,124773,748506,3,1.0,N,THOMAS BRIDGE,36.5145,-82.27
201804,124773,748506,4,0.5,NE,THOMAS BRIDGE,36.5051,-82.2636
201804,124940,749354,1,2.81,SE,WAVERLY,36.048,-87.7689
201804,124940,749355,1,0.86,NNE,CROSSROADS,35.0819,-87.7254
201804,124940,749355,2,1.24,NE,CROSSROADS,35.0846,-87.7171
201804,124940,749356,1,0.0,N,PINNACLE,36.35,-86.93
201804,124940,749357,1,2.38,NNW,OAK HILL,36.1315,-86.8373
201804,124940,749358,1,0.0,N,WHITE HOUSE,36.47,-86.66
201804,124940,754665,1,0.86,N,OAK HILL,36.1124,-86.8221
201804,124942,749367,1,1.43,WNW,MILLERSVILLE,36.3814,-86.7214
201804,124942,749367,2,1.47,S,CUMMINGS XRDS,36.4588,-86.5788
201804,124942,749367,3,0.63,SW,PEYTONA,36.3636,-86.5282
201804,124942,749367,4,1.56,W,ROCKLAND,36.3028,-86.6578
201804,124942,749369,1,1.31,WNW,COOPERTOWN,36.44,-86.97
201804,124942,749370,1,1.68,E,JAKESTOWN,35.83,-86.29
201804,124942,749372,3,1.86,NNE,WHITE HOUSE,36.4961,-86.6519
201804,124942,749372,4,1.69,N,WHITE HOUSE,36.4943,-86.6569
201804,124942,749372,1,1.31,NE,WHITE HOUSE,36.4842,-86.6444
201804,124942,749372,2,1.56,NE,WHITE HOUSE,36.4881,-86.6433
201804,124941,749359,1,1.92,ENE,VANDEVER,35.8405,-85.0483
201804,124941,749359,2,3.11,NE,LINARY,35.9068,-84.948
201804,124941,749359,3,3.06,NE,LINARY,35.8994,-84.9391
201804,124941,749359,4,1.7,ESE,VANDEVER,35.8251,-85.0503
201804,124942,754681,1,0.69,SE,BAKERS,36.3729,-86.7612
201809,129563,787810,3,1.05,ENE,BOONEVILLE,35.2875,-86.4538
201809,129563,787810,4,0.98,E,BOONEVILLE,35.2812,-86.4528
201809,129563,787810,1,0.56,E,BOONEVILLE,35.28,-86.46
201809,129563,787810,2,0.61,NE,BOONEVILLE,35.2867,-86.463
201809,129563,787811,1,2.82,W,LYNCHBURG,35.28,-86.43
201809,129563,787811,2,2.51,W,LYNCHBURG,35.2803,-86.4246
201809,129563,787811,3,2.51,W,LYNCHBURG,35.2785,-86.4244
201809,129563,787811,4,2.83,W,LYNCHBURG,35.2785,-86.4301
201809,129563,787812,1,3.38,W,LYNCHBURG,35.28,-86.44
201809,129563,787812,2,2.04,W,LYNCHBURG,35.2804,-86.4161
201809,129563,787812,3,2.15,WSW,LYNCHBURG,35.273,-86.4171
201809,129563,787812,4,3.57,W,LYNCHBURG,35.2736,-86.4428
201804,124943,749373,1,0.86,WSW,BEAR SPG,36.4747,-87.784
201804,124943,749374,1,0.11,W,GRAYS CROSSING,36.3302,-87.752
201804,124943,749375,1,1.15,ESE,GRAYS CROSSING,36.3256,-87.73
201804,124943,749376,1,3.55,E,LEGATE,36.5431,-87.6366
201804,124943,749377,1,0.82,WSW,TWOMEY,35.7641,-87.4626
201804,124943,749378,1,1.39,NE,BRENTWOOD,36.0457,-86.7644
201804,124943,749379,1,1.28,W,OGLESBY,36.0469,-86.7525
201804,124943,749380,1,0.0,N,ANTIOCH,36.07,-86.67
201804,124943,749381,1,0.71,WNW,MALLORYS,35.9544,-86.8115
201804,124943,749382,1,0.74,SSE,PARAGON MILL,36.0698,-86.6958
201804,124943,749383,1,0.27,E,PROVIDENCE,36.0796,-86.7153
201804,124943,749384,1,0.0,N,WRIGLEY,35.9,-87.35
201804,124943,749385,1,0.0,N,LA VERGNE,36.02,-86.58
201804,124943,749386,1,2.26,ENE,SYCAMORE,36.3302,-87.0114
201804,124943,749387,1,1.88,SE,WRIGLEY,35.8785,-87.3293
201804,124943,749388,1,1.11,ENE,SUGGS CREEK,36.1278,-86.4825
201804,124943,749390,1,0.0,N,GLADEVILLE,36.12,-86.42
201804,124943,749391,1,0.76,ESE,MT JULIET,36.1946,-86.5082
201804,124943,749392,1,0.0,N,SPRINGFIELD MUNI ARP,36.53,-86.92
201804,124943,749393,1,0.11,ENE,FOSTER CORNERS,36.0705,-86.5982
201804,124943,749395,1,0.0,N,LEBANON,36.22,-86.3
201804,124943,749396,1,0.95,NNW,HORN SPGS,36.2428,-86.3761
201804,124943,749397,1,0.16,N,OAK GROVE,36.5722,-86.3805
201804,124943,749399,1,2.51,N,UNION GROVE,35.6362,-86.973
201804,124943,749400,1,3.04,E,UNION GROVE,35.5921,-86.9168
201804,124943,749401,1,1.64,SE,COOKEVILLE ARPT,36.1849,-85.4573
201804,124943,749402,1,0.4,S,ALPINE,36.3943,-85.2187
201804,124943,749403,1,2.41,NNW,ROCK IS,35.8101,-85.6416
201804,124943,749404,1,0.0,N,JAMESTOWN,36.43,-84.92
201804,124943,749405,1,3.0,ESE,SHARP PLACE,36.4874,-84.7784
201804,124943,749406,1,0.0,N,DOYLE,35.85,-85.5
201804,124943,749407,1,0.0,N,QUEBECK,35.82,-85.57
201804,124943,749408,1,1.18,WSW,CROSSVILLE,35.9423,-85.0488
201804,124943,749409,1,0.0,N,WARTRACE,35.53,-86.35
201804,124943,749410,1,3.95,NE,OAK HILL,36.0254,-84.9771
201804,124943,749411,1,1.01,NNW,CRAB ORCHARD,35.913,-84.8883
201804,124943,749412,1,0.91,ESE,GRAYS CROSSING,36.3235,-87.7358
201804,124942,749362,1,0.99,SE,LITTLE CREEK,36.2684,-86.7697
201804,124942,749362,2,1.03,SW,BAKERS,36.3712,-86.785
201804,124942,749362,3,2.74,ESE,BAKERS,36.3609,-86.7269
201804,124942,749362,4,1.95,N,GOODLETTSVILLE,36.3481,-86.7239
201804,124942,749362,5,0.5,ENE,GOODLETTSVILLE,36.3225,-86.7116
201804,124942,749362,6,1.91,ENE,MADISON,36.2646,-86.7409
201804,124942,749365,1,0.0,N,OCANA,36.38,-86.55
201804,124942,749366,1,0.87,NNW,LEANNA,35.9415,-86.4565
201804,124942,749366,2,1.03,SW,WALTERHILL,35.9401,-86.4137
201804,124942,749366,3,1.48,SSE,WALTERHILL,35.932,-86.3858
201804,124942,749366,4,1.98,SSE,WALTERHILL,35.923,-86.3882
201804,124942,749366,5,0.4,SW,LEANNA,35.9261,-86.4552
201807,129316,774864,1,0.5,ESE,CHEAP HILL,36.3283,-87.1413
201807,129316,774864,2,0.86,SE,DODDSVILLE,36.3399,-87.221
201807,129316,774874,1,2.76,ENE,TULLAHOMA,35.3779,-86.1819
201807,129316,774909,1,0.76,N,BUNKER HILL,35.161,-86.8798
201807,129316,774912,1,0.35,WSW,PULASKI,35.1989,-87.0261
201807,129316,774918,1,2.75,SE,LAWRENCEBURG ARPT,35.199,-87.2195
201809,129016,773477,1,2.07,N,FREEWILL,35.26,-84.93
201809,129016,773479,1,0.56,E,MADISONVILLE,35.52,-84.36
201807,129316,774919,1,2.04,NNE,SOUTH XRDS,35.1971,-87.2558
201807,129316,774920,1,1.63,SE,DUNN,35.1861,-87.3267
201807,129316,774921,1,0.87,S,LEOMA,35.1577,-87.347
201807,129316,774922,1,1.28,SW,LAWRENCEBURG,35.2389,-87.3482
201807,129316,774931,1,2.65,NE,STRINGTOWN,36.5024,-87.5312
201807,129316,774932,1,0.71,W,INDIAN MOUND,36.4995,-87.6928
201809,129018,773481,1,0.89,NE,KIMBROUGH XRD,36.13,-83.34
201809,129046,773591,1,1.12,W,GREENEVILLE,36.17,-82.85
201809,129046,773592,1,0.0,N,FALL BRANCH,36.42,-82.62
201809,129046,773593,1,0.69,S,EAST KINGSPORT,36.56,-82.52
201809,131616,787245,1,2.0,NW,OOLTEWAH,35.1005,-85.095
201809,131616,787245,2,3.0,ENE,OOLTEWAH,35.0966,-85.021
201809,131616,787245,3,6.0,SSE,OOLTEWAH,34.9998,-85.0294
201809,131616,787245,4,5.0,SSW,OOLTEWAH,35.0131,-85.1038
201809,131616,787246,1,2.0,NE,EAST BRAINERD,35.0405,-85.145
201809,131616,787246,2,2.0,WSW,RYALL SPGS,34.9889,-85.1526
201809,131616,787246,3,2.0,ESE,RYALL SPGS,34.9889,-85.0874
201809,131616,787246,4,5.0,E,RYALL SPGS,35.0,-85.0317
201809,131616,787246,5,4.0,NNE,COLLEGEDALE,35.1035,-85.0229
201807,129316,774933,1,0.0,N,CUMBERLAND CITY,36.4,-87.65
201807,129316,774934,1,2.33,WNW,CUMBERLAND CITY,36.4158,-87.687
201807,129316,774935,1,0.8,NNW,LITTLE HOPE,35.9097,-86.5378
201807,129316,774938,1,0.0,N,ALTAMONT,35.43,-85.73
201809,131617,787247,1,0.0,N,SODDY DAISY,35.28,-85.17
201809,131617,787247,2,4.0,ESE,SODDY DAISY,35.2579,-85.1045
201809,131617,787247,3,6.0,SE,SODDY DAISY,35.2186,-85.0948
201809,131617,787247,4,7.0,S,SODDY DAISY,35.1787,-85.17
201809,131617,787247,5,6.0,SW,SODDY DAISY,35.2186,-85.2452
201809,131617,787248,1,10.0,N,ATHENS,35.5947,-84.6
201809,131617,787248,2,10.0,SE,ATHENS,35.3477,-84.4745
201809,131617,787248,3,10.0,S,ATHENS,35.3053,-84.6
201809,131617,787248,4,10.0,WSW,ATHENS,35.3946,-84.7641
201809,131617,787249,1,0.0,SW,SODDY DAISY,35.28,-85.17
201809,131617,787249,2,4.0,ESE,SODDY DAISY,35.2579,-85.1045
201809,131617,787249,3,7.0,SE,SODDY DAISY,35.2084,-85.0823
201809,131617,787249,4,8.0,S,SODDY DAISY,35.1642,-85.17
201809,131617,787249,5,7.0,SW,SODDY DAISY,35.2084,-85.2577
201809,131617,787257,1,10.0,N,ATHENS,35.5947,-84.6
201809,131617,787257,2,10.0,SE,ATHENS,35.3477,-84.4745
201809,131617,787257,3,10.0,S,ATHENS,35.3053,-84.6
201809,131617,787257,4,10.0,WSW,ATHENS,35.3946,-84.7641
201809,131617,787259,1,3.0,W,KINGSTON,35.87,-84.5736
201809,131617,787259,2,3.0,N,KINGSTON,35.9134,-84.52
201809,131617,787259,3,4.0,E,KINGSTON,35.87,-84.4486
201809,131617,787259,4,4.0,S,KINGSTON,35.8121,-84.52
201809,131617,787266,1,3.0,ESE,CEDAR BLUFF,35.9034,-84.0505
201809,131617,787266,2,1.0,SSE,CEDAR BLUFF,35.9066,-84.0932
201809,131617,787266,3,2.0,N,CEDAR BLUFF,35.949,-84.1
201809,131617,787266,4,4.0,NE,CEDAR BLUFF,35.9609,-84.0494
201809,131617,787267,1,1.0,NE,GRAYSVILLE,35.4402,-85.0574
201809,131617,787267,2,1.0,NW,GRAYSVILLE,35.4402,-85.0826
201809,131617,787267,3,2.0,NNW,GRAYSVILLE,35.4567,-85.0836
201809,131617,787267,4,2.0,NNE,GRAYSVILLE,35.4567,-85.0564
201807,126002,755361,1,0.89,SW,SHARPS CHAPEL,36.34,-83.81
201807,129722,776922,1,4.0,W,SMYRNA,35.98,-86.6015
201807,129754,777282,1,0.67,SSW,NEW HARMONY,36.4715,-86.1058
201805,124077,744638,1,0.89,NE,SNEEDVILLE,36.54,-83.21
201805,124078,744639,1,0.69,N,TUSCULUM,36.18,-82.75
201805,124341,745934,1,0.56,E,RAMSEY,35.97,-83.82
201805,124341,745935,1,1.31,WSW,RUTLEDGE,36.27,-83.52
201805,124343,745943,1,0.69,S,ALCOA,35.79,-83.98
201805,124344,745944,1,0.69,S,MC DONALD,35.11,-85.0
201805,125885,754816,1,0.69,S,MC DONALD,35.11,-85.0
201805,125886,754817,1,0.56,E,OAK GROVE,35.8,-84.31
201805,127050,761426,1,3.0,NE,BIG PINEY,35.7107,-84.2922
201805,127050,761426,2,4.0,NNE,BIG PINEY,35.7335,-84.3027
201805,127050,761426,3,3.0,NNE,BIG PINEY,35.7201,-84.3095
201805,127050,761426,4,2.0,NE,BIG PINEY,35.7005,-84.3048
201805,127056,761443,1,3.0,WNW,FARRAGUT,35.8966,-84.2195
201805,127056,761443,2,2.0,NE,FARRAGUT,35.9005,-84.1447
201805,127056,761443,3,3.0,E,FARRAGUT,35.88,-84.1164
201805,127056,761443,4,3.0,SSW,FARRAGUT,35.8399,-84.1905
201805,127058,761445,1,3.0,WNW,HUNTSVILLE,36.4366,-84.5299
201805,127058,761445,2,3.0,WSW,HUNTSVILLE,36.4034,-84.5299
201805,127058,761445,3,3.0,ESE,HUNTSVILLE,36.4034,-84.4302
201805,127058,761445,4,3.0,ENE,HUNTSVILLE,36.4366,-84.4301
201805,127058,761446,1,6.0,NE,PIKEVILLE,35.6614,-85.1245
201805,127058,761446,2,6.0,S,PIKEVILLE,35.5132,-85.2
201805,127058,761446,3,6.0,WSW,PIKEVILLE,35.5668,-85.2987
201805,127058,761446,4,4.0,NW,PIKEVILLE,35.6409,-85.2504
201805,127058,761447,1,2.0,S,ETOWAH,35.3011,-84.53
201805,127058,761447,2,2.0,E,ETOWAH,35.33,-84.4945
201805,127058,761447,3,1.0,NNE,ETOWAH,35.3434,-84.5232
201805,127058,761447,4,1.0,W,ETOWAH,35.33,-84.5477
201805,125888,754819,1,2.33,ESE,HIGHWAY,36.37,-84.49
201805,125888,754820,1,0.56,W,FORDTOWN,36.37,-84.13
201805,125888,754821,1,0.56,W,ST CLAIR,36.33,-83.09
201805,125888,754822,1,0.56,W,MAYNARDVILLE,36.25,-83.81
201805,125888,754823,1,1.31,WSW,RUTLEDGE,36.27,-83.52
201805,125888,754824,1,0.69,S,UNICOI,36.19,-82.35
201805,125888,754825,1,0.56,W,MOHAWK,36.2,-83.06
201805,125888,754826,1,1.31,WSW,RUTLEDGE,36.27,-83.52
201805,125888,754827,1,0.56,W,JEFFERSON CITY,36.12,-83.49
201805,125888,754828,1,0.69,N,PIKEVILLE,35.61,-85.2
201812,133168,796722,1,4.04,NE,FOUR PTS,36.1585,-88.7956
201812,133168,796722,2,5.48,NE,FOUR PTS,36.1684,-88.7723
201805,124077,744637,1,1.11,W,TAZEWELL,36.45,-83.59
201809,131509,786748,1,1.3,NE,SPARTA,35.9436,-85.454
201807,129752,777266,1,0.0,N,CROSSVILLE,35.95,-85.03
201807,129752,777267,1,2.41,WSW,TUCKERS XRDS,36.1928,-86.2223
201809,131510,786749,1,1.52,NNE,MT LEBANON,35.2697,-87.458
201809,131511,786750,1,2.61,W,DUPLEX,35.7528,-86.8965
201809,131511,786750,2,2.61,W,DUPLEX,35.7525,-86.8964
201809,131511,786750,3,2.37,W,DUPLEX,35.7525,-86.8922
201809,131511,786750,4,2.38,W,DUPLEX,35.7528,-86.8922
201809,131512,786754,1,0.64,NNW,SMYRNA,35.9884,-86.5349
201809,131512,786754,2,0.61,NNW,SMYRNA,35.9884,-86.5331
201809,131512,786754,3,0.53,NNW,SMYRNA,35.9873,-86.5333
201809,131512,786754,4,0.58,NNW,SMYRNA,35.9873,-86.535
201809,131512,786755,1,0.7,NE,CURLEE,35.7861,-86.16
201809,131512,786755,2,0.71,SSW,MITCHELVILLE,35.7912,-86.1565
201807,129720,776910,1,1.19,WSW,BERRY HILL,36.1141,-86.79
201807,129752,777268,1,2.98,NE,LEBANON,36.2543,-86.2676
201807,129752,777269,1,1.78,SE,LEBANON,36.2032,-86.2759
201807,129752,777270,1,0.32,SE,SPARTA,35.9269,-85.4657
201807,129752,777271,1,0.43,ESE,SHOP SPGS,36.1278,-86.2127
201809,131512,786756,1,0.8,WNW,ALEXANDRIA,36.084,-86.0434
201809,131512,786756,2,1.12,ENE,ALEXANDRIA,36.0848,-86.0109
201809,131512,786756,3,2.19,SSE,ALEXANDRIA,36.05,-86.0175
201809,131512,786756,4,1.6,SSW,ALEXANDRIA,36.059,-86.0421
201809,131513,786757,1,0.62,SW,BLOOMINGTON SPGS,36.1936,-85.6277
201809,131513,786757,2,0.64,NW,ALGOOD,36.2075,-85.4369
201809,131513,786757,3,0.97,N,CANEY FORK,36.1341,-85.45
201809,131513,786757,4,0.74,S,BOMA,36.1194,-85.6786
201809,131513,786758,2,1.55,E,BOMA,36.1333,-85.6525
201809,131513,786758,3,1.43,SW,BAXTER,36.1344,-85.647
201809,131513,786758,4,1.76,ESE,BOMA,36.1236,-85.6495
201809,131513,786758,1,1.52,ESE,BOMA,36.1235,-85.654
201809,131513,786759,1,1.78,WNW,CAMP GROUND,36.19,-85.0795
201809,131513,786759,2,2.14,WNW,CAMP GROUND,36.197,-85.0821
201807,129720,776911,1,0.0,N,OAK HILL,36.1,-86.82
201807,129720,776912,1,1.29,E,RICHLAND,36.1507,-86.8569
201807,129720,776912,2,1.55,E,RICHLAND,36.1519,-86.8523
201807,129720,776912,3,1.56,E,RICHLAND,36.1514,-86.8521
201807,129720,776912,4,1.3,E,RICHLAND,36.1503,-86.8567
201807,129720,776913,1,0.69,SSE,LITTLE CREEK,36.2707,-86.7757
201807,129720,776914,1,1.54,SW,IVY BLUFF,35.6518,-86.0659
201807,129720,776915,1,0.41,SSW,SPARTA,35.9244,-85.4722
201807,129720,776916,1,0.0,N,DOYLE,35.85,-85.5
201807,129720,776917,1,1.98,ENE,LEBANON,36.2289,-86.2663
201807,129752,777272,1,2.44,W,TUCKERS XRDS,36.1942,-86.2231
201807,129752,777273,1,0.0,N,LEBANON,36.22,-86.3
201807,129753,777235,1,5.59,NW,CENTER,35.3987,-87.5292
201807,129752,777227,1,0.0,N,PEA RIDGE STORE,36.6,-85.43
201807,129752,777228,1,0.0,N,BYRDSTOWN,36.57,-85.13
201807,129752,777229,1,0.66,W,HILHAM,36.4191,-85.4418
201807,129752,777274,1,0.0,N,MC MINNVILLE,35.68,-85.78
201807,129752,777275,1,0.0,N,HILLSBORO,35.42,-85.98
201807,129752,777276,1,0.0,N,MONTEAGLE,35.25,-85.83
201807,129752,777277,1,0.0,N,SMITHVILLE MUNI ARPT,35.98,-85.8
201807,129752,777230,1,0.0,N,FLYNNS LICK,36.33,-85.7
201807,129752,777278,1,1.91,E,INDIAN MOUND,35.9254,-85.6664
201807,129752,777279,1,3.32,NNW,CENTER PT,35.9209,-85.651
201807,129752,777231,1,0.0,N,FLYNNS LICK,36.33,-85.7
201807,129752,777232,1,0.94,ENE,CEDAR HILL,36.5569,-85.0553
201807,129752,777233,1,0.0,N,CELINA,36.55,-85.5
201807,129752,777234,1,2.02,E,UNION HILL,36.2288,-85.5937
201807,129752,777280,1,5.71,E,PHIFERES,35.6566,-85.3497
201807,129752,777281,1,5.33,ESE,PHIFERES,35.6549,-85.3569
201807,129752,777236,1,2.5,SE,MIDWAY,36.5419,-85.5717
201807,129752,777237,1,0.4,SE,JAMESTOWN,36.4254,-84.9157
201807,129752,777238,1,1.22,NW,RIVERTON,36.4414,-85.0969
201807,129752,777239,1,3.01,ENE,BLOOMINGTON SPGS,36.2222,-85.5736
201807,129752,777240,1,1.0,NE,COOKEVILLE,36.1802,-85.4873
201807,129752,777241,1,2.0,SW,ALGOOD,36.1777,-85.4529
201807,129752,777242,1,0.0,N,ALGOOD,36.2,-85.43
201807,129752,777243,1,0.0,N,LIVINGSTON ARPT,36.4,-85.32
201807,129752,777244,1,0.0,N,COOKEVILLE,36.17,-85.5
201807,129752,777245,1,0.88,NE,BEELER HILL,36.2391,-85.269
201807,129752,777246,1,0.0,N,COOKEVILLE,36.17,-85.5
201807,129752,777247,1,2.55,ESE,CENTER GROVE,36.2501,-85.5613
201807,129752,777248,1,0.0,N,LIVINGSTON ARPT,36.4,-85.32
201807,129752,777249,1,1.0,E,COOKEVILLE,36.17,-85.4821
201807,129752,777250,1,3.89,NW,JEREMIAH,36.2646,-85.4552
201807,129752,777251,1,3.19,ENE,DOUBLE SPGS,36.1942,-85.5513
201807,129752,777252,1,2.3,ENE,DOUBLE SPGS,36.1878,-85.5652
201807,129752,777253,1,1.26,NW,HOLLADAY,36.1651,-85.5426
201807,129752,777254,1,3.0,S,COOKEVILLE,36.1266,-85.5
201807,129752,777255,1,0.0,N,PLEASANT HILL,35.97,-85.18
201808,130825,782842,1,2.0,NW,JOHNSON CITY,36.3405,-82.3754
201808,130825,782842,2,2.0,NE,JOHNSON CITY,36.3405,-82.3246
201808,130825,782842,3,2.0,SE,JOHNSON CITY,36.2995,-82.3246
201808,130825,782842,4,4.0,SW,JOHNSON CITY,36.2791,-82.4008
201807,129752,777256,1,1.27,NW,NEW ERA,35.7926,-85.0865
201807,129752,777257,1,1.27,SSW,MC COINSVILLE,36.3039,-85.641
201807,129752,777258,1,1.66,ENE,BLOOMINGTON SPGS,36.2109,-85.5935
201807,129752,777259,1,2.8,ENE,DOUBLE SPGS,36.1858,-85.5538
201807,129752,777260,1,0.0,N,LAFAYETTE,36.52,-86.03
201807,129752,777261,1,0.0,N,MONTEREY,36.15,-85.27
201809,131220,785122,1,10.29,WNW,BRANCHVILLE,35.1258,-86.4687
201807,129752,777262,1,0.0,N,COOKEVILLE,36.17,-85.5
201807,129752,777263,1,0.0,N,CARTHAGE,36.25,-85.93
201807,129752,777264,1,0.0,N,OZONE,35.88,-84.82
201807,129752,777265,1,0.0,N,CROSSVILLE,35.95,-85.03
201809,131617,787252,1,0.0,S,SODDY DAISY,35.28,-85.17
201809,131617,787252,2,4.0,ESE,SODDY DAISY,35.2579,-85.1045
201809,131617,787252,3,7.0,SE,SODDY DAISY,35.2084,-85.0823
201809,131617,787252,4,8.0,S,SODDY DAISY,35.1642,-85.17
201809,131617,787252,5,7.0,SW,SODDY DAISY,35.2084,-85.2577
201808,130575,782094,1,0.0,N,JORDONIA,36.22,-86.87
201808,130575,782095,1,1.76,NNE,NASHVILLE,36.1941,-86.7696
201808,130575,782096,1,0.0,N,RIDGE TOP,36.38,-86.75
201808,130575,782097,1,0.0,N,GREENBRIER,36.43,-86.8
201808,130575,782098,1,2.14,SE,LEBANON,36.1984,-86.2725
201808,130575,782099,1,0.0,N,LEBANON,36.22,-86.3
201808,130575,782100,1,2.3,SSW,SAUNDERSVILLE,36.2983,-86.5827
201808,130575,782101,1,2.45,SW,SILVER SPGS,36.1739,-86.4798
201808,130575,782102,1,1.22,SW,TANGLEWOOD,36.2677,-85.9957
201808,130575,782103,1,0.28,NNW,SOUTH CARTHAGE,36.2538,-85.952
201808,130575,782105,1,0.0,N,GAINESBORO,36.35,-85.65
201808,128612,771445,1,0.89,NE,DECATUR,35.53,-84.79
201808,128612,771446,1,0.56,W,HIGH PT,36.48,-84.54
201808,128612,771447,1,0.0,N,HIGHLAND PARK,35.8,-84.27
201808,128612,771448,1,0.0,N,PHILADELPHIA,35.68,-84.4
201808,128612,771449,1,1.49,NNW,GRAVELLY HILLS,35.85,-84.14
201808,128612,771450,1,0.89,SW,MOUNTAIN CITY,36.47,-81.81
201808,130576,781586,1,2.06,ENE,TULLAHOMA,35.3857,-86.1989
201808,130578,782108,1,1.35,NW,DAYS XRDS,36.5355,-85.9947
201808,130578,782108,2,1.09,SE,NEW HARMONY,36.4706,-86.0842
201808,130578,782108,3,0.86,WSW,HILLSDALE,36.4438,-86.0834
201808,130578,782108,4,2.14,SE,BEECH BOTTOM,36.4525,-85.9882
201808,130578,782108,5,0.73,N,SPIVEY,36.6104,-85.8283
201808,130578,782108,6,0.77,N,SPIVEY,36.6111,-85.829
201808,130578,782108,7,0.79,WNW,SPIVEY,36.606,-85.8422
201808,130578,782109,1,2.04,NNE,CATO,36.397,-86.0351
201808,130578,782109,2,2.02,NNE,CATO,36.3963,-86.0343
201808,130578,782109,3,2.49,NNE,CATO,36.4008,-86.0266
201808,130578,782109,4,2.53,NNE,CATO,36.4018,-86.0274
201808,130578,782109,5,2.14,NNE,CATO,36.3982,-86.034
201808,130578,782110,1,2.09,N,BELLWOOD,36.2801,-86.1547
201808,130579,782114,1,0.15,NE,MARTHA,36.2317,-86.4281
201808,130579,782115,1,0.0,N,GOODLETTSVILLE,36.32,-86.72
201808,130579,782116,1,0.0,N,GALLATIN,36.4,-86.45
201808,130579,782117,1,4.0,NW,ASHLAND CITY,36.3209,-87.1208
201808,128612,771451,1,0.0,N,DANDRIDGE,36.02,-83.42
201808,128612,771452,1,0.89,NE,CLOUDS,36.48,-83.64
201808,128612,771453,1,0.89,SE,MT VERNON,35.41,-84.36
201808,128612,771454,1,0.89,NW,TAZEWELL,36.46,-83.58
201808,128649,771652,1,1.49,SSE,COOPER MILL,35.61,-85.16
201808,128649,771653,1,0.89,SE,SPRING CITY,35.69,-84.86
201808,129013,773475,1,0.89,SW,ELIZABETHTON,36.34,-82.23
201808,130826,782846,1,2.0,E,RATHBURN,35.28,-85.1345
201808,130826,782846,2,3.0,SE,RATHBURN,35.2493,-85.1324
201808,130826,782846,3,4.0,SSW,SODDY DAISY,35.2265,-85.1971
201808,130826,782846,4,1.0,N,SODDY DAISY,35.2945,-85.17
201808,130826,782849,1,1.0,N,SPRING CITY,35.7145,-84.87
201808,130826,782849,2,2.0,ESE,SPRING CITY,35.6889,-84.8371
201808,130826,782849,3,2.0,S,SPRING CITY,35.6711,-84.87
201808,130826,782849,4,1.0,WSW,SPRING CITY,35.6945,-84.8865
201808,130576,781588,1,1.22,SW,MANCHESTER,35.4657,-86.0929
201808,130577,781589,1,1.22,SE,DOAKS XRDS,36.1063,-86.2161
201808,130577,781591,1,2.12,SE,LEBANON,36.1988,-86.2724
201808,130575,782092,1,2.05,W,NASHVILLE,36.1653,-86.8163
201808,130575,782093,1,0.0,N,BORDEAUX,36.2,-86.85
201806,125921,754928,1,0.89,NE,CLEVELAND,35.18,-84.87
201806,125921,754929,1,2.76,S,EUREKA,35.79,-84.68
201806,125921,754930,1,2.83,W,GRASSY CREEK,35.0,-84.53
201806,125921,754931,1,0.57,E,FLINT SPGS,35.03,-84.91
201806,125921,754932,1,2.22,E,SPRINGDALE,36.42,-83.48
201806,125921,754933,1,2.22,E,SPRINGDALE,36.42,-83.48
201806,125921,754934,1,0.69,S,MURRAY STORE,35.61,-84.63
201806,125944,755023,1,1.49,NNW,MOORE CROSSING,35.02,-85.64
201806,125944,755024,1,0.56,E,MELVINE,35.73,-85.06
201806,125944,755025,1,0.56,E,LOUDON,35.73,-84.34
201806,125944,755026,1,0.0,N,WEST KNOXVILLE,35.97,-83.95
201806,125944,755027,1,1.49,NNW,HARRISON,35.14,-85.16
201806,125944,755028,1,0.56,E,ONEIDA,36.5,-84.51
201806,125944,755029,1,0.56,E,ONEIDA,36.5,-84.51
201806,125944,755030,1,1.69,E,MORGANTOWN,35.5,-84.99
201806,125944,755031,1,1.49,SSE,BIRD XRD,35.9,-83.34
201806,125952,755072,1,0.89,NW,LOUDON,35.74,-84.36
201806,125952,755073,1,0.56,E,MADISONVILLE,35.52,-84.36
201806,125996,755314,1,0.56,E,SALE CREEK,35.38,-85.11
201806,125921,772516,1,1.0,W,BIG SPG,35.4,-84.9378
201806,125921,772516,2,4.0,NE,BIG SPG,35.4409,-84.8698
201806,125921,772516,3,4.0,ENE,BIG SPG,35.4222,-84.8544
201806,125921,772516,4,3.0,SE,BIG SPG,35.3693,-84.8823
201806,127581,764980,1,1.83,NW,MONTEZUMA,35.4188,-88.723
201806,127581,764980,2,1.16,NNE,HENDERSON,35.4448,-88.6603
201806,127581,764980,3,3.36,ESE,HENDERSON,35.4146,-88.6134
201806,127581,764980,4,2.51,SSW,MONTEZUMA,35.3665,-88.7173
201806,127893,767124,1,1.63,WSW,LENOW,35.1754,-89.7783
201806,127893,767124,2,1.25,WSW,LENOW,35.1748,-89.7713
201806,127976,767554,1,0.49,ESE,ST PAUL,35.3674,-89.992
201806,127976,767554,2,0.79,SW,WEST UNION,35.362,-89.98
201806,127976,767555,1,0.73,ENE,SLOANVILLE,35.3545,-89.9582
201806,127976,767555,2,1.39,E,SLOANVILLE,35.3539,-89.9458
201806,127976,767556,1,1.58,E,KERRVILLE,35.3787,-89.842
201806,127976,767556,2,1.9,E,KERRVILLE,35.3773,-89.8364
201806,127976,767557,1,2.14,NW,ARLINGTON,35.3221,-89.7065
201806,127976,767557,2,1.75,NNW,ARLINGTON,35.3233,-89.6922
201806,127976,767558,1,1.11,WSW,BELLS,35.7149,-89.0987
201806,127976,767558,2,0.77,S,BELLS,35.7089,-89.0781
201806,127976,767560,1,3.43,ENE,LAWRENCE,35.6764,-88.7484
201806,127976,767560,2,3.63,ENE,LAWRENCE,35.6761,-88.744
201806,127976,767562,1,0.41,WSW,PARSONS,35.6474,-88.1365
201806,127976,767562,2,1.04,E,PARSONS,35.6506,-88.1114
201806,128056,768006,1,1.76,W,GERMANTOWN,35.0841,-89.8507
201806,128056,768006,2,0.99,NE,FOREST HILL,35.0812,-89.759
201806,128056,768007,1,1.32,ENE,BAILEY,35.0558,-89.7077
201806,128056,768007,2,1.8,ENE,COLLIERVILLE,35.0557,-89.6389
201806,128056,768008,1,0.15,WSW,HICKORY VLY,35.1693,-89.1326
201806,128056,768008,2,1.57,SSW,MIDDLEBURG,35.1796,-89.0922
201806,128058,768011,1,0.93,NW,RUGBY,35.2085,-90.0127
201806,128058,768011,2,1.55,E,RUGBY,35.202,-89.9726
201806,128058,768012,1,1.31,NNE,SPRING LAKE,35.2666,-89.8688
201806,128058,768012,2,1.8,NE,SPRING LAKE,35.2656,-89.8544
201806,128058,768012,3,1.28,ESE,SPRING LAKE,35.2428,-89.8591
201806,128058,768012,4,0.5,SSE,SPRING LAKE,35.2435,-89.8762
201806,128107,768259,1,1.22,WSW,LIBERTY,36.0927,-88.14
201806,128107,768259,2,2.32,SE,CAMDEN,36.0221,-88.0769
201806,125916,754904,1,0.89,NW,PARROTTSVILLE,36.01,-83.09
201806,125916,754905,1,0.56,E,TALLASSEE,35.55,-84.06
201806,125916,754906,1,0.89,NW,HOWARD,35.56,-84.18
201806,125917,754908,1,0.89,NW,PARROTTSVILLE,36.01,-83.09
201806,125918,754909,1,0.89,NE,STRIGGERSVILLE,36.44,-82.97
201806,125919,754910,1,0.89,NE,OAKDALE,35.99,-84.56
201806,125921,754916,1,1.33,ESE,GLOVER HILL,35.06,-85.63
201806,125921,754917,1,0.89,SW,DUNLAP,35.37,-85.39
201806,125921,754918,1,0.89,NE,RYALL SPGS,35.01,-85.11
201806,125921,754919,1,0.57,W,CHICKAMAUGA,35.07,-85.26
201806,125921,754920,1,0.89,NE,CLEVELAND,35.18,-84.87
201806,125921,754921,1,0.0,N,RICEVILLE,35.38,-84.7
201806,125921,754922,1,0.56,E,OLD ENGLEWOOD,35.42,-84.49
201806,125921,754923,1,0.0,N,TELLICO PLAINS,35.37,-84.3
201806,125921,754924,1,0.69,S,BROWN ARPT,35.06,-85.58
201806,125921,754925,1,1.81,ENE,NEW MARKET,36.11,-83.52
201806,125921,754926,1,1.82,WNW,ATHENS,35.46,-84.63
201806,125921,754927,1,0.89,NW,PARROTTSVILLE,36.01,-83.09
201806,125947,755036,1,0.69,N,BEAN STATION,36.34,-83.28
201806,125947,755037,1,0.56,W,FORDTOWN,36.37,-84.13
201806,125947,755038,1,0.69,N,RUSSELLVILLE,36.26,-83.2
201806,125947,755039,1,0.0,N,WEST KNOXVILLE,35.97,-83.95
201806,125947,755040,1,1.11,W,WHITESBURG,36.27,-83.15
201806,125947,755041,1,0.69,S,FINCASTLE,36.41,-84.05
201806,125947,755042,1,0.56,E,WARTBURG,36.1,-84.59
201806,125947,755043,1,0.89,SW,SHARPS CHAPEL,36.34,-83.81
201806,125947,755044,1,0.0,N,HALLS XRDS,36.08,-83.93
201806,125947,755045,1,0.0,N,WEST KNOXVILLE,35.97,-83.95
201806,127976,767563,1,0.92,NW,RIPLEY,35.7392,-89.5617
201806,127976,767563,2,1.16,ENE,RIPLEY,35.7383,-89.532
201806,127976,767566,1,1.07,NE,OLIVET,35.23,-88.1854
201806,127976,767566,2,1.37,WNW,OLD TOWN,35.2267,-88.1729
201806,125947,755046,1,0.0,N,WEST KNOXVILLE,35.97,-83.95
201806,125947,755047,1,0.56,W,HARRIMAN,35.93,-84.56
201806,125947,755048,1,0.0,N,CEDAR CREEK,36.02,-82.9
201806,125947,755049,1,0.69,S,CATLETTSBURG,35.89,-83.58
201806,125947,755050,1,0.0,N,HIGHLAND PARK,35.8,-84.27
201806,125947,755051,1,0.89,NW,LOUDON,35.74,-84.36
201806,125947,755052,1,0.89,SE,SPRING CITY,35.69,-84.86
201806,125947,755053,1,0.0,N,ATHENS,35.45,-84.6
201806,125947,755054,1,1.79,NW,EAST RIDGE,35.0,-85.24
201806,125951,755057,1,0.56,E,FOCHEE,35.7,-84.47
201806,125951,755058,1,1.79,SE,SMITHTOWN,35.06,-85.73
201806,125951,755059,1,1.13,W,COULTERVILLE,35.42,-85.14
201806,125951,755060,1,1.49,SSW,BAKEWELL,35.33,-85.14
201806,125951,755061,1,0.0,N,BURRVILLE,36.3,-84.75
201806,125951,755062,1,0.56,E,WARTBURG,36.1,-84.59
201806,125951,755063,1,1.32,WSW,GLADES,35.72,-83.49
201806,125951,755064,1,1.69,E,FAIRVIEW,35.57,-84.74
201806,125951,755065,1,0.89,SE,WATTS BAR DAM,35.61,-84.79
201806,125951,755066,1,0.69,N,PIKEVILLE,35.61,-85.2
201806,125951,755067,1,1.13,E,BENTON,35.18,-84.65
201806,125951,755068,1,0.89,SW,DUNLAP,35.37,-85.39
201806,125951,755069,1,0.89,NE,CARTWRIGHT,35.28,-85.46
201806,125951,755070,1,0.89,SW,SOUTH PITTSBURG,35.02,-85.71
201806,125951,755071,1,1.38,N,HAVERON CHAPEL,35.04,-85.78
201806,125951,772519,1,1.0,SE,BIG SPG,35.3898,-84.9075
201806,125951,772519,2,1.0,E,BIG SPG,35.4,-84.9022
201806,125951,772519,3,1.5,E,BIG SPG,35.4,-84.8934
201806,125951,772519,4,2.0,SE,BIG SPG,35.3795,-84.8949
201806,125951,772520,1,5.0,S,WARTBURG,36.0276,-84.6
201806,125951,772520,2,5.0,E,WARTBURG,36.1,-84.5104
201806,125951,772520,3,5.0,N,WARTBURG,36.1724,-84.6
201806,125951,772520,4,5.0,W,WARTBURG,36.1,-84.6896
201806,125951,772521,1,0.5,E,KINGSTON,35.87,-84.5111
201806,125951,772521,2,1.0,W,KINGSTON,35.87,-84.5379
201806,125951,772521,3,3.0,SW,KINGSTON,35.8393,-84.5579
201806,125951,772521,4,5.0,SSW,KINGSTON,35.8031,-84.5542
201806,125951,772522,1,1.0,NE,ELKMONT,35.6602,-83.5674
201806,125951,772522,2,0.0,NW,ELKMONT,35.65,-83.58
201806,125951,772522,3,1.0,W,ELKMONT,35.65,-83.5978
201806,125951,772522,4,1.0,NW,ELKMONT,35.6602,-83.5926
201806,125951,772522,5,1.0,N,ELKMONT,35.6645,-83.58
201807,128920,773053,1,6.0,SSE,JACKSON,35.5398,-88.7891
201807,128921,773062,1,1.29,S,BERCLAIR,35.1315,-89.9226
201807,128921,773062,2,1.33,SSW,BERCLAIR,35.1318,-89.9277
201806,125951,772524,1,2.0,N,PIKEVILLE,35.629,-85.2
201806,125951,772524,2,2.5,NE,PIKEVILLE,35.6256,-85.1685
201806,125951,772524,3,2.0,SE,PIKEVILLE,35.5795,-85.1748
201806,125951,772524,4,3.0,SW,PIKEVILLE,35.5693,-85.2378
201806,125951,772525,1,7.0,N,ATHENS,35.5513,-84.6
201806,125951,772525,2,7.0,SE,ATHENS,35.3784,-84.5121
201806,125951,772525,3,7.0,SSW,ATHENS,35.3564,-84.6476
201806,125951,772525,4,7.0,W,ATHENS,35.45,-84.7244
201807,126560,758567,1,1.78,SE,CADES COVE,35.6,-83.81
201806,125683,764654,1,0.0,N,RAYSVILLE,35.33,-86.32
201806,125683,764655,1,0.56,W,RAYSVILLE,35.33,-86.33
201806,125683,764656,1,0.89,SW,FAYETTEVILLE ARPT,35.06,-86.58
201806,125683,764657,1,1.83,WNW,MILNERS SWITCH,35.04,-86.43
201806,125683,764658,1,2.15,NNE,SKINEM,35.11,-86.59
201806,125683,764659,1,0.89,SW,HOWELL,35.22,-86.63
201806,125683,764661,1,0.69,N,ANDERSON,34.99,-85.9
201806,125683,764662,1,1.49,SSE,RIDGEVILLE,35.25,-86.29
201806,125683,764663,1,1.49,NNW,RAYSVILLE,35.35,-86.33
201807,126555,758507,1,0.69,S,AVONDALE SPGS,36.29,-83.5
201807,126558,758524,1,0.56,W,FORDTOWN,36.37,-84.13
201806,125683,764660,1,0.89,SE,VANNTOWN,35.01,-86.46
201807,126558,758525,1,0.69,N,BEAN STATION,36.34,-83.28
201807,126558,758526,1,0.56,W,MAYNARDVILLE,36.25,-83.81
201807,126558,758528,1,0.89,NW,SPRINGDALE,36.53,-82.56
201807,126558,758529,1,0.0,N,HALLS XRDS,36.08,-83.93
201807,126558,758554,1,0.89,SW,DUNLAP,35.37,-85.39
201807,126560,758568,1,0.69,S,COLLEGEDALE,35.04,-85.05
201807,126560,758569,1,0.89,SE,CHANCEYTOWN,35.04,-84.39
201807,126558,776839,1,6.0,S,DECATUR,35.4332,-84.8
201807,126558,776839,2,4.0,SSE,DECATUR,35.4665,-84.7728
201807,126558,776839,3,4.0,SSW,DECATUR,35.4665,-84.8272
201807,126558,776839,4,5.0,SSW,DECATUR,35.4531,-84.834
201807,126002,776844,1,1.0,NE,BENTON,35.1902,-84.6575
201807,126002,776844,2,3.0,ESE,BENTON,35.1634,-84.6209
201807,126002,776844,3,3.0,SE,BENTON,35.1493,-84.6324
201807,126002,776844,4,1.0,S,BENTON,35.1655,-84.67
201806,128109,768285,1,0.61,NNE,ROUTON,36.2381,-88.3758
201806,128109,768285,2,1.14,SW,SPINKS,36.2083,-88.3843
201806,128109,768286,1,1.49,NE,DRESDEN,36.3171,-88.7039
201806,128109,768286,2,2.31,S,DRESDEN,36.2666,-88.7216
201806,128109,768287,1,1.01,SSE,LIBERTY,36.0864,-88.1134
201806,128109,768287,2,1.21,E,SAWYERS MILL,36.0323,-88.0986
201807,126002,776847,1,2.0,W,ETOWAH,35.33,-84.5655
201807,126002,776847,2,2.0,N,ETOWAH,35.359,-84.53
201807,126002,776847,3,3.0,E,ETOWAH,35.33,-84.4768
201807,126002,776847,4,3.0,S,ETOWAH,35.2866,-84.53
201807,126002,776850,1,3.0,SE,RELIANCE,35.1493,-84.4824
201807,126002,776850,2,3.0,S,BENTON,35.1366,-84.67
201807,126002,776850,3,1.0,NW,BENTON,35.1902,-84.6825
201807,126002,776850,4,3.0,NE,RELIANCE,35.2107,-84.4824
201807,126002,776855,1,1.0,NNW,KNOXVILLE,35.9834,-83.9368
201807,126002,776855,2,4.0,E,KNOXVILLE,35.97,-83.8585
201807,126002,776855,3,10.0,NNE,KNOXVILLE,36.1037,-83.8615
201807,126002,776855,4,9.0,N,KNOXVILLE,36.1003,-83.93
201807,126002,784196,1,4.0,SSW,KINGSTON,35.8165,-84.5473
201806,127976,767559,1,3.36,NE,OAKFIELD,35.7476,-88.7506
201806,127976,767559,2,3.36,WSW,SPRING CREEK,35.7496,-88.7344
201806,128056,768003,1,0.3,NNE,PERSEY,35.0243,-90.0689
201806,128056,768003,2,1.28,ENE,WHITEHAVEN,35.0289,-90.0102
201806,127976,767561,1,0.21,SSW,CHEWALLA,35.0171,-88.6512
201806,127976,767561,2,1.43,SE,CHEWALLA,35.0081,-88.6294
201807,126558,758530,1,2.07,N,BARTON SPGS,36.26,-83.25
201807,126558,758535,1,0.69,N,WHITE ROCK,35.81,-83.25
201807,126558,758538,1,1.38,N,NEVA,36.42,-81.87
201807,126558,758539,1,0.89,SE,SPRING CITY,35.69,-84.86
201807,126558,758540,1,0.89,NE,DECATUR,35.53,-84.79
201807,126558,758542,1,0.89,SE,SPRING CITY,35.69,-84.86
201807,126558,758536,1,0.69,N,PIKEVILLE,35.61,-85.2
201807,126558,758543,1,0.69,N,PIKEVILLE,35.61,-85.2
201807,126558,758544,1,0.89,NE,DECATUR,35.53,-84.79
201806,127581,764931,1,1.24,NNE,HOLLOW ROCK,36.0471,-88.2733
201806,127581,764931,2,0.43,E,HOLLOW ROCK,36.0306,-88.2724
201806,128056,768005,1,0.0,N,(MEM)MEMPHIS INTL AR,35.05,-89.98
201806,128056,768005,2,0.48,E,(MEM)MEMPHIS INTL AR,35.0506,-89.9715
201806,128109,768284,1,2.39,NNE,PORTER COURT,36.3514,-88.3118
201806,128109,768284,2,1.72,NNE,VAN DYKE,36.2543,-88.3131
201806,128109,768282,1,1.64,SSE,PROCTOR CITY,36.399,-89.4362
201806,128109,768282,2,1.38,SW,TIPTONVILLE,36.3635,-89.4939
201806,128109,768288,1,2.05,NNE,GREENFIELD,36.1766,-88.7837
201806,128109,768288,2,1.15,SSW,GREENFIELD,36.134,-88.8057
201806,128109,768290,1,1.03,NNE,BRUCETON,36.0447,-88.2464
201806,128109,768290,2,0.61,SE,BRUCETON,36.0231,-88.243
201806,128109,768291,1,1.4,N,BRUCETON,36.0501,-88.2469
201806,128109,768291,2,0.68,SSE,BRUCETON,36.0218,-88.2433
201806,128107,768257,1,0.0,N,OSAGE,36.37,-88.42
201806,128107,768257,2,0.0,N,MANLYVILLE,36.23,-88.17
201807,126558,758523,1,0.56,W,FORDTOWN,36.37,-84.13
201807,128999,773406,1,0.92,SSE,MEDON,35.4573,-88.875
201807,128999,773406,2,1.29,SE,MEDON,35.4574,-88.8631
201807,128999,773406,3,2.46,SE,MEDON,35.4426,-88.8522
201807,128999,773406,4,1.94,SSE,MEDON,35.4435,-88.8688
201807,125998,755324,1,0.89,NE,HICKORY STAR LNDG,36.29,-83.81
201807,125998,755326,1,1.38,N,STANLEY JCT,36.47,-84.48
201807,126002,755370,1,0.56,W,KINGSTON ARPT,35.82,-84.54
201807,126002,755371,1,0.56,W,JENA,35.65,-84.18
201807,125998,784197,1,0.89,SW,SHARPS CHAPEL,36.3409,-83.8113
201806,128109,768294,1,3.23,NNE,LEIGHTON,35.5939,-89.0504
201806,128109,768294,2,1.45,NNE,LEIGHTON,35.5694,-89.0603
201806,128109,768261,1,2.42,SSE,LACY,35.0896,-88.8488
201806,128109,768261,2,1.35,ENE,ESSARY SPGS,35.028,-88.7982
201806,128109,768292,2,2.05,WNW,NAUVOO,36.1113,-89.4539
201806,128109,768292,1,2.42,N,NAUVOO,36.135,-89.4221
201807,128921,773059,1,17.97,WNW,LIPE,36.0987,-88.4804
201807,128921,773059,2,18.3,WNW,LIPE,36.0938,-88.488
201807,128999,773405,1,0.37,NW,JACKSON,35.6241,-88.8343
201807,128999,773405,2,1.35,ENE,JACKSON,35.6241,-88.8065
201807,128999,773405,3,1.38,SE,JACKSON,35.6087,-88.8097
201807,128999,773405,4,1.04,SW,JACKSON,35.6089,-88.8425
201806,128109,768289,1,1.78,NNE,TRENTON,36.0038,-88.918
201806,128109,768289,2,2.41,N,EDISON,35.9342,-88.962
201806,128109,768293,1,1.15,NNE,SAND RIDGE,35.6951,-88.4714
201806,128109,768293,2,2.13,NW,LIFE,35.6453,-88.5016
201806,127581,768513,1,2.4,NNE,LENOW,35.213,-89.7368
201806,127581,768868,1,0.0,N,NUTBUSH,35.7,-89.42
201806,127581,768868,2,0.0,N,WOODLAND,35.57,-89.1
201807,126002,755372,1,1.79,SE,SOUTH CLEVELAND,35.11,-84.9
201807,126002,755373,1,0.69,N,NEW TAZEWELL,36.44,-83.6
201807,126002,755374,1,0.56,E,CLEAR SPGS,36.15,-83.87
201807,128999,773407,2,2.67,SSE,MEDON,35.4367,-88.856
201807,128999,773407,1,2.2,S,MEDON,35.4384,-88.876
201807,128999,773407,3,3.71,SW,PARKBURG,35.4137,-88.8486
201807,128999,773407,4,3.42,S,MEDON,35.4208,-88.8745
201807,129065,773660,1,3.56,SE,CORDOVA,35.1146,-89.7342
201807,129065,773660,2,1.91,N,BAILEY,35.0776,-89.7285
201807,129065,773661,1,0.13,WNW,HUNTERSVILLE,35.6207,-88.9821
201807,129065,773661,2,2.4,SSW,HUNTERSVILLE,35.5907,-89.0029
201807,126558,758545,1,0.89,SE,MORGANTOWN,35.49,-85.01
201807,126558,758546,1,1.13,E,BENTON,35.18,-84.65
201806,128109,768283,1,2.29,N,HIGHLAND,36.453,-89.0239
201806,128109,768283,2,2.0,SW,UNION CITY,36.3988,-89.0744
201812,133166,796713,1,0.0,N,BLUE GOOSE,35.7,-88.58
201807,128920,773052,1,1.63,NNW,PICKWICK LAKE,35.0502,-88.2148
201807,128920,773052,2,0.0,N,PICKWICK DAM,35.05,-88.25
201807,128958,773285,1,2.53,ESE,GRIFFEN,35.2667,-89.4581
201807,128997,773398,1,2.0,W,COVINGTON,35.57,-89.7056
201807,128997,773398,2,0.95,SW,COVINGTON,35.5614,-89.6831
201807,128921,773057,1,71.82,N,HINKLE,36.4407,-88.077
201807,128921,773057,2,70.6,N,HINKLE,36.4271,-88.1065
201807,126558,758547,1,0.56,E,EUREKA,35.27,-84.86
201807,126558,758548,1,0.89,SW,HUNTSVILLE,36.41,-84.49
201807,126558,758550,1,1.38,N,CALHOUN,35.3,-84.75
201807,126558,758551,1,0.56,W,FORDTOWN,36.37,-84.13
201807,126558,758552,1,0.69,N,PIKEVILLE,35.61,-85.2
201807,126558,758553,1,0.0,N,ROCKWOOD,35.87,-84.68
201806,127419,763726,1,0.56,E,LYNCHBURG,35.28,-86.37
201806,125683,764650,1,1.13,E,BELLEVIEW,35.05,-86.58
201806,125683,764651,1,1.32,WNW,RAYSVILLE,35.34,-86.34
201806,125683,764652,1,0.56,W,RAYSVILLE,35.33,-86.33
201806,125683,764653,1,1.49,NNW,CENTER GROVE,35.34,-86.24
201812,133166,796711,1,0.37,ENE,MALESUS,35.5524,-88.8241
201812,133166,796711,2,2.27,ENE,ROY,35.5309,-88.7619
201805,127056,761444,1,1.0,N,GRAY,36.4345,-82.47
201805,127056,761444,2,2.0,NW,GRAY,36.4405,-82.4954
201805,127056,761444,3,3.0,W,GRAY,36.42,-82.524
201805,127056,761444,4,2.0,SW,GRAY,36.3995,-82.4954
201807,126558,758533,1,0.89,SW,ELIZABETHTON,36.34,-82.23
201807,126558,758582,1,0.89,SW,ELIZABETHTON,36.34,-82.23
201807,126558,758555,1,0.89,SE,MORGANTOWN,35.49,-85.01
201807,126558,758556,1,1.38,N,CALHOUN,35.3,-84.75
201807,126558,758559,1,1.79,SW,OOLTEWAH,35.06,-85.09
201807,126558,758560,1,0.89,SE,BELLTOWN,34.99,-84.36
201807,126558,758561,1,0.69,N,PIKEVILLE,35.61,-85.2
201807,126558,758562,1,0.0,N,TELLICO PLAINS,35.37,-84.3
201807,126560,758566,1,1.13,E,BIG SPG,35.4,-84.9
201803,122774,737768,1,0.84,ENE,DECHERD,35.2257,-86.0669
201803,122774,737768,2,0.8,WNW,OAK GROVE,35.2552,-86.0127
201812,133536,798906,1,1.0,SSE,MARTIN SPGS,35.1566,-85.7932
201812,133536,798906,2,1.0,N,MARTIN SPGS,35.1845,-85.8
201812,133536,798906,3,3.0,N,MARTIN SPGS,35.2134,-85.8
201812,133536,798906,4,3.0,NNE,MARTIN SPGS,35.2101,-85.7797
201812,133536,798906,5,2.0,ESE,MARTIN SPGS,35.1589,-85.7673
201812,133536,798914,1,2.0,SW,GATLINBURG,35.6995,-83.5452
201812,133536,798914,2,3.0,ESE,GATLINBURG,35.7034,-83.4706
201812,133536,798914,3,3.0,ENE,PIGEON FORGE,35.7966,-83.5006
201812,133536,798914,4,3.0,NW,PIGEON FORGE,35.8107,-83.5879
201812,132352,791910,1,2.35,WNW,NINEMILE,35.71,-85.14
201812,132352,791911,1,1.78,NW,FREDONIA,35.42,-85.45
201812,133479,798649,1,3.36,N,MALLORYS,35.9981,-86.7909
201812,133483,798650,1,1.06,SSW,PAYNE COVE,35.315,-85.8339
201812,133483,798650,2,1.12,SSW,PAYNE COVE,35.3142,-85.8347
201812,133483,798650,3,1.26,S,PAYNE COVE,35.3117,-85.8307
201812,133483,798650,4,1.18,S,PAYNE COVE,35.3129,-85.8298
201812,133483,798651,1,0.44,NW,RED HILL,35.4548,-86.055
201812,133483,798651,2,0.36,NW,RED HILL,35.4533,-86.0549
201812,133483,798651,3,0.34,NW,RED HILL,35.4531,-86.0546
201812,133483,798651,4,0.41,NW,RED HILL,35.4548,-86.0543
201812,133483,798653,1,0.34,N,RIVER HILL,35.8249,-85.4209
201812,133483,798653,2,0.34,N,RIVER HILL,35.8249,-85.4202
201812,133483,798653,3,0.27,NNE,RIVER HILL,35.8238,-85.419
201812,133483,798653,4,0.07,NE,RIVER HILL,35.8207,-85.4193
201812,133483,798653,5,0.05,N,RIVER HILL,35.8207,-85.4199
201812,133483,798653,6,0.24,N,RIVER HILL,35.8234,-85.4197
201812,133484,798661,1,1.66,SW,SNIDER,36.6063,-87.9445
201812,133484,798663,1,1.58,ESE,STEWART,36.3103,-87.8043
201812,133484,798669,1,1.78,E,POLLARD,36.2805,-87.6481
201812,133484,798674,1,1.17,ESE,BRIARWOOD,36.5132,-87.3607
201812,133483,798654,1,1.0,SSE,RUTLEDGE HILL,35.3065,-85.9437
201812,133483,798654,2,0.94,SSE,RUTLEDGE HILL,35.3077,-85.9428
201812,133483,798654,3,0.97,SSE,RUTLEDGE HILL,35.3075,-85.9421
201812,133483,798654,4,1.03,SSE,RUTLEDGE HILL,35.3062,-85.9432
201812,133484,798675,1,0.91,ESE,BRIARWOOD,36.5169,-87.364
201812,133484,798676,1,0.96,SSE,SANGO,36.4874,-87.2228
201812,133484,798683,1,0.0,N,CUMBERLAND FURNACE,36.27,-87.37
201812,133484,798684,1,0.07,S,FROG POND,36.1289,-87.2299
201812,133484,798685,1,1.56,SE,HOHENWALD,35.5342,-87.5503
201812,133484,798686,1,0.58,W,SPRINGFIELD,36.4994,-86.8905
201812,133484,798687,1,1.82,S,NEWSOM,36.0539,-87.0044
201812,133484,798690,1,1.48,NNW,(BNA)NASHVILLE METRO,36.1498,-86.6903
201812,133484,798693,1,0.73,N,GREEN HILL,36.2404,-86.5479
201812,133484,798694,1,1.6,WSW,SILVER SPGS,36.191,-86.4764
201812,133484,798691,1,0.76,SSE,MUDSINK,35.9107,-86.8128
201812,133484,798692,1,0.74,NNW,MINOR HILL,35.0596,-87.1557
201812,133484,798695,1,2.34,SSW,SILVER SPGS,36.1689,-86.4665
201812,133484,798697,1,1.51,NNW,SHELBYVILLE,35.5005,-86.4796
201812,133484,798698,1,1.25,ESE,NORENE,36.0607,-86.2009
201812,133484,798699,1,1.48,NNW,COMMERCE,36.1688,-86.1129
201812,133484,798726,2,1.23,NE,LEBANON ARPT,36.1902,-86.3018
201812,133484,798726,3,0.9,ENE,LEBANON ARPT,36.1843,-86.3047
201812,133484,798726,4,0.56,SSW,SILVER SPGS,36.1924,-86.4537
201812,133484,798726,1,0.08,SW,SILVER SPGS,36.1991,-86.4508
201810,132082,790335,1,1.71,NW,TRIUNE,35.8869,-86.6923
201810,132082,790335,2,1.6,NW,TRIUNE,35.8868,-86.6897
201810,132082,790335,3,1.54,NW,TRIUNE,35.8831,-86.6923
201810,132082,790335,4,1.45,ENE,ARRINGTON,35.8801,-86.6973
201810,132082,790335,5,1.43,NE,ARRINGTON,35.8817,-86.6988
201810,132082,790336,1,2.84,WNW,PROVIDENCE,36.3431,-86.1983
201810,132082,790336,2,0.97,SE,WILLARD,36.4409,-86.1668
201810,132082,790336,3,5.19,NE,CATO,36.4239,-85.9849
201810,132082,790336,4,3.82,ENE,CATO,36.3998,-85.9922
201810,132082,790336,5,0.58,E,JOHNTOWN,36.3701,-86.0696
201810,132082,790336,6,1.66,SE,PROVIDENCE,36.3111,-86.1316
201810,132082,790337,1,0.68,S,NOLENSVILLE,35.9402,-86.6803
201810,132082,790337,3,1.0,S,NOLENSVILLE,35.9355,-86.6808
201810,132082,790337,4,1.01,S,NOLENSVILLE,35.9356,-86.6829
201810,132082,790337,2,0.66,S,NOLENSVILLE,35.9405,-86.6786
201810,132083,790338,1,1.51,WNW,SAUNDERSVILLE,36.3371,-86.5956
201810,132083,790338,2,1.28,WNW,SAUNDERSVILLE,36.3368,-86.5915
201810,132083,790338,3,1.26,WNW,SAUNDERSVILLE,36.3357,-86.5916
201810,132083,790338,4,1.48,WNW,SAUNDERSVILLE,36.3352,-86.5958
201811,132117,790546,1,2.61,NNE,LIBERTY,36.1365,-88.1083
201811,132117,790546,2,3.41,S,BIG SANDY,36.1807,-88.0835
201811,132640,794539,1,0.95,W,FREEMONT,35.3714,-85.7467
201811,132640,794539,2,0.78,WNW,FREEMONT,35.3737,-85.7431
201811,131021,783797,1,0.0,N,PAILO,35.47,-85.32
201806,128128,771071,1,0.0,N,MT PLEASANT,35.53,-87.2
201806,128128,771077,1,0.37,ESE,SCREAMER,35.4483,-87.1639
201806,128128,770619,1,0.0,N,MC EWEN,36.12,-87.63
201806,128118,768992,1,0.63,SSE,SOUTHALL,35.871,-86.9276
201806,128118,768993,1,0.52,E,THOMPSONS STATION,35.7996,-86.9107
201806,128118,768994,1,1.45,SW,WESTWOOD,35.5842,-87.0969
201806,128119,768996,1,2.67,SSE,MT JULIET,36.1658,-86.4976
201806,128119,768997,1,2.64,SW,SILVER SPGS,36.1711,-86.4809
201806,128119,769000,1,1.61,N,OAK HILL,36.1233,-86.8194
201806,128120,769002,1,0.0,N,COOPERTOWN,36.43,-86.95
201806,128128,770535,1,0.0,N,THOMPSONS STATION,35.8,-86.92
201806,128128,770565,1,2.52,NE,KEDRON,35.7255,-86.8878
201806,128114,768310,1,0.82,SW,BLANTON CHAPEL,35.4928,-86.1615
201806,128114,768311,1,0.3,ESE,SPARTA,35.9279,-85.4654
201806,128115,768312,1,1.48,SE,RICHLAND,36.1325,-86.8646
201806,128120,769004,1,10.0,WNW,CROSSVILLE,36.0054,-85.1952
201806,128128,771085,1,1.63,ENE,WRENCOE,36.0283,-86.6727
201806,128128,771088,1,0.0,N,ANTHONY HILL,35.13,-87.12
201806,128115,768313,1,1.42,NW,OGLESBY,36.0646,-86.7479
201806,128115,768315,1,0.7,ESE,MT JULIET,36.1977,-86.5078
201806,128115,768316,1,1.32,W,JEFFERSON,35.9783,-86.4935
201806,128115,768316,2,0.87,W,JEFFERSON,35.9787,-86.4854
201806,128115,768316,3,0.3,WSW,JEFFERSON,35.9779,-86.4747
201806,128115,768316,4,0.37,SW,JEFFERSON,35.9758,-86.4741
201806,128115,768316,5,1.31,W,JEFFERSON,35.9772,-86.4932
201806,128127,770449,1,1.04,ENE,ROSLIN,36.2342,-84.9022
201806,128127,770451,1,0.61,N,RED BOILING SPGS,36.5387,-85.8513
201806,128127,770451,2,0.67,NNE,RED BOILING SPGS,36.5394,-85.8472
201806,128127,770451,3,0.24,NNE,RED BOILING SPGS,36.5331,-85.8481
201806,128127,770451,4,0.2,N,RED BOILING SPGS,36.5329,-85.8501
201806,128127,770452,1,3.23,NE,FREDONIA,35.5642,-86.0807
201806,128128,771089,2,1.49,ENE,BURNS,36.0599,-87.2964
201806,128128,771089,3,1.17,SE,BURNS,36.0385,-87.3047
201806,128128,771089,1,1.18,NW,DICKSON,36.093,-87.3937
201806,128128,771089,4,1.67,SW,DICKSON,36.0639,-87.4024
201806,128120,769019,1,1.88,NE,NASHVILLE CORNELIA F,36.2025,-86.6813
201806,128120,769020,1,2.02,ESE,MAPLEWOOD,36.2155,-86.6885
201806,128120,769035,1,0.0,N,GALLATIN,36.4,-86.45
201806,128121,769054,1,1.24,NNW,LINDEN PERRY CO ARPT,35.6174,-87.8858
201806,128127,770454,1,1.09,W,(CSV)CROSSVILLE MEM,35.9502,-85.0995
201806,128127,770456,1,2.11,SW,TANGLEWOOD,36.2548,-86.0016
201806,128127,770457,1,1.43,WNW,WHITE HOUSE,36.4753,-86.6748
201806,128128,770617,1,2.2,WNW,OAK GROVE,36.0083,-87.518
201806,128122,769864,1,1.36,NW,SPRINGERS STATION,35.1644,-87.3963
201806,128122,769864,2,1.49,ESE,LEOMA,35.1604,-87.3264
201806,128122,769869,1,0.0,N,CORNERSVILLE,35.37,-86.85
201806,128122,769870,1,1.49,E,FLAT CREEK,35.4031,-86.3938
201806,128127,770460,1,0.49,SSE,TWO CHESNUT,36.4431,-86.6175
201806,128122,769872,1,1.11,WNW,RED HILL,35.4549,-86.0687
201806,128122,770489,1,0.51,NNW,WHITE CITY,35.2572,-85.722
201806,128123,769882,1,0.46,SE,COLLINWOOD,35.1758,-87.7437
201806,128128,770624,1,0.0,N,DICKSON,36.08,-87.38
201806,128128,770643,1,1.55,S,DICKSON,36.0578,-87.3831
201806,128120,769006,1,3.22,N,MALLORYS,35.9957,-86.8111
201806,128127,770459,1,1.15,SSE,FREDONIA,36.416,-87.2088
201806,128127,770463,1,1.59,SW,HIGHLAND ACADEMY,36.5049,-86.5217
201806,128127,770470,1,1.52,NNW,GAINESBORO,36.3711,-85.6581
201806,128127,770470,2,1.52,N,GAINESBORO,36.3718,-85.647
201806,128127,770470,3,1.12,WNW,MC COINSVILLE,36.3235,-85.6497
201806,128127,770470,4,0.5,NNE,NEW SALEM,36.3262,-85.6654
201806,128127,770470,5,1.15,W,GAINESBORO,36.3506,-85.6707
201806,128127,770475,1,0.73,WNW,CASTALIAN SPGS,36.4036,-86.3324
201806,128123,769884,1,0.0,N,IRON CITY,35.02,-87.58
201806,128123,769892,1,0.0,N,ST JOSEPH,35.05,-87.5
201806,128123,769893,1,0.6,NNW,SOUTH FAIRVIEW,35.058,-87.474
201806,128123,769895,1,0.0,N,MINOR HILL,35.05,-87.15
201806,128128,770566,1,0.0,N,CHAPEL HILL,35.63,-86.7
201806,128120,769007,1,1.29,ESE,OGLESBY,36.0458,-86.7075
201806,128120,769009,1,2.13,SW,MT OLIVE,35.8576,-86.4762
201806,128120,769010,1,1.08,SSW,EWINGVILLE,35.9049,-86.8753
201806,128120,769012,1,2.06,ENE,BERRYS CHAPEL,35.9823,-86.8465
201806,128120,769014,1,1.96,W,HOPEWELL,36.231,-86.6652
201806,128120,769015,1,1.37,NW,NASHVILLE CORNELIA F,36.1958,-86.7148
201806,128120,769016,1,1.0,N,DONELSON,36.1845,-86.65
201806,128128,770601,1,0.56,NW,HICKORY HGTS,35.4552,-86.7777
201806,128116,768327,1,4.0,SSW,BYRDSTOWN,36.5165,-85.1576
201806,128116,768330,1,0.0,N,BETHPAGE,36.48,-86.32
201806,128116,768333,1,1.0,E,WESTMORELAND,36.57,-86.232
201806,128116,768335,1,0.92,WSW,CAIRO,36.3633,-86.3843
201806,128116,768337,1,0.41,ESE,LA GUARDO,36.2974,-86.4233
201806,128128,771090,1,0.0,N,PROSPECT,35.03,-87.0
201806,128128,771091,1,1.18,WSW,GAITHERVILLE,35.2458,-87.3902
201806,128127,770477,1,1.09,N,CENTERVILLE,36.2958,-86.2184
201806,128127,770480,1,0.56,W,UNA,36.0815,-86.6299
201806,128116,768338,1,0.39,E,LA GUARDO,36.2993,-86.4231
201806,128117,768344,1,1.01,S,PROVIDENCE,36.5655,-86.3201
201806,128118,768971,1,0.0,N,SPRINGFIELD,36.5,-86.88
201806,128118,768972,1,1.09,NNW,COURTLAND,36.4832,-86.8608
201806,128127,770482,1,1.2,WSW,RUSSELL HILL,36.4235,-85.92
201806,128128,770577,1,2.43,WNW,LEANNA,35.9384,-86.4921
201806,128128,771070,1,0.0,N,LOBELVILLE,35.78,-87.75
201806,128128,771093,1,2.15,ENE,ARMOUR VLG,35.6361,-87.1325
201806,128128,771093,2,0.88,WNW,GODWIN,35.6541,-87.0648
201806,128128,771093,3,2.3,SE,DARKS MILL,35.6527,-86.9965
201806,128128,771093,4,1.79,SW,UNION GROVE,35.5823,-86.9933
201806,128128,771093,5,0.58,ENE,ASHWOOD,35.583,-87.1404
201806,128127,770483,1,1.58,SSW,BAIRDS MILLS,36.0785,-86.3396
201806,128127,770484,1,1.99,SE,BAXTER,36.1277,-85.6073
201806,128127,770485,1,1.02,WNW,LIVINGSTON,36.3855,-85.337
201806,128127,770485,2,0.82,WSW,LIVINGSTON ARPT,36.3941,-85.3327
201806,128127,770485,3,0.11,WSW,LIVINGSTON ARPT,36.3996,-85.3219
201806,128127,770485,4,1.22,E,LIVINGSTON ARPT,36.3991,-85.2981
201806,128127,770485,5,1.2,ESE,LIVINGSTON ARPT,36.3951,-85.2992
201806,128127,770485,6,0.46,SSW,LIVINGSTON ARPT,36.3941,-85.3238
201806,128127,770485,7,0.85,WNW,LIVINGSTON,36.3862,-85.3332
201806,128127,770485,8,0.81,WSW,LIVINGSTON,36.3768,-85.334
201806,128127,770486,1,0.23,ENE,DAVENPORT,35.751,-85.966
201806,128127,770487,1,1.65,S,WINTON TOWN,35.4465,-85.9249
201806,128127,770488,1,0.75,NE,PIEDMONT,35.277,-85.8599
201806,128123,769894,1,1.0,E,SOUTH FAIRVIEW,35.0523,-87.4526
201806,128123,769894,2,1.88,WSW,CENTER PT,35.0913,-87.3615
201806,128124,769898,1,0.7,WSW,OKALONA,36.3171,-85.342
201806,128125,769902,1,2.1,S,HOLLY SPGS,36.3896,-85.4013
201806,128128,771095,1,0.45,NNW,WYATTS CHAPEL,36.5557,-87.7339
201806,128128,771075,1,2.5,SW,MT JOY,35.506,-87.3033
201806,128128,770512,1,1.59,SE,PLEASANT VIEW,36.4863,-85.0569
201806,128128,770513,1,1.16,N,ALLARDT,36.3966,-84.8824
201806,128126,769905,1,0.91,ENE,PARKER,36.5872,-85.0864
201806,128127,770437,1,1.77,S,EGAN,36.2045,-86.346
201806,128127,770438,1,2.38,NNW,BECKWITH,36.252,-86.4859
201806,128127,770438,2,2.44,NNW,BECKWITH,36.2534,-86.4843
201806,128127,770438,3,2.41,NNW,BECKWITH,36.2532,-86.4834
201806,128127,770438,4,2.33,NNW,BECKWITH,36.2519,-86.4838
201806,128128,770603,1,1.04,W,FALL CREEK,35.571,-86.5684
201806,128128,770649,1,0.0,N,CENTERVILLE,35.78,-87.47
201806,128128,770650,1,0.77,SSW,COLESBURG,36.0599,-87.3558
201806,128115,768317,1,2.75,WNW,PORTLAND,36.5907,-86.5677
201806,128115,768319,1,0.0,N,PORTLAND,36.58,-86.52
201806,128116,768332,1,0.67,SSE,CAIRO,36.3616,-86.3639
201806,128117,768342,1,1.74,SE,PROVIDENCE,36.56,-86.3008
201806,128119,768999,1,1.02,N,OAK HILL,36.1148,-86.8195
201806,128128,771079,1,1.44,E,ETHRIDGE,35.3224,-87.2947
201806,128128,771080,1,1.08,NNE,NORTH XRDS,35.3341,-87.3419
201806,128128,770605,1,1.04,SW,WESTWOOD,35.5915,-87.0952
201806,128128,770606,1,0.0,SE,WAVERLY,36.08,-87.8
201806,128128,771055,1,0.61,SE,CENTERVILLE,35.7743,-87.4617
201806,128128,770654,1,1.24,W,DUCK RIVER,35.7281,-87.322
201806,128128,770654,2,1.97,SW,CHARTERSVILLE,35.7008,-87.2959
201806,128128,771065,1,1.14,SSW,WHITE BLUFF,36.104,-87.2253
201806,128118,768973,1,1.0,SE,SPRINGFIELD,36.4898,-86.8673
201806,128118,768975,1,1.36,WSW,OAK HILL,36.095,-86.8436
201806,128118,768980,1,2.74,E,RICHLAND,36.1452,-86.8312
201806,128128,770651,1,0.0,N,TOTTYS BEND,35.78,-87.37
201806,128128,771069,1,2.09,N,PLEASANTVILLE,35.7002,-87.6987
201806,128118,768984,1,1.89,NW,BERRY HILL,36.1388,-86.7947
201806,128118,768987,1,2.19,SSW,MADISON,36.22,-86.7823
201806,128118,768988,1,1.42,W,NASHVILLE,36.1697,-86.8055
201806,128118,768989,1,2.36,WSW,INGLEWOOD,36.2059,-86.7686
201806,128118,768991,1,1.78,N,NASHVILLE,36.1956,-86.7759
201806,128128,771083,1,0.0,N,LAWRENCEBURG,35.25,-87.33
201806,128128,771081,1,0.69,WSW,LAWRENCEBURG ARPT,35.2265,-87.2615
201806,128128,770514,1,1.37,W,PINE HAVEN,36.4487,-84.9547
201806,128128,770514,2,0.85,E,PINE HAVEN,36.4502,-84.9146
201806,128128,770514,3,0.97,SSE,JAMESTOWN,36.4178,-84.9113
201806,128128,770514,4,2.75,WSW,JAMESTOWN,36.4213,-84.9682
201806,128128,770534,1,0.43,NE,EWINGVILLE,35.9249,-86.8652
201806,128127,770440,1,5.32,E,PHIFERES,35.6551,-85.357
201806,128128,771087,1,0.0,N,PULASKI,35.2,-87.02
201806,128120,769044,1,0.0,N,LOBELVILLE,35.78,-87.75
201806,128128,770602,1,0.0,N,LEWISBURG,35.45,-86.8
201806,128127,770443,1,3.58,NE,MIDWAY,36.6012,-85.5486
201806,128127,770444,1,0.58,WSW,HERMITAGE SPGS,36.5765,-85.7796
201806,128127,770446,1,0.38,NW,LIVINGSTON,36.3843,-85.3242
201806,128127,770447,1,0.0,N,GAINESBORO,36.35,-85.65
201806,128127,770448,1,0.0,N,WAVERLY,36.08,-87.8
201806,128128,770569,1,1.35,ESE,WILHOITE MILLS,35.5939,-86.6973
201806,128127,770436,1,0.24,SW,GREEN HILL,36.2273,-86.5528
201806,128116,768326,1,4.0,SW,LASCASSAS,35.8891,-86.3705
201806,128128,770607,1,0.0,N,LYNNVILLE,35.38,-87.0
201806,128128,770608,1,0.0,N,DOVER,36.48,-87.83
201805,126664,760975,1,2.66,ESE,TULLAHOMA,35.3489,-86.1905
201805,126664,761029,1,1.39,ESE,ADAMS,36.5746,-87.0458
201805,126659,760855,1,0.0,N,SUMMITVILLE,35.57,-86.0
201805,126664,761069,1,0.0,N,ROCK BRIDGE,36.52,-86.38
201805,126664,761070,1,1.03,N,HILLTOP,36.4847,-87.3972
201805,126670,761416,1,0.0,N,ALGOOD,36.2,-85.43
201805,126670,761417,1,0.0,N,ALGOOD,36.2,-85.43
201805,126670,761418,1,0.25,WNW,UNION CAMP,36.4712,-85.9343
201805,126670,761419,1,0.0,N,RED BOILING SPGS,36.53,-85.85
201805,126670,761421,1,1.48,WNW,POMONA RD,36.0283,-85.1445
201805,126670,761424,1,1.98,SSE,(CSV)CROSSVILLE MEM,35.924,-85.0651
201805,126670,761425,1,2.22,NW,OAKLAND,36.2892,-86.3818
201805,126659,760856,1,0.0,N,SUMMITVILLE,35.57,-86.0
201805,126670,761410,1,0.0,N,YATESTON,35.88,-85.58
201805,126659,760853,1,0.0,N,MANCHESTER,35.48,-86.08
201805,126659,760854,1,5.0,NE,MANCHESTER,35.5312,-86.0171
201805,126664,760973,1,1.77,SW,SAILORS REST,36.4,-87.6
201805,126664,760974,1,1.32,SE,ELKHEAD,35.3582,-85.8316
201805,126670,761413,1,4.71,NNW,COOKEVILLE ARPT,36.26,-85.52
201805,126664,761073,1,0.0,N,LAFAYETTE,36.52,-86.03
201805,126670,761428,1,1.0,N,HARTSVILLE,36.4145,-86.17
201805,126670,761429,1,0.66,NNW,BEECH GROVE,36.4291,-86.1036
201805,126664,761072,1,0.25,N,FOUNTAIN HEAD,36.5536,-86.4995
201805,126664,761072,2,1.1,SSE,PLEASANT GROVE,36.5861,-86.2206
201805,126664,761072,3,2.73,ENE,BRANSFORD,36.5162,-86.2351
201805,126664,761072,4,2.56,N,GALLATIN,36.4366,-86.4575
201805,126669,761369,1,2.36,ENE,ALEXANDER SPGS,35.39,-87.24
201805,126669,761370,1,3.06,N,NAPIER,35.4743,-87.4829
201805,126669,761371,1,0.0,N,LAWRENCEBURG,35.25,-87.33
201805,126670,761430,1,0.0,N,GAINESBORO,36.35,-85.65
201805,126659,760875,1,3.13,WSW,RICKMAN,36.259,-85.4244
201805,126659,760875,2,2.56,SW,RICKMAN,36.241,-85.3986
201805,126660,760888,1,0.0,N,HENDERSONVILLE,36.28,-86.62
201805,126666,760911,1,0.0,N,WALTERHILL,35.95,-86.4
201805,126664,761074,1,2.59,ENE,WILLIAMS,36.5599,-86.0049
201805,126659,760864,1,0.0,N,COOKEVILLE,36.17,-85.5
201805,126660,760886,1,2.77,ENE,FAIRVIEW,36.0001,-87.0772
201805,126660,760890,1,0.0,N,HERMITAGE,36.18,-86.62
201805,126661,760894,1,0.52,SSE,LAAGER,35.3727,-85.6181
201805,126661,760895,1,0.0,N,TRACY CITY,35.27,-85.75
201805,126663,760901,1,0.65,WNW,BAXTER,36.1524,-85.6413
201805,126665,760907,1,1.35,SE,GOODLETTSVILLE,36.3049,-86.7045
201805,126665,760907,2,1.44,NW,AMQUI,36.2927,-86.7005
201805,126665,760907,3,1.64,NNW,AMQUI,36.3028,-86.6885
201805,126665,760907,4,1.74,ESE,GOODLETTSVILLE,36.3078,-86.6927
201805,126665,760909,1,3.94,NNW,FOREST HOME,36.0293,-86.9654
201805,126665,760909,2,4.43,N,FOREST HOME,36.0433,-86.9427
201805,126665,760909,4,2.62,NW,FOREST HOME,36.0083,-86.9613
201805,126665,760909,3,1.82,NNW,FOREST HOME,36.0041,-86.9431
201805,126664,761050,1,1.49,ENE,OAK HILL,36.11,-86.7963
201805,126664,761050,2,0.86,WNW,BELLEVUE,36.0729,-86.945
201805,126664,761063,1,0.85,S,SPRINGFIELD MUNI ARP,36.5179,-86.9227
201805,126664,761065,1,3.21,NNW,CHARLOTTE,36.225,-87.3444
201805,126664,761061,1,0.0,ENE,GOODLETTSVILLE,36.32,-86.72
201805,126664,761068,1,0.0,N,GOODLETTSVILLE,36.32,-86.72
201805,126664,761067,1,1.13,E,NEWSOM,36.0792,-86.9798
201805,126664,761067,2,1.78,NNW,BELLEVUE,36.0944,-86.9406
201805,126664,761067,3,0.67,ENE,BELLEVUE,36.0746,-86.9194
201805,126664,761067,4,1.13,NNW,PASQUO,36.0439,-86.9808
201805,126664,761031,1,2.68,S,POND,36.062,-87.4392
201805,126664,761032,1,1.98,ESE,BORDEAUX,36.1925,-86.8158
201805,126664,761049,1,0.46,S,SPRINGFIELD MUNI ARP,36.5235,-86.9216
201805,126664,761037,1,1.18,SSE,SPRINGFIELD,36.4848,-86.8705
201805,126664,761075,1,1.94,WNW,CROSS RD,36.6349,-86.1995
201805,126664,761075,2,1.53,N,DAYS XRDS,36.542,-85.9769
201805,126664,761075,3,1.72,WSW,WEBBTOWN,36.4897,-85.9783
201805,126664,761075,4,1.75,SSE,GREEN GROVE,36.448,-86.1644
201805,126664,761075,5,1.24,NNW,GREEN GROVE,36.487,-86.1872
201805,126664,761075,6,2.25,NW,GREEN GROVE,36.4884,-86.2134
201805,126664,761066,1,0.69,WSW,KINNEY,36.5249,-86.9408
201805,126664,761066,3,2.06,WSW,LAKEVIEW,36.5365,-86.8331
201805,126664,761066,4,0.32,E,COURTLAND,36.4706,-86.8443
201805,126664,761066,5,2.31,SSW,SPRINGFIELD,36.4701,-86.8988
201805,126664,761066,2,1.66,WNW,MT DENSON,36.5613,-86.9064
201805,126664,761030,1,0.85,NNW,EXCELL,36.4914,-87.2755
201805,126669,761372,1,1.64,SSW,BELLEVUE,36.0476,-86.9395
201805,126662,760898,1,0.17,W,MEMORIAL,36.5997,-85.703
201805,126670,761411,1,5.0,S,GAINESBORO,36.2776,-85.65
201805,126667,760917,1,0.67,ENE,SUNSET,36.5338,-85.1589
201802,123124,738246,5,1.43,E,MILLERSVILLE,36.3705,-86.6743
201802,123124,738246,1,0.55,SSE,ROCKLAND,36.2928,-86.6258
201802,123124,738246,2,1.39,NNW,CAIRO,36.389,-86.3782
201802,123124,738246,3,0.61,SE,ROCK BRIDGE,36.5141,-86.3718
201802,123124,738246,4,0.62,E,WHITE HOUSE,36.47,-86.6389
201802,123124,738248,1,0.27,WSW,SPRING HILL,35.7492,-86.9347
201802,123124,738248,2,1.0,ESE,SPRING HILL,35.7423,-86.9149
201802,123124,738248,3,0.72,S,CULLEOKA,35.4696,-86.9813
201802,123124,738248,4,1.18,WSW,CULLEOKA,35.4713,-86.998
201802,123124,738250,1,2.31,ESE,LEBANON,36.2077,-86.2615
201802,123124,738250,2,3.42,ESE,LEBANON,36.2062,-86.2411
201802,123124,738250,3,0.75,NW,SHOP SPGS,36.1373,-86.2299
201802,123124,738250,4,1.62,WSW,GREENWOOD,36.1379,-86.2548
201802,123124,738253,2,0.58,NE,WESTEL,35.8552,-84.7419
201802,123124,738253,1,1.17,W,BURKE,35.7716,-85.0407
201802,123124,738253,3,5.18,SE,ROGERS,35.9465,-84.7051
201802,123124,738253,4,0.46,WSW,RINNIE,36.1471,-85.0373
201802,123124,738253,5,2.27,WNW,BROWNTOWN,35.963,-85.2572
201802,123124,738247,1,0.99,NNE,EGAN,36.2425,-86.3414
201802,123124,738247,2,2.38,SSW,CENTERVILLE,36.251,-86.2432
201802,123124,738247,3,1.03,N,GREENWOOD,36.1649,-86.2287
201802,123124,738247,4,1.49,NW,HOLLOWAY,36.1626,-86.3417
201802,123124,738249,1,2.72,WNW,BON AQUA,35.9666,-87.3742
201802,123124,738249,2,0.51,NNE,BON AQUA,35.9565,-87.3259
201802,123124,738249,3,0.17,WNW,BON AQUA,35.9507,-87.333
201802,123124,738249,4,2.58,WNW,BON AQUA,35.9603,-87.3744
201802,123124,738251,1,0.98,NW,PALL MALL,36.561,-84.9812
201802,123124,738251,2,2.31,E,PALL MALL,36.5495,-84.9283
201802,123124,738251,3,0.75,SE,WOLF RIVER,36.5223,-84.9606
201802,123124,738251,4,1.63,WSW,PALL MALL,36.5417,-84.9975
201802,123124,738252,1,1.67,SSW,GAINESBORO ARPT,36.3766,-85.6374
201802,123124,738252,2,2.41,NNW,DODSON BRANCH,36.3496,-85.553
201802,123124,738252,3,2.02,NW,DODSON BRANCH,36.3413,-85.5548
201802,123124,738252,4,2.28,NE,MC COINSVILLE,36.3473,-85.6069
201802,123124,738252,5,1.39,NNE,GAINESBORO,36.3692,-85.6427
201802,123140,738336,1,0.0,N,TENNESSEE RIDGE,36.32,-87.77
201802,123140,738337,1,2.66,E,CARLISLE,36.4355,-87.7226
201802,123140,738338,1,3.27,NNW,WAVERLY ARPT,36.1625,-87.7557
201802,123140,738339,1,0.6,ENE,DOTSONVILLE,36.4848,-87.4709
201802,123140,738339,2,1.24,S,NEW PROVIDENCE,36.5321,-87.3975
201802,123140,738342,1,1.7,ENE,ADAMS,36.5864,-87.0404
201802,123140,738342,2,3.58,W,BARREN PLAIN,36.6078,-86.9838
201802,123140,738335,1,0.5,SE,TENNESSEE RIDGE,36.3146,-87.764
201802,123140,738343,1,0.0,N,DICKSON,36.08,-87.38
201802,123140,738344,1,1.29,SSW,AETNA,35.6338,-87.5313
201802,123140,738333,1,5.18,NE,ADAMS,36.6392,-87.0126
201802,123140,738333,2,5.61,WNW,BARREN PLAIN,36.6441,-87.0049
201802,123140,738345,1,2.75,ENE,FAIRVIEW,36.0005,-87.0779
201802,123140,738346,1,1.03,SSW,RICHLAND,36.1358,-86.8857
201802,123140,738347,1,1.33,NE,HENDERSONVILLE,36.2907,-86.6003
201802,123140,738348,1,0.0,N,WAYNESBORO,35.32,-87.77
201802,123140,738341,1,2.56,SE,ST BETHLEHEM,36.5513,-87.2707
201802,123140,738341,2,2.11,SSE,BELDON,36.5725,-87.2036
201802,123140,738340,1,0.56,NW,CLARKSVILLE,36.5362,-87.3566
201802,123140,738334,1,7.93,W,CONCORD,36.2314,-87.9123
201802,123123,738245,3,2.32,W,TUCKERS XRDS,36.1952,-86.2212
201802,123123,738245,1,0.64,NNW,TAYLORSVILLE,36.2781,-86.2055
201802,123123,738245,2,1.09,ENE,TAYLORSVILLE,36.2787,-86.1836
201802,123123,738245,4,2.76,SE,LEBANON,36.1956,-86.2607
201902,135168,810279,1,4.0,SE,SNEEDVILLE,36.4891,-83.1691
201902,135168,810279,2,5.0,SE,SNEEDVILLE,36.4788,-83.1563
201902,135168,810279,3,5.0,ESE,SNEEDVILLE,36.5023,-83.1368
201902,135168,810279,4,4.0,ESE,SNEEDVILLE,36.5079,-83.1535
201902,135254,811049,1,1.4,S,EIDSON,36.4997,-83.03
201902,135254,811049,2,1.5,SSE,EIDSON,36.4999,-83.0197
201902,135254,811049,3,1.4,SE,EIDSON,36.5057,-83.0122
201902,135254,811049,4,1.1,SSE,EIDSON,36.5053,-83.0224
201902,135179,810305,1,12.0,WSW,PIKEVILLE,35.5335,-85.3973
201902,135179,810305,2,10.0,N,PIKEVILLE,35.7447,-85.2
201902,135179,810305,3,12.0,NE,PIKEVILLE,35.7228,-85.0489
201902,135179,810305,4,10.0,S,PIKEVILLE,35.4553,-85.2
201902,135179,810334,1,4.0,SE,NEVA,36.3591,-81.8192
201902,135179,810334,2,2.0,SE,NEVA,36.3795,-81.8446
201902,135179,810334,3,1.0,S,NEVA,36.3855,-81.87
201902,135179,810334,4,3.0,S,NEVA,36.3566,-81.87
201902,135285,811066,1,3.0,NW,ALTONVILLE,36.4307,-83.1582
201902,135285,811066,2,4.0,NW,ALTONVILLE,36.4409,-83.1709
201902,135285,811066,3,4.0,NNW,ALTONVILLE,36.4535,-83.1475
201902,135285,811066,4,3.0,N,ALTONVILLE,36.4434,-83.12
201902,135285,811066,5,2.0,N,ALTONVILLE,36.429,-83.12
201902,135168,810292,2,3.0,ENE,KLONDIKE,36.4466,-83.0801
201902,135168,810292,3,3.5,NE,KLONDIKE,36.4658,-83.0855
201902,135168,810292,4,2.0,NE,KLONDIKE,36.4505,-83.1046
201902,135168,810292,1,2.0,ENE,KLONDIKE,36.4411,-83.0968
201902,135168,810293,1,8.0,N,ROGERSVILLE,36.5158,-83.0
201902,135168,810293,2,14.0,NE,ROGERSVILLE,36.5433,-82.8218
201902,135168,810293,3,8.0,E,ROGERSVILLE,36.4,-82.8562
201902,135168,810293,4,8.0,SW,ROGERSVILLE,36.3181,-83.1017
201902,135168,810294,1,2.0,NE,CHURCH HILL,36.5405,-82.6945
201902,135168,810294,2,2.0,SE,CHURCH HILL,36.4995,-82.6945
201902,135168,810294,3,2.0,SW,CHURCH HILL,36.4995,-82.7455
201902,135168,810294,4,2.0,NW,CHURCH HILL,36.5405,-82.7455
201902,135168,810295,1,5.0,S,HOOP,36.4576,-83.43
201902,135168,810295,2,4.0,S,HOOP,36.4721,-83.43
201902,135168,810295,3,3.5,SSE,HOOP,36.4832,-83.4059
201902,135168,810295,4,4.0,SSE,HOOP,36.4765,-83.4024
201902,135168,810296,1,1.0,NW,SULLIVAN GARDENS,36.4902,-82.6127
201902,135168,810296,2,1.0,NE,SULLIVAN GARDENS,36.4902,-82.5873
201902,135168,810296,3,1.5,SE,SULLIVAN GARDENS,36.4647,-82.5809
201902,135168,810296,4,1.5,SW,SULLIVAN GARDENS,36.4647,-82.6191
201902,135179,810308,1,1.5,WNW,MORRISTOWN,36.2283,-83.3049
201902,135179,810308,2,1.0,WNW,MORRISTOWN,36.2255,-83.2966
201902,135179,810308,3,0.5,WNW,MORRISTOWN,36.2228,-83.2883
201902,135179,810308,4,1.0,WSW,MORRISTOWN,36.2145,-83.2966
201902,135179,810315,1,2.8,W,BYRDS CHAPEL,35.92,-84.22
201902,135179,810315,2,12.0,N,KNOXVILLE,36.1437,-83.93
201902,135179,810315,3,14.0,NE,KNOXVILLE,36.1133,-83.7528
201902,135179,810315,4,12.0,E,KNOXVILLE,35.97,-83.7154
201902,135179,810315,5,7.0,SW,KNOXVILLE,35.8984,-84.0185
201902,135168,810243,1,4.0,NE,MAYNARDVILLE,36.2909,-83.7492
201902,135168,810243,2,4.0,SE,MAYNARDVILLE,36.2091,-83.7493
201902,135168,810243,3,4.0,SW,MAYNARDVILLE,36.2091,-83.8508
201902,135168,810243,4,4.0,NW,MAYNARDVILLE,36.2909,-83.8508
201902,135168,810246,1,2.0,N,ANDERSONVILLE,36.229,-84.03
201902,135168,810246,2,2.0,E,ANDERSONVILLE,36.2,-83.9941
201902,135168,810246,3,2.0,S,ANDERSONVILLE,36.1711,-84.03
201902,135168,810246,4,2.0,W,ANDERSONVILLE,36.2,-84.0659
201902,135168,810258,2,2.0,NNE,PEDIGO,36.1267,-83.9863
201902,135168,810258,1,2.0,N,PEDIGO,36.129,-84.0
201902,135168,810258,3,1.0,NNE,PEDIGO,36.1134,-83.9931
201902,135168,810258,4,1.5,WNW,PEDIGO,36.1083,-84.0248
201902,135168,810261,1,2.0,S,MORRISTOWN,36.1911,-83.28
201902,135168,810261,2,2.0,SW,MORRISTOWN,36.1995,-83.3054
201902,135168,810261,3,1.0,SW,MORRISTOWN,36.2098,-83.2927
201902,135168,810261,4,1.0,S,MORRISTOWN,36.2055,-83.28
201902,135179,810323,1,1.82,WSW,RICHARDSON COVE,35.81,-83.46
201902,135179,810323,2,1.0,E,PITTMAN CENTER,35.77,-83.3822
201902,135179,810323,3,2.0,S,PITTMAN CENTER,35.7411,-83.4
201902,135179,810323,4,2.0,W,PITTMAN CENTER,35.77,-83.4357
201902,135179,810345,1,2.0,WSW,WOODLAWN,36.2589,-82.5032
201902,135179,810345,2,2.0,W,WOODLAWN,36.27,-82.5059
201902,135179,810345,3,1.0,W,WOODLAWN,36.27,-82.488
201902,135179,810345,4,1.0,WSW,WOODLAWN,36.2645,-82.4866
201902,135179,810349,3,1.0,W,ST CLAIR,36.33,-83.098
201902,135179,810349,1,0.0,W,ST CLAIR,36.33,-83.08
201902,135179,810349,2,0.5,NW,ST CLAIR,36.3351,-83.0864
201902,135179,810349,4,0.5,SW,ST CLAIR,36.3249,-83.0864
201902,135179,810381,2,0.5,W,PIGEON FORGE,35.78,-83.5589
201902,135179,810381,3,1.0,W,PIGEON FORGE,35.78,-83.5678
201902,135179,810381,4,1.0,WNW,PIGEON FORGE,35.7855,-83.5665
201902,135179,810381,1,0.5,NW,PIGEON FORGE,35.7851,-83.5563
201902,135179,814315,1,0.0,N,MOHAWK,36.2,-83.05
201902,135179,814315,2,0.0,N,JEAROLDSTOWN,36.37,-82.7
201902,135179,814315,3,5.0,SE,GREENEVILLE,36.1188,-82.7666
201902,135179,814315,4,8.0,S,GREENEVILLE,36.0542,-82.83
201902,135179,810332,1,4.0,S,SODDY DAISY,35.2221,-85.17
201902,135179,810332,2,8.0,SSW,SODDY DAISY,35.173,-85.2242
201902,135179,810332,3,10.0,SSW,SODDY DAISY,35.1463,-85.2378
201902,135179,810332,4,8.0,S,SODDY DAISY,35.1642,-85.17
201902,135168,810272,1,3.0,W,CORRYTON,36.15,-83.8338
201902,135168,810272,2,2.0,WNW,CORRYTON,36.1611,-83.8131
201902,135168,810272,3,3.0,WNW,CORRYTON,36.1666,-83.8297
201902,135168,810272,4,4.0,W,CORRYTON,36.15,-83.8517
201902,135168,810276,1,6.0,NE,MORRISTOWN,36.2814,-83.2039
201902,135168,810276,2,8.0,E,MORRISTOWN,36.22,-83.1365
201902,135168,810276,3,5.0,S,MORRISTOWN,36.1476,-83.28
201902,135168,810276,4,6.0,WSW,MORRISTOWN,36.1868,-83.3794
201902,135168,810283,2,0.5,W,BLEVINS,36.47,-82.939
201902,135168,810283,3,0.5,SSW,BLEVINS,36.4633,-82.9334
201902,135168,810283,4,1.0,SSW,BLEVINS,36.4566,-82.9369
201902,135168,810283,1,1.0,W,BLEVINS,36.47,-82.948
201902,135168,810289,1,1.0,NE,MOHAWK,36.2102,-83.0373
201902,135168,810289,2,3.0,ENE,MOHAWK,36.2166,-83.0003
201902,135168,810289,3,3.0,E,MOHAWK,36.2,-82.9962
201902,135168,810289,4,1.0,SE,MOHAWK,36.1898,-83.0373
201902,135179,810389,1,2.0,S,LANIER,35.5911,-84.1
201902,135179,810389,2,2.0,W,LANIER,35.62,-84.1356
201902,135179,810389,3,0.0,N,ARLINE,35.8,-84.08
201902,135179,810389,4,0.0,N,ROCKFORD,35.83,-83.93
201902,135179,810389,5,0.0,N,TREMONT,35.62,-83.68
201905,136425,818835,1,3.0,SW,GALLATIN,36.3693,-86.4881
201905,136425,818834,1,0.0,N,CENTERTOWN,35.72,-85.92
201905,136425,818836,1,3.0,NNW,MANCHESTER,35.5201,-86.1004
201905,136424,818832,1,0.75,SW,FAIRVIEW,35.9713,-87.1281
201905,136423,818830,1,1.8,E,DYKES XRDS,35.9989,-85.0478
201905,136423,818830,2,0.31,N,DORTON,35.9545,-84.9697
201905,136423,818830,3,2.56,ENE,LANTANA,35.887,-85.0593
201905,136423,818830,4,2.73,NNW,LANTANA,35.9079,-85.114
201903,135426,812122,1,1.34,S,PYBURNS,35.0808,-88.2473
201903,135426,812122,2,1.23,SSE,PYBURNS,35.0833,-88.2425
201905,137350,824429,1,2.58,SE,BRUNSWICK,35.2468,-89.7442
201905,137350,824429,2,3.13,N,LENOW,35.2246,-89.74
201905,137350,824433,1,1.64,ENE,CROSSTOWN,35.4548,-89.7714
201905,137350,824433,2,0.82,W,SALEM,35.432,-89.7644
201905,137350,824439,1,0.39,S,LENOW,35.1744,-89.7501
201905,137350,824439,2,0.82,SSW,LENOW,35.1685,-89.754
201905,137350,824444,1,0.31,NNW,DIXONVILLE,35.4341,-89.9521
201905,137350,824444,2,0.76,SW,QUITO,35.4133,-89.9407
201901,132529,793010,1,0.56,W,ST CLAIR,36.33,-83.09
201901,132529,793011,1,1.31,WSW,MORRISTOWN,36.21,-83.3
201901,132529,793012,1,1.81,WSW,WHITESBURG,36.26,-83.16
201902,135179,810342,4,11.0,SW,KNOXVILLE,35.8574,-84.069
201902,135179,810342,1,2.0,NE,HALLS XRDS,36.1005,-83.9047
201902,135179,810342,2,2.0,NW,HALLS XRDS,36.1005,-83.9553
201902,135179,810342,3,11.0,WSW,KNOXVILLE,35.9091,-84.1117
201902,135179,810342,5,6.0,SSW,KNOXVILLE,35.8898,-83.971
201903,133767,800499,1,0.89,NE,PIKEVILLE,35.61,-85.19
201903,133767,800500,1,0.0,N,CONCORD,35.6,-84.92
201903,133775,800659,1,3.95,E,CHESTNUT RIDGE,35.33,-86.48
201903,133775,800660,1,0.83,NNE,PLEASANT HILL,35.3108,-86.3134
201903,133775,800661,1,0.69,S,CUMBERLAND SPGS,35.32,-86.3
201903,133775,800662,1,0.69,S,CUMBERLAND SPGS,35.32,-86.3
201903,133775,800663,1,1.49,NNE,RAYSVILLE,35.35,-86.31
201903,133775,800664,1,1.85,SW,CENTER GROVE,35.301,-86.2532
201903,133767,800495,1,2.15,NNE,BROCKDELL,35.56,-85.32
201903,133767,800496,1,0.89,NE,CAGLE,35.48,-85.46
201903,133767,800497,1,0.89,NE,CAGLE,35.48,-85.46
201903,133767,800498,1,0.89,NE,PIKEVILLE,35.61,-85.19
201904,134997,809040,1,5.27,WNW,PENNINE,35.67,-84.98
201904,134997,809041,1,0.69,S,BATLEY,36.02,-84.25
201904,134997,809038,1,0.0,N,HARRIMAN,35.93,-84.55
201904,134997,809042,1,1.68,E,BATLEY,36.03,-84.22
201904,134997,809045,1,0.89,NW,ROGERSVILLE,36.41,-83.01
201904,134997,809046,1,0.56,W,HAMPTON,36.28,-82.18
201904,134997,809048,1,1.11,E,AVOCA,36.55,-82.21
201904,134997,809043,1,0.56,W,MORRISTOWN,36.22,-83.29
201904,135866,815408,1,0.46,NE,CORDOVA,35.1545,-89.7741
201904,135866,815408,2,1.44,S,LENOW,35.1594,-89.7538
201904,135030,809196,1,1.32,WNW,IRONSBURG,35.24,-84.37
201904,135030,814349,1,2.5,WNW,RICHARDSON COVE,35.8339,-83.4712
201904,135030,814349,2,1.0,E,RICHARDSON COVE,35.82,-83.4122
201904,135030,814349,3,0.0,E,LAUREL,35.77,-83.4
201904,135030,814349,4,4.0,WNW,LAUREL,35.7922,-83.4659
201903,135778,814839,1,1.74,SSE,WAYNESBORO,35.2956,-87.7626
201903,135779,815058,1,2.09,E,BARREN PLAIN,36.5997,-86.8823
201903,135779,815058,2,1.3,E,HANDLEYTON,36.6001,-86.6066
201903,135779,815059,1,2.4,NW,PLEASANT VLY,36.5287,-86.6444
201903,135779,815062,1,3.0,N,CROSS PLAINS,36.5934,-86.7
201903,135779,815066,1,0.0,N,CASTALIAN SPGS,36.4,-86.32
201903,135779,815067,1,0.0,N,HARTSVILLE,36.4,-86.17
201903,135779,815065,1,1.67,N,KEDRON,35.7241,-86.9181
201903,135779,815065,2,2.22,SE,SPRING HILL,35.7282,-86.9008
201903,135777,814666,1,0.0,N,PORTLAND,36.58,-86.52
201903,135777,814687,1,0.66,N,PEPPERTOWN,35.0096,-87.4003
201903,135777,814687,2,0.59,WSW,UPPER MOCKESON,35.0664,-87.3094
201903,135777,814688,1,2.53,SSW,CROSSROADS,35.0367,-87.7486
201903,135777,814691,1,2.7,SSE,MURFREESBORO,35.8162,-86.3957
201903,135777,814693,2,0.34,NNW,SHILOH,35.8742,-86.3534
201903,135777,814693,1,0.62,W,SHILOH,35.8715,-86.361
201903,135777,814700,1,0.41,WSW,ETHRIDGE,35.3174,-87.3265
201903,135777,814700,2,1.57,ESE,ETHRIDGE,35.3154,-87.2928
201903,135777,814701,1,1.92,S,LOFTON,35.9023,-86.2768
201903,135777,814702,1,0.94,ENE,AUBURNTOWN,35.9573,-86.0858
201903,135777,814703,1,0.61,SSE,AUBURNTOWN,35.9423,-86.0945
201903,135777,814705,1,1.21,WNW,FREE HILL,36.5791,-85.4986
201903,135777,814705,2,1.15,WNW,FREE HILL,36.5791,-85.4973
201903,135777,814705,3,1.06,WNW,FREE HILL,36.5757,-85.4978
201903,135777,814705,4,1.13,WNW,FREE HILL,36.5758,-85.499
201903,135777,814706,1,0.62,NNW,HUNTERS PT,36.3078,-86.2755
201903,135777,814706,2,0.43,SE,HUNTERS PT,36.2964,-86.2638
201903,135777,814706,3,3.02,N,BELLWOOD,36.2936,-86.1449
201903,135777,814706,4,1.3,E,PROSPERITY,35.9807,-86.0467
201903,135777,814706,5,3.57,WNW,CAINSVILLE,35.9937,-86.3068
201903,135777,814706,6,0.62,W,SUGGS CREEK,36.1187,-86.511
201903,135777,814706,7,2.01,ENE,GREENLAWN,36.2633,-86.5379
201903,135777,814707,1,0.84,SSW,COUNTER PEN,35.3686,-85.8054
201903,135777,814708,1,1.98,ESE,COUNTER PEN,35.3673,-85.7685
201903,135777,814709,1,0.71,ESE,CUMBERLAND HGTS,35.3975,-85.6877
201903,135777,814832,1,1.82,ESE,FLATWOODS,35.2882,-87.3212
201903,135777,814832,2,1.89,ESE,FLATWOODS,35.2874,-87.3202
201903,135777,814832,3,1.89,SE,FLATWOODS,35.2845,-87.3223
201903,135777,814832,4,1.78,SE,FLATWOODS,35.2853,-87.3241
201903,135777,814833,1,0.44,SSW,TULLAHOMA,35.364,-86.2325
201903,135777,814833,2,2.27,SSE,TULLAHOMA,35.3425,-86.2078
201903,135777,814833,3,1.46,NNE,RED HILL,35.4677,-86.036
201903,135777,814833,4,1.8,WSW,FOREST MILL,35.507,-86.0777
201903,135777,814834,1,1.51,NNE,VIOLA,35.5494,-85.8575
201903,135777,814834,2,1.55,NNE,VIOLA,35.5493,-85.8557
201903,135777,814834,3,1.52,NNE,VIOLA,35.5488,-85.8558
201903,135777,814834,4,1.48,NNE,VIOLA,35.5489,-85.8575
201903,135777,814835,1,2.3,N,MARVIN CHAPEL,35.5028,-85.8767
201903,135777,814835,2,1.78,NNW,MARVIN CHAPEL,35.4948,-85.8786
201903,135777,814835,3,0.89,ENE,PROVIDENCE,35.2859,-85.8859
201903,135777,814835,4,1.0,S,MT VIEW,35.2857,-85.8726
201903,135777,814835,5,1.07,SSW,PAYNE COVE,35.3149,-85.8342
201903,135777,814835,6,2.27,N,MARVIN CHAPEL,35.5026,-85.876
201904,134992,809013,1,1.12,W,MIDWAY,36.18,-83.0
201904,134994,809027,1,5.12,NNW,MARTIN SPGS,35.24,-85.83
201904,134992,809012,1,0.56,E,BYBEE,36.05,-83.17
201904,134994,809028,1,0.89,SW,MASCOT,36.06,-83.76
201904,134997,809036,1,4.44,WNW,PENNINE,35.66,-84.97
201904,134997,809037,1,5.27,WNW,PENNINE,35.67,-84.98
201906,137788,827860,1,1.31,WSW,FOREST HILL,35.0631,-89.7916
201906,137788,827860,2,0.61,NE,BAILEY,35.0573,-89.724
201906,137788,827860,3,1.57,N,COLLIERVILLE ARPK,35.0225,-89.7262
201906,137788,827860,4,2.71,SSW,FOREST HILL,35.0344,-89.7902
201906,137788,827862,1,2.14,SW,FOREST HILL,35.0524,-89.8012
201906,137788,827862,2,1.17,ESE,BAILEY,35.0443,-89.7106
201906,137788,827862,3,1.24,E,COLLIERVILLE ARPK,34.9976,-89.7083
201906,137788,827862,4,4.67,ESE,CAPLEVILLE,34.9959,-89.843
201906,137950,829028,1,1.03,NW,GRAND JCT,35.0602,-89.1933
201906,137950,829028,2,0.48,N,GRAND JCT,35.0569,-89.1811
201906,137967,829152,1,2.59,NE,FOREST HILL,35.0925,-89.7333
201906,137967,829152,2,2.19,N,PIPER,35.0812,-89.6871
201904,136437,818900,1,0.0,N,BELK,35.83,-85.7
201904,136437,818901,1,0.0,N,ROCK IS,35.78,-85.62
201904,136437,818902,1,1.65,NNE,GLADEVILLE,36.1415,-86.4072
201904,136437,818903,1,0.0,N,COALMONT,35.33,-85.72
201904,136437,818904,1,0.0,N,MONTEAGLE,35.25,-85.83
201904,136437,818905,1,1.92,NE,SANDERS CROSSING,35.3022,-85.7495
201904,136437,818906,1,0.0,N,GRUETLI,35.37,-85.67
201904,136438,818908,1,0.0,N,BON AQUA,35.95,-87.33
201904,136438,818909,1,5.0,W,LAWRENCEBURG,35.25,-87.4186
201906,137840,828244,1,0.0,N,(MEM)MEMPHIS INTL AR,35.05,-89.98
201906,137840,828244,2,0.69,E,(MEM)MEMPHIS INTL AR,35.0519,-89.968
201906,137840,828245,1,1.54,SE,GRIFFIN CORNER,35.3127,-89.9826
201906,137840,828245,2,1.64,NNE,LUCY,35.3215,-89.9177
201906,137840,828246,1,0.89,SSW,DIXONVILLE,35.4188,-89.9576
201906,137840,828246,2,1.29,NW,GIFT,35.5619,-89.5878
201906,137840,828247,1,0.1,W,SOLO,35.5802,-89.6018
201906,137840,828247,2,0.87,NW,ANTIOCH,35.5873,-89.5627
201906,137842,828248,1,1.64,NNE,MADISON HALL,35.5927,-88.8717
201906,137842,828248,2,2.3,ENE,EAST UNION,35.6071,-88.7401
201905,135482,812579,1,0.69,S,GREENEVILLE,36.16,-82.83
201905,135482,812580,1,1.31,ESE,GREENEVILLE ARPT,36.17,-82.8
201905,135482,812581,1,1.38,S,LANCEVILLE,35.91,-82.92
201905,135482,812583,1,0.57,E,SIGNAL MTN,35.13,-85.34
201905,135482,812585,1,1.83,WNW,FALLING WATER,35.23,-85.28
201905,135728,814317,1,0.56,W,Y SECTION,36.28,-82.38
201905,135728,814318,1,1.32,ENE,TOWNSEND,35.68,-83.75
201905,135728,814319,1,0.69,S,MT TABOR,35.76,-84.02
201905,135728,814320,1,0.89,NE,GOODWATER,36.09,-83.06
201905,135728,814321,1,1.11,E,Y SECTION,36.28,-82.35
201905,135728,814322,1,0.56,E,EMBREEVILLE JCT,36.3,-82.37
201905,135728,814323,1,0.0,N,LOUISVILLE,35.82,-84.05
201905,135728,814324,1,1.32,WSW,DU PONT,35.81,-83.72
201905,135728,814327,1,1.78,NW,KNOB CREEK,35.85,-83.75
201905,135728,814328,1,1.49,NNE,SUBURBAN HILLS,35.92,-84.04
201905,135728,814329,1,0.89,NW,PITNER,35.89,-83.76
201905,135728,814330,1,0.56,W,WEST KNOXVILLE,35.97,-83.96
201905,135728,814331,1,1.81,ENE,CORRYTON,36.16,-83.75
201905,135728,814332,1,1.38,N,OAKLAND,36.29,-82.62
201905,135728,814333,1,0.89,NW,BULLS GAP,36.26,-83.09
201905,135728,814336,1,0.89,NW,ROGERSVILLE,36.41,-83.01
201905,135728,814338,1,0.89,SE,(TYS)MCGHEE TYSON KN,35.81,-83.99
201906,137129,822868,1,1.78,SE,HALLS XRDS,36.06,-83.91
201906,137129,822869,1,0.56,E,JEAROLDSTOWN,36.37,-82.69
201906,137129,822866,1,1.49,SSW,EVANSTON,36.48,-83.29
201906,137129,822867,1,1.49,SSE,MULBERRY GAP,36.56,-83.24
201906,137129,822870,1,1.49,SSW,BEECH SPGS,35.95,-83.61
201906,137129,822871,1,1.31,ENE,FRENCH BROAD,35.96,-83.55
201906,137318,824241,1,1.32,ENE,ADOLPHUS,35.74,-84.41
201906,137318,824242,1,0.0,N,SILVER RIDGE,35.8,-84.3
201906,140510,844716,1,4.0,NNE,ATHENS,35.5035,-84.5728
201906,140510,844716,2,2.0,NW,ATHENS,35.4705,-84.6251
201906,140510,844716,3,4.0,SSW,ATHENS,35.3965,-84.6272
201906,140510,844716,4,4.0,SE,ATHENS,35.4091,-84.5498
201906,137129,822872,1,0.89,NW,TELFORD,36.26,-82.54
201906,137129,822873,1,0.89,SE,CEDAR SPGS,35.41,-84.62
201906,137129,822874,1,0.0,N,CLAXTON,35.3,-84.65
201906,137130,822875,1,0.89,NW,PIKEVILLE,35.61,-85.21
201906,137130,822876,1,1.78,SW,VICTORIA,35.15,-85.59
201906,139617,839764,1,2.82,NNW,RAYSVILLE,35.37,-86.33
201906,139617,839766,1,1.49,NNW,COUNTY LINE,35.34,-86.38
201906,137130,822877,1,1.31,WSW,HUNTSVILLE,36.41,-84.5
201906,137130,822878,1,1.31,WNW,BURRVILLE,36.31,-84.77
201906,137130,822879,1,0.69,N,HARRIMAN,35.94,-84.55
201906,137130,822880,1,0.56,W,HARRIMAN,35.93,-84.56
201906,137130,822881,1,0.56,W,ANDERSONVILLE,36.2,-84.04
201902,135179,810352,1,0.89,SW,MC KINLEY,36.29,-82.41
201902,135179,810352,2,2.0,SW,MC KINLEY,36.2795,-82.4254
201902,135179,810352,3,2.0,S,MC KINLEY,36.2711,-82.4
201902,135179,810352,4,1.0,S,MC KINLEY,36.2855,-82.4
201902,135179,810372,1,0.5,N,RUSSELLVILLE,36.2572,-83.2
201902,135179,810372,2,0.0,W,RUSSELLVILLE,36.25,-83.2
201902,135179,810372,3,0.5,W,RUSSELLVILLE,36.25,-83.209
201902,135179,810372,4,0.5,NW,RUSSELLVILLE,36.2551,-83.2064
201902,135179,810370,1,0.0,W,POGA,36.25,-81.95
201902,135179,810370,2,5.0,E,HUNTER,36.37,-82.0801
201902,135179,810370,3,1.0,E,WATAUGA,36.37,-82.282
201902,135179,810370,4,6.0,WSW,HAMPTON,36.2468,-82.2695
201902,135179,810370,5,5.0,SW,ROAN MTN,36.1488,-82.1334
201906,139617,839772,1,0.89,NW,RIDGEVILLE,35.28,-86.31
201906,139617,839774,1,1.49,NNE,MARBLE HILL,35.22,-86.32
201906,139617,839768,1,0.89,NW,PLEASANT HILL,35.31,-86.33
201906,139617,839769,1,0.89,SW,LYNCHBURG,35.27,-86.39
201906,139617,839779,1,1.71,WNW,HURDLOW,35.1882,-86.3585
201906,139617,839786,1,11.89,NW,BEECH HILL,35.3204,-86.4712
201906,139617,839787,1,1.12,ESE,CHESTNUT RIDGE,35.3245,-86.5313
201906,137130,822882,1,0.69,S,EVENSVILLE,35.56,-84.95
201906,137130,822883,1,0.89,SW,LA FOLLETTE,36.37,-84.14
201906,137130,822884,1,0.56,E,LEINART,36.12,-84.17
201902,135179,810379,2,1.0,NE,LEA SPGS,36.1902,-83.6673
201902,135179,810379,1,1.0,E,LEA SPGS,36.18,-83.6621
201902,135179,810379,3,0.0,SW,LEA SPGS,36.18,-83.68
201902,135179,810379,4,0.5,SE,LEA SPGS,36.1749,-83.6737
201902,135179,810385,1,0.0,S,NORRIS,36.2,-84.07
201902,135179,810385,2,1.0,NE,NORRIS,36.2102,-84.0573
201902,135179,810385,3,1.0,ESE,NORRIS,36.1945,-84.0534
201902,135179,810385,4,1.0,S,NORRIS,36.1855,-84.07
201902,135179,810388,1,1.0,W,OOLTEWAH,35.08,-85.0877
201902,135179,810388,2,0.0,NW,OOLTEWAH,35.08,-85.07
201902,135179,810388,3,2.0,N,OOLTEWAH,35.109,-85.07
201902,135179,810388,4,3.0,NW,OOLTEWAH,35.1107,-85.1075
201902,135179,810322,1,3.0,N,ALPHA,36.2234,-83.38
201902,135179,810322,2,3.0,NW,ALPHA,36.2107,-83.418
201902,135179,810322,3,3.0,WNW,ALPHA,36.1966,-83.4297
201902,135179,810322,4,1.0,NW,ALPHA,36.1902,-83.3927
201906,137130,822886,1,1.12,E,TEN MILE,35.67,-84.66
201906,137130,822887,1,1.13,W,WHITE OAK,35.13,-85.3
201906,137130,822888,1,0.89,NE,LOUDON,35.74,-84.34
201906,137130,822889,1,0.0,N,HIGHLAND PARK,35.8,-84.27
201906,137130,822890,1,0.69,S,HIGHLAND PARK,35.79,-84.27
201906,137130,822891,1,0.57,W,ALTON PARK,35.0,-85.33
201906,137130,822892,1,0.89,SW,WEST EMORY,35.87,-84.09
201906,137130,822893,1,1.49,SSE,ATHENS,35.43,-84.59
201906,137130,822894,1,1.49,SSE,FOUNTAIN CITY,36.01,-83.92
201906,137130,822895,1,0.56,W,SKAGGSTON,36.08,-83.78
201906,137130,822896,1,0.89,SE,ATHENS,35.44,-84.59
201906,137130,822897,1,0.0,N,MARYVILLE,35.75,-83.97
201906,137130,822899,1,0.89,NE,OAK HILL,35.74,-84.62
201906,137130,822901,1,1.11,W,RUTLEDGE,36.28,-83.52
201906,137130,822902,1,0.56,W,NEW MARKET,36.1,-83.56
201902,135179,810358,2,1.0,SW,DUNLAP,35.3698,-85.3926
201902,135179,810358,1,0.0,NW,DUNLAP,35.38,-85.38
201902,135179,810358,3,1.5,W,DUNLAP,35.38,-85.4066
201902,135179,810358,4,2.0,NNW,DUNLAP,35.4067,-85.3936
201906,137130,822903,1,0.89,SE,BENTON,35.17,-84.66
201906,137130,822904,1,0.0,N,DANDRIDGE,36.02,-83.42
201906,137130,822905,1,0.89,NW,BAILEYTON,36.34,-82.84
201906,137130,822906,1,0.0,N,STONY PT,36.48,-82.82
201906,137130,822907,1,0.0,N,SURGOINSVILLE,36.47,-82.85
201906,137130,822908,1,0.55,E,FRISCO,36.58,-82.62
201906,137130,822909,1,0.56,W,CHUCKEY,36.22,-82.69
201906,137130,822910,1,1.11,W,SOUTH HOLSTON LAKE,36.55,-82.09
201906,137130,822911,1,0.57,E,KIMBALL,35.05,-85.67
201906,137130,822912,1,0.0,N,ANTIOCH,35.02,-85.68
201906,136662,839594,1,1.13,W,BLANCHE,35.05,-86.79
201906,136662,839595,1,0.56,E,LYNCHBURG,35.28,-86.37
201906,136662,839597,1,1.32,WSW,BRUNER CROSSING,35.24,-86.14
201906,139782,840730,1,0.89,SE,LINCOLN,35.01,-86.51
201906,137125,822831,1,0.69,N,MIDDLE SETTLEMENT,35.81,-84.07
201906,137136,822922,1,0.69,S,LUPTON CITY,35.09,-85.3
201906,137136,822923,1,1.49,NNW,HIXON,35.17,-85.24
201906,137136,822924,1,0.56,W,OFFUTT,36.17,-84.14
201906,137136,822925,1,0.89,NE,KINGSTON,35.88,-84.51
201906,137125,822834,1,1.78,SE,OAKHURST,35.73,-83.93
201906,137125,822836,1,0.89,SE,WHITE ROCK,35.79,-83.24
201906,137125,822837,1,0.56,W,GRANDVIEW,35.75,-84.84
201906,137125,822838,1,1.11,W,DAVIS CHAPEL,36.38,-84.09
201906,137128,822851,1,0.0,N,KINGSTON,35.87,-84.52
201906,137128,822852,1,0.89,SW,DIXIE LEE,35.04,-85.71
201906,137128,822853,1,0.89,SE,FALLING WATER,35.21,-85.24
201906,137136,822926,1,0.0,N,MAYNARDVILLE,36.25,-83.8
201906,137136,822927,1,1.38,S,CLINTON,36.1,-84.13
201906,137136,822928,1,1.38,N,DEDIE,35.95,-83.98
201906,137136,822929,1,1.81,ESE,SPRINGDALE,36.41,-83.49
201906,137136,822930,1,1.49,NNW,ADOLPHUS,35.75,-84.44
201906,137136,822931,1,1.12,W,BUCKTOWN,35.78,-84.3
201906,137124,833668,4,2.0,W,ROCKWOOD,35.87,-84.7157
201906,137124,833668,1,2.0,SW,ROCKWOOD,35.8495,-84.7053
201906,137124,833668,2,1.0,SSE,ROCKWOOD,35.8566,-84.6732
201906,137124,833668,3,1.0,NW,ROCKWOOD,35.8802,-84.6926
201906,137128,822856,1,1.13,E,DAISY,35.25,-85.18
201906,137128,822857,1,2.82,W,FALLING WATER,35.22,-85.3
201906,137128,822854,1,1.38,S,FALLING WATER,35.2,-85.25
201906,137128,822855,1,0.69,S,MELVILLE,35.22,-85.2
201906,137128,822858,1,2.82,NNW,SNOW HILL,35.22,-85.06
201906,137128,822859,1,1.32,WSW,PAYNE SPG,35.57,-85.02
201906,137136,822932,1,1.31,ESE,COWARDS,35.94,-84.06
201906,137136,822933,1,1.49,NNE,ANNADALE,35.19,-84.89
201906,137136,822934,1,0.0,N,BUCKTOWN,35.78,-84.28
201906,137136,822935,1,0.0,N,YOUNT TOWN,36.43,-83.23
201906,137136,822936,1,1.12,W,PLAINFIELD,35.78,-83.97
201906,137136,822937,1,0.89,SW,KODAK,35.96,-83.63
201906,136662,839598,1,1.32,WNW,WINCHESTER,35.19,-86.14
201906,137126,822843,1,0.56,W,NORTHPORT,35.97,-83.19
201906,137126,822844,1,0.89,SW,NORTHPORT,35.96,-83.19
201906,137126,822845,1,0.0,N,NORTHPORT,35.97,-83.18
201906,137126,822842,1,1.78,SE,SAMPSON,35.65,-85.25
201906,137126,822846,1,1.32,ENE,RUSSELL STORE,35.69,-84.26
201906,137126,822848,1,1.49,NNW,LITTLE MILLIGAN,36.34,-82.04
201906,137126,822847,1,0.89,SE,ATHENS,35.44,-84.59
201906,137127,822849,1,1.67,W,HELENWOOD,36.43,-84.56
201906,137127,822850,1,0.89,SE,HUNTSVILLE,36.41,-84.47
201906,137788,827863,1,0.69,WNW,GERMANTOWN,35.0836,-89.8314
201906,137788,827863,2,4.34,SE,COLLIERVILLE,35.0007,-89.6224
201902,135179,810384,1,2.0,NW,PITNER,35.9005,-83.7753
201902,135179,810384,2,3.0,W,PITNER,35.88,-83.8036
201902,135179,810384,3,1.0,SW,PITNER,35.8698,-83.7626
201902,135179,810384,4,1.5,ENE,PITNER,35.8883,-83.7252
201902,135179,810317,1,1.0,E,MARTIN SPGS,35.17,-85.7823
201902,135179,810317,2,0.0,E,MARTIN SPGS,35.17,-85.8
201902,135179,810317,3,1.0,N,MARTIN SPGS,35.1845,-85.8
201902,135179,810317,4,2.0,NE,MARTIN SPGS,35.1905,-85.775
201902,135179,810348,1,0.0,N,GLEN ALICE,35.8,-84.73
201902,135179,810348,2,3.0,SW,ROCKWOOD,35.8393,-84.7179
201902,135179,810348,3,10.0,NE,KINGSTON,35.9723,-84.3936
201902,135179,810348,4,6.0,ESE,KINGSTON,35.8368,-84.421
201902,135179,810348,5,10.0,SSW,KINGSTON,35.7363,-84.5883
201906,137128,822862,1,1.68,E,BLOUNT BEACH,35.78,-83.84
201906,137128,822863,1,0.89,SE,CEDAR SPGS,35.41,-84.62
201906,137128,822860,1,0.89,SW,TRANQUILLITY,35.54,-84.69
201906,137128,822861,1,0.89,SW,ROCKVILLE,35.59,-84.39
201906,137128,822864,1,1.49,SSW,GATLINBURG,35.7,-83.53
201906,137129,822865,1,1.49,NNW,CLINTON,36.14,-84.14
201906,137136,822938,1,0.89,NE,BLAINE,36.16,-83.69
201906,137317,824222,1,0.0,N,JASPER,35.08,-85.63
201906,137317,824223,1,3.95,E,DAVIS CHAPEL,36.37,-84.0
201906,137317,824224,1,1.31,ENE,DEMORY,36.34,-84.05
201906,137317,824225,1,0.69,N,NORRIS LAKE WEST,36.33,-84.12
201906,137318,824231,1,2.88,ESE,CUSICK,35.84,-83.65
201907,141005,847175,1,0.0,N,CASTALIAN SPGS,36.4,-86.32
201906,137318,824235,1,1.49,NNW,DEDIE,35.95,-83.99
201906,137318,824236,1,1.12,E,BEAVER RIDGE,35.98,-84.1
201906,137318,824232,1,0.89,SE,PITNER,35.87,-83.74
201906,137318,824233,1,0.0,N,NORTHPORT,35.97,-83.18
201906,137318,824234,1,0.56,E,ROBINSON,35.95,-84.16
201906,137318,824237,1,3.43,WSW,BYRDS CHAPEL,35.91,-84.23
201906,137318,824238,1,1.32,ESE,WOODLAWN,35.86,-84.31
201906,137318,824239,1,0.0,N,BRADBURY,35.87,-84.4
201906,137847,828256,1,2.29,NW,UNION CITY,36.4411,-89.0819
201906,137847,828256,2,1.0,S,HIGHLAND,36.4056,-89.0221
201907,138525,832822,1,0.69,N,(CHA)LOVELL FLD CHAT,35.04,-85.2
201906,137847,828257,1,0.62,SE,GARDNER,36.3626,-88.8937
201906,137847,828257,2,1.19,SSE,RALSTON,36.3141,-88.7917
201906,137847,828259,1,3.92,SSW,CROCKETT,36.2519,-89.0674
201906,137847,828259,2,3.2,NNW,KENTON,36.2445,-89.0362
201906,137847,828262,1,1.63,N,LIBERTY,36.2435,-88.718
201906,137847,828262,2,1.56,NE,LIBERTY,36.237,-88.7015
201906,137847,828264,1,3.11,SW,DRESDEN,36.2736,-88.7653
201906,137847,828264,2,3.12,SW,DRESDEN,36.2653,-88.7558
201906,137847,828265,1,2.27,NE,DYERSBURG,36.0504,-89.3481
201906,137847,828265,2,1.61,NNE,VIAR,36.0426,-89.3231
201906,137847,828267,1,0.75,SSW,TREZEVANT,36.01,-88.6354
201906,137847,828267,2,0.78,SSE,TREZEVANT,36.0091,-88.6263
201906,137847,828268,1,2.93,WSW,MARLBOROUGH,36.0769,-88.314
201906,137847,828268,2,2.87,SW,MARLBOROUGH,36.0687,-88.3037
201906,137847,828270,1,2.39,NNE,LIPE,36.0594,-88.1474
201906,137847,828270,2,1.86,E,CAMDEN,36.0499,-88.0668
201906,137847,828271,2,1.85,SW,CHESTERFIELD,35.6083,-88.2992
201906,137847,828271,1,1.46,N,SAND RIDGE,35.7007,-88.4753
201906,137847,836658,1,0.9,N,(DYR)DYERSBURG MUNI,36.013,-89.3997
201906,137950,829035,1,2.07,ENE,BIG IVY,35.1349,-88.0182
201906,137950,829035,2,2.5,ENE,BIG IVY,35.1313,-88.008
201910,143678,862182,1,4.29,NNW,SPRING CREEK,35.7063,-88.0323
201910,143678,862182,2,7.53,N,PINE VIEW,35.8388,-87.9374
201906,138815,834833,1,3.46,NE,HARDY,36.3587,-85.3906
201906,138815,834833,2,3.69,WSW,LIVINGSTON,36.3621,-85.3826
201906,138815,834833,3,2.65,W,LIVINGSTON,36.3766,-85.3675
201906,138815,834833,4,2.77,W,LIVINGSTON,36.3809,-85.3699
201906,138815,834833,5,3.56,NE,HARDY,36.3607,-85.3906
201906,138815,834834,1,1.24,WSW,BAXTER,36.146,-85.6516
201906,138815,834834,2,1.21,WSW,BAXTER,36.1458,-85.6511
201906,138815,834834,3,1.13,W,BAXTER,36.1473,-85.65
201906,138815,834834,4,1.16,W,BAXTER,36.1475,-85.6505
201907,140512,844723,1,2.0,W,OLD ENGLEWOOD,35.42,-84.5355
201907,140512,844723,2,2.0,S,OLD ENGLEWOOD,35.3911,-84.5
201907,140512,844723,3,3.0,E,OLD ENGLEWOOD,35.42,-84.4467
201907,140512,844723,4,3.0,N,OLD ENGLEWOOD,35.4634,-84.5
201906,139617,839771,1,3.52,WSW,BLEDSOE,35.3149,-86.6395
201906,139617,839771,2,1.99,S,VANNTOWN,34.9911,-86.4697
201906,139617,839782,1,1.68,SW,CENTER GROVE,35.3034,-86.2519
201906,139617,839782,2,3.9,SE,LAKEVIEW,34.9899,-85.9814
201906,139617,839776,1,2.56,NW,COUNTY LINE,35.3456,-86.4029
201906,139617,839776,2,1.56,ENE,MARBLE HILL,35.2057,-86.3033
201910,143678,862183,1,6.37,S,SYCAMORE LNDG,35.8388,-87.9374
201910,143678,862183,2,2.83,ESE,WOOLWORTH,36.2079,-87.6716
201906,138818,834860,1,2.78,E,SHADY GROVE,36.47,-87.13
201906,138818,834861,1,8.0,E,CLARKSVILLE,36.53,-87.2059
201906,138818,834862,1,0.0,N,SANGO,36.5,-87.23
201906,138818,834863,1,2.16,E,ST BETHLEHEM,36.5784,-87.2611
201906,138818,834866,1,3.0,NE,CLARKSVILLE,36.5607,-87.3118
201906,138818,834867,1,2.77,W,KENNEDY,36.6207,-87.33
201906,138818,840916,1,1.5,SW,ALGOOD,36.1862,-85.4508
201906,137973,829179,1,0.8,W,SOUTH FULTON,36.5007,-88.8845
201906,137973,829179,2,0.69,ESE,SOUTH FULTON,36.4965,-88.8584
201906,139031,836253,1,0.98,E,MONOVILLE,36.3015,-85.9525
201906,139031,836254,1,1.1,W,KEMPVILLE,36.3518,-85.8897
201906,138818,834865,1,2.03,W,ST BETHLEHEM,36.5803,-87.3366
201906,139036,836262,1,3.9,WNW,DOVER,36.4958,-87.8974
201906,139031,836255,1,1.1,W,HARDY,36.322,-85.4495
201906,139781,840727,1,0.56,W,WINCHESTER MUNI ARPT,35.18,-86.08
201906,139781,840728,1,0.56,W,WINCHESTER MUNI ARPT,35.18,-86.08
201906,136989,840729,1,0.56,E,COWAN,35.17,-86.01
201906,137788,827861,1,3.13,S,FOREST HILL,35.0251,-89.7767
201906,137788,827861,2,2.09,SW,BAILEY,35.0263,-89.7529
201906,137788,827861,3,1.38,WNW,COLLIERVILLE ARPK,35.0042,-89.7538
201906,137788,827861,4,3.21,W,COLLIERVILLE ARPK,35.0044,-89.7865
201906,137788,827865,1,2.3,SW,FOREST HILL,35.0473,-89.7998
201906,137788,827865,2,1.81,SW,FOREST HILL,35.0487,-89.7886
201906,137788,827865,3,2.62,SSW,FOREST HILL,35.0367,-89.7921
201906,137788,827865,4,2.76,SW,FOREST HILL,35.0405,-89.8027
201906,137847,828263,1,0.85,N,SHARON,36.2422,-88.8324
201906,137847,828263,2,0.96,ESE,SHARON,36.2261,-88.8136
201906,137847,828266,1,0.93,SSE,INDIA,36.3173,-88.2647
201906,137847,828266,2,1.09,SSE,INDIA,36.3167,-88.2595
201907,138525,832823,1,0.57,E,BRAINERD HILLS,35.03,-85.17
201906,138811,834822,1,1.21,WNW,PULASKI,35.2052,-87.0404
201906,138812,834823,1,2.01,S,GOODLETTSVILLE,36.2909,-86.7196
201906,138812,834823,2,1.67,SSE,GOODLETTSVILLE,36.2964,-86.7134
201906,138812,834823,3,0.42,S,OLD HICKORY,36.2539,-86.6489
201906,138812,834823,4,0.6,WSW,LAKEWOOD,36.2475,-86.6403
201906,138812,834823,5,0.67,WSW,LAKEWOOD,36.2466,-86.6413
201907,140512,844724,1,2.0,N,ATHENS,35.479,-84.6
201907,140512,844724,2,2.0,E,ATHENS,35.45,-84.5645
201907,140512,844724,3,2.0,S,ATHENS,35.4211,-84.6
201907,140512,844724,4,3.0,SW,ATHENS,35.4193,-84.6377
201907,140512,844724,5,2.0,W,ATHENS,35.45,-84.6355
201906,137124,833669,1,6.0,SSW,LA FOLLETTE,36.2998,-84.1713
201906,137124,833669,2,8.0,SW,LA FOLLETTE,36.2981,-84.2316
201906,137124,833669,3,5.0,W,LA FOLLETTE,36.38,-84.2199
201906,137124,833669,4,8.0,NNE,LA FOLLETTE,36.487,-84.0749
201906,137124,833669,5,8.0,NE,LA FOLLETTE,36.4619,-84.0283
201906,137124,833669,6,6.0,ESE,LA FOLLETTE,36.3468,-84.0304
201906,138812,834824,1,1.45,ENE,HENDERSONVILLE,36.2878,-86.5958
201906,138812,834824,2,1.22,ENE,HENDERSONVILLE,36.2866,-86.5997
201906,138812,834824,3,1.45,NNE,ROCKLAND,36.3181,-86.6168
201906,138812,834824,4,1.83,NNE,ROCKLAND,36.3247,-86.618
201906,138812,834824,5,1.94,NNE,ROCKLAND,36.3254,-86.6151
201906,138813,834827,1,2.15,NNE,TODD TOWN,35.91,-85.21
201906,138814,834828,1,1.12,SSE,POTTSVILLE,35.6144,-86.8242
201906,138814,834829,1,0.6,SW,LAFAYETTE ARPT,36.5129,-86.0762
201906,138814,834830,1,3.0,SSE,LAFAYETTE,36.4799,-86.0093
201906,138814,834831,1,2.0,S,LAFAYETTE,36.4911,-86.03
201906,138814,834832,1,1.28,SW,WEBBTOWN,36.4853,-85.964
201906,138818,834835,1,0.47,W,WESTPOINT,35.1308,-87.5383
201906,138818,834836,1,1.41,SSE,FLATWOODS,35.2804,-87.3432
201906,138818,834837,1,1.35,W,RED HILL,35.2974,-87.4437
201906,138818,834838,1,1.26,WSW,MT JULIET,36.1958,-86.542
201906,138818,834839,1,0.51,SSW,TULIP GROVE,36.1929,-86.6022
201906,138818,834840,1,0.0,N,OAK HILL,36.1,-86.82
201906,138818,834842,1,4.0,S,SPRINGFIELD,36.4421,-86.88
201906,138818,834843,1,2.06,NW,PINNACLE,36.3717,-86.9553
201906,137124,833666,1,6.0,SSW,LA FOLLETTE,36.2998,-84.1713
201906,137124,833666,2,8.0,SW,LA FOLLETTE,36.2981,-84.2316
201906,137124,833666,3,5.0,W,LA FOLLETTE,36.38,-84.2199
201906,137124,833666,4,8.0,NNE,LA FOLLETTE,36.487,-84.0749
201906,137124,833666,5,8.0,NE,LA FOLLETTE,36.4619,-84.0283
201906,137124,833666,6,6.0,ESE,LA FOLLETTE,36.3468,-84.0304
201906,139033,836229,1,1.36,E,FOREST HILLS,36.0722,-86.8258
201906,138816,834886,1,4.58,NE,MALLORYS,35.998,-86.7435
201902,135086,810839,1,1.63,NNE,RAYS,36.2428,-85.3125
201902,135086,810122,1,2.21,NNE,PLEASANT SHADE,36.4079,-85.9306
201902,135086,810122,3,1.96,NNE,PLEASANT SHADE,36.406,-85.9359
201902,135086,810122,4,2.04,NNE,PLEASANT SHADE,36.4073,-85.9363
201902,135086,810122,5,2.18,NNE,PLEASANT SHADE,36.4083,-85.9326
201902,135086,810122,6,2.4,NNE,PLEASANT SHADE,36.4113,-85.9311
201902,135086,810122,7,2.42,NNE,PLEASANT SHADE,36.4109,-85.9296
201902,135086,810122,2,2.06,NNE,PLEASANT SHADE,36.4067,-85.9333
201902,135086,810110,1,0.88,WNW,GAINESBORO,36.3567,-85.6634
201902,135086,810110,2,1.16,N,GAINESBORO,36.3667,-85.6518
201902,135086,810110,3,0.42,SW,GAINESBORO,36.3451,-85.6544
201902,135086,810110,4,0.7,W,GAINESBORO,36.3488,-85.6624
201902,135086,809848,1,0.52,SW,GLADDICE,36.3455,-85.8075
201902,135262,810962,1,1.4,W,HAMPSHIRE,35.5982,-87.3247
201902,135262,810962,2,0.65,SE,NEAPOLIS,35.7138,-86.9712
201902,135262,810962,3,0.99,NE,CAMPBELLS STATION,35.4589,-86.9662
201902,135262,810962,4,0.94,W,SCREAMER,35.4524,-87.1864
201902,135262,810968,1,1.27,W,LUNNS STORE,35.6819,-86.8025
201902,135262,810968,3,3.01,NE,BELFAST,35.4555,-86.6892
201902,135262,810968,4,1.61,NNE,PETERSBURG,35.3399,-86.6351
201902,135262,810968,5,1.68,W,DELINA,35.2709,-86.7797
201902,135262,810968,6,2.58,W,OSTELLA,35.3261,-86.8451
201902,135262,810968,7,0.27,WSW,MOORESVILLE,35.4286,-86.9245
201902,135262,810968,8,0.45,ESE,BERLIN,35.5282,-86.8222
201902,135262,810968,2,0.3,SSE,BEASLEY,35.6758,-86.6488
201902,135262,811288,1,3.45,N,FOREST HOME,36.03,-86.93
201902,135262,811288,2,2.13,NNE,NOLENSVILLE,35.9772,-86.6621
201902,135262,811288,3,1.13,ENE,TRIUNE,35.879,-86.6531
201902,135262,811288,4,1.32,ESE,WEST HARPETH,35.8403,-86.8996
201902,135262,811288,5,1.62,N,BOSTON,35.8733,-87.0278
201906,139033,836220,1,0.0,N,BLOOMINGTON SPGS,36.2,-85.62
201902,135086,809629,1,1.63,S,DICKSON,36.0565,-87.3775
201902,135086,809629,3,1.4,SW,COLESBURG,36.0555,-87.3674
201902,135086,809629,4,1.87,S,DICKSON,36.0531,-87.3766
201902,135086,809629,2,1.41,WSW,COLESBURG,36.0587,-87.3711
201906,138816,834898,1,2.13,SE,LEANNA,35.9076,-86.424
201906,138816,834900,1,2.0,SW,SHILOH,35.8482,-86.3734
201906,138816,834901,1,1.24,WSW,MURFREESBORO ARPT,35.8746,-86.4012
201902,135086,810127,1,4.0,S,NEW JOHNSONVILLE,35.9621,-87.97
201902,135086,810128,1,0.0,N,GAINESBORO,36.35,-85.65
201902,135086,810126,1,0.69,S,MT JULIET,36.19,-86.52
201902,135086,810111,1,0.32,SW,GAINESBORO ARPT,36.3962,-85.6334
201902,135086,810111,2,1.02,WNW,GLADDICE,36.355,-85.8172
201902,135086,810111,3,1.29,S,GLADDICE,36.3314,-85.7976
201902,135086,810111,4,2.33,NNW,LIBERTY,36.3125,-85.7613
201902,135086,810111,5,2.4,E,GAINESBORO,36.3506,-85.6069
201902,135262,810963,2,1.89,NE,RUCKER,35.7676,-86.3743
201902,135262,810963,3,1.38,NE,RUCKER,35.7637,-86.3821
201902,135262,810963,4,1.59,NNE,RUCKER,35.7694,-86.3845
201902,135262,810963,1,1.68,NNE,RUCKER,35.7704,-86.3835
201902,135262,810969,1,1.15,ESE,HIXON,35.4449,-85.8005
201902,135262,810969,2,1.36,ESE,HIXON,35.4443,-85.7969
201902,135262,810969,3,1.71,SE,HIXON,35.4352,-85.7956
201902,135262,810969,4,1.67,SE,HIXON,35.4346,-85.7971
201902,135262,810969,5,1.39,ESE,HIXON,35.4389,-85.7994
201902,135245,810959,4,0.39,SSW,MAYLAND,36.0446,-85.202
201902,135245,810959,1,0.17,S,MAYLAND,36.0475,-85.2002
201902,135245,810959,2,1.03,SSE,CRESTON,36.0062,-85.0629
201902,135245,810959,3,0.26,NE,POMONA,35.9525,-85.1166
201906,139033,841256,1,0.83,NW,TULIP GROVE,36.207,-86.612
201906,139033,841269,1,0.0,N,ANTIOCH,36.07,-86.67
201906,139033,841270,1,1.88,E,ROCK SPGS,35.9464,-86.5166
201906,139033,836223,1,0.0,N,CHAPEL HILL,35.63,-86.7
201906,139033,836228,2,0.23,E,SPRING HILL,35.7494,-86.9259
201906,139033,836228,3,2.3,E,SPRING HILL,35.7495,-86.889
201906,139033,836228,4,2.58,E,SPRING HILL,35.7553,-86.8844
201906,139033,836228,1,0.39,NE,SPRING HILL,35.754,-86.9252
201906,138816,834871,1,2.26,SW,PLEASANT VIEW,36.3747,-87.0558
201906,138816,834872,1,1.79,SSE,GAUSE,36.4074,-87.0342
201906,138816,834873,1,0.69,S,PINEWOOD,35.91,-87.48
201906,138816,834912,1,2.52,SW,LA VERGNE,35.9904,-86.6062
201906,138816,834923,1,0.5,WNW,LANTON,35.7025,-86.9783
201902,135086,809850,1,0.15,NNW,HOLLADAY,36.1518,-85.5315
201902,135086,809850,2,1.59,NW,COOKEVILLE,36.183,-85.5234
201902,135086,809850,3,0.97,NNE,COOKEVILLE,36.1819,-85.4906
201902,135086,809850,4,1.31,SSE,COOKEVILLE,36.1515,-85.4952
201906,138816,841446,1,1.58,NE,MANCHESTER,35.4988,-86.0639
201906,138816,841528,1,2.05,SSE,THETA,35.7538,-87.0327
201906,138816,841267,1,3.72,NNE,LITTLELOT,35.8326,-87.3356
201906,138816,841268,1,0.0,N,COBLE,35.78,-87.63
201902,135086,810840,1,1.47,WNW,BERRY HILL,36.126,-86.7954
201902,135262,811325,2,2.61,SSE,TWO CHESNUT,36.4169,-86.5973
201902,135262,811325,3,2.08,NE,PEYTONA,36.3877,-86.4896
201902,135262,811325,4,1.3,E,AVONDALE,36.3312,-86.5267
201902,135262,811325,5,0.68,SE,ROCKLAND,36.2927,-86.6217
201902,135262,811325,1,1.03,SE,MILLERSVILLE,36.3591,-86.6874
201902,135262,811361,1,1.15,NW,SULPHUR SPGS,36.2597,-87.0668
201902,135262,811361,2,1.0,N,SULPHUR SPGS,36.2643,-87.0468
201902,135262,811361,3,1.49,ENE,LOCKERTSVILLE,36.3576,-87.0949
201902,135262,811361,4,1.08,ENE,LOCKERTSVILLE,36.3555,-87.1019
201902,135262,811369,1,1.54,WSW,GODWIN,35.6414,-87.0754
201902,135262,811369,2,2.37,SSE,DARKS MILL,35.6487,-87.0025
201902,135262,811369,3,2.67,WNW,LEFTWICH,35.5793,-86.916
201902,135262,811369,4,2.15,NNE,PARK STATION,35.56,-86.92
201902,135262,811369,5,0.8,S,WESTWOOD,35.5885,-87.0786
201902,135262,811376,1,1.9,N,MARVIN CHAPEL,35.4974,-85.8674
201902,135262,811376,2,3.59,E,TARLTON,35.5084,-85.607
201902,135262,811376,3,2.57,ESE,TATESVILLE,35.3654,-85.5281
201902,135262,811376,4,2.05,NNE,HOBBS HILL,35.2983,-85.7193
201902,135262,811376,5,2.45,SW,WHITE CITY,35.2246,-85.7504
201902,135262,811376,6,0.34,NW,PROVIDENCE,35.2829,-85.9049
201902,135262,811376,7,1.17,W,PELHAM,35.322,-85.9007
201902,135262,811376,8,0.9,NW,ELKHEAD,35.3783,-85.8623
201902,135086,810124,1,0.73,WSW,GREEN HILL,36.2254,-86.5619
201902,135086,810124,2,1.9,SSW,CENTERVILLE,36.257,-86.2386
201902,135086,810124,3,2.72,W,TUCKERS XRDS,36.1944,-86.2283
201902,135086,810124,4,3.3,SW,MT JULIET,36.1637,-86.5585
201902,135245,810862,1,1.63,SSW,FAIRVIEW,35.9589,-87.1333
201902,135245,810882,1,0.68,WNW,LIVINGSTON ARPT,36.4023,-85.3319
201902,135245,810882,2,0.13,SSW,LIVINGSTON ARPT,36.3982,-85.321
201902,135245,810882,3,0.33,NNW,LIVINGSTON,36.3842,-85.3228
201902,135245,810882,4,0.78,SW,LIVINGSTON ARPT,36.3937,-85.3317
201906,139033,841273,1,0.55,ESE,PEYTONA,36.3672,-86.5107
201906,139033,841771,1,0.0,N,BRUSH CREEK,36.12,-86.03
201906,139033,841271,1,0.58,ESE,GALLATIN,36.3969,-86.4403
201906,139033,836232,1,2.59,NE,NOLENSVILLE,35.9744,-86.6449
201902,135086,810130,1,0.0,N,CARTHAGE,36.25,-85.93
201906,138816,841530,1,4.12,NE,MALLORYS,35.99,-86.7453
201906,138816,834903,1,0.64,SW,MT OLIVE,35.8728,-86.4572
201906,138816,834927,1,0.32,ESE,DEANS,35.728,-87.4748
201902,135086,810827,1,0.89,WSW,OAK HILL,36.094,-86.8341
201902,135245,810868,1,1.26,ENE,EWINGVILLE,35.9292,-86.8505
201902,135245,810868,2,1.36,NE,EWINGVILLE,35.9315,-86.8502
201902,135245,810868,3,1.97,N,NOLENSVILLE,35.9785,-86.6776
201902,135245,810868,4,2.17,NNE,NOLENSVILLE,35.9781,-86.6627
201902,135245,810868,5,2.5,NE,NOLENSVILLE,35.9761,-86.649
201902,135245,810880,1,2.08,W,GLADEVILLE,36.1158,-86.4568
201902,135245,810880,2,2.12,WSW,GLADEVILLE,36.114,-86.4572
201902,135245,810880,3,1.98,WSW,GLADEVILLE,36.1137,-86.4547
201902,135245,810880,4,2.73,S,HURRICANE,36.0108,-86.3256
201902,135245,810880,5,2.99,W,TUCKERS XRDS,36.1972,-86.2335
201902,135245,810880,6,3.44,ESE,LEBANON,36.2013,-86.2429
201902,135262,811303,1,1.37,S,CLAYSVILLE,35.9502,-85.1509
201902,135262,811303,2,1.33,N,CRESTON,36.0391,-85.0726
201902,135262,811303,3,2.75,ENE,OAK HILL,36.0013,-84.9785
201902,135262,811303,4,2.18,SE,VOLUNTEER HGTS,35.9061,-85.0047
201902,135262,811304,1,0.88,SSW,SYLVIA,36.1694,-87.4287
201902,135262,811304,2,1.06,WNW,WOODS VLY,36.3047,-87.4182
201902,135262,811304,3,0.84,NW,GLENWYLDE,36.3086,-87.3606
201902,135262,811304,4,1.06,E,CHARLOTTE,36.181,-87.3111
201902,135262,811304,5,2.01,SE,BERRY,36.1582,-87.3562
201907,137319,824243,1,0.0,N,PHILADELPHIA,35.68,-84.4
201907,137319,824244,1,2.82,NNE,PLEASANT HILL,36.49,-83.82
201907,137319,824245,1,0.89,NW,PIGEON FORGE,35.79,-83.56
201902,135086,810132,1,2.25,NNE,NASHVILLE CORNELIA F,36.2106,-86.6862
201902,135262,811289,1,1.62,SSE,WATER VLY,35.7471,-87.1741
201902,135262,811289,2,2.49,ESE,KEDRON,35.6901,-86.8772
201902,135262,811289,3,3.41,SSE,BRYANT STATION,35.4736,-86.8793
201902,135262,811289,4,5.0,W,MT JOY,35.5228,-87.3584
201902,135262,811290,1,0.92,WSW,WOODBURY,35.825,-86.0953
201902,135262,811290,2,0.87,WSW,WOODBURY,35.8251,-86.0943
201902,135262,811290,3,1.03,SW,WOODBURY,35.8212,-86.0948
201902,135262,811290,4,1.11,SW,WOODBURY,35.8206,-86.096
201906,139033,836236,1,3.66,NNW,FOREST HOME,36.03,-86.9517
201906,139033,836241,1,1.85,NE,NASHVILLE CORNELIA F,36.1966,-86.6739
201902,135086,810824,1,1.9,SSW,INGLEWOOD,36.197,-86.7487
201902,135086,809846,1,2.5,NNE,POPLAR SPGS,36.3653,-85.47
201902,135086,809852,2,0.62,NNE,TUCKERS XRDS,36.208,-86.1748
201902,135086,809852,1,0.42,WSW,TUCKERS XRDS,36.1987,-86.1873
201902,135086,809853,1,1.22,SSE,PIGEON ROOST,36.0848,-87.8389
201902,135086,809853,2,0.78,SE,FOREST HILL,36.0909,-87.7916
201902,135086,809853,3,2.53,E,WAVERLY,36.0861,-87.7553
201902,135086,809853,4,1.26,E,HURRICANE MILLS,35.9727,-87.7576
201902,135245,810960,1,2.93,WSW,RICKMAN,36.2585,-85.4206
201902,135245,810960,2,0.52,W,LIVINGSTON ARPT,36.4012,-85.3292
201902,135245,810960,3,1.8,ENE,IVYTON,36.4131,-85.1421
201902,135245,810960,4,1.87,SE,CLIFF SPGS,36.1642,-85.1227
201902,135262,810964,1,6.51,NNW,NEW HAVEN,35.3891,-87.5676
201902,135262,810964,2,2.16,WSW,HENRYVILLE,35.3923,-87.4372
201902,135262,810964,3,3.58,WNW,BARNESVILLE,35.4499,-87.4387
201902,135262,810964,4,3.74,E,SUMMERTOWN,35.42,-87.2347
201902,135262,810964,5,1.14,SW,APPLETON,35.0099,-87.2459
201902,135262,810964,6,1.08,ESE,IRON CITY,35.0126,-87.5633
201902,135262,810970,1,1.28,ESE,ETHRIDGE,35.3146,-87.2984
201902,135262,810970,2,1.26,ESE,ETHRIDGE,35.3137,-87.299
201902,135262,810970,3,1.21,ESE,ETHRIDGE,35.3144,-87.2997
201902,135262,810970,4,1.22,ESE,ETHRIDGE,35.315,-87.2992
201902,135262,810971,2,2.35,NW,OVERALL,35.8398,-86.5142
201902,135262,810971,3,1.86,NW,OVERALL,35.8405,-86.5016
201902,135262,810971,4,2.41,NE,MT OLIVE,35.9031,-86.4177
201902,135262,810971,5,2.2,SE,LEANNA,35.9061,-86.4241
201902,135262,810971,1,1.48,SW,BLACKMAN,35.8624,-86.535
201905,135429,812575,1,3.27,SW,LINCOLN,34.9908,-86.5653
201905,135429,812575,2,0.88,WSW,LINCOLN,35.0172,-86.5352
201906,139033,836243,1,0.52,S,GREENLAWN,36.2426,-86.5684
201906,139033,836244,1,1.81,NNW,PASQUO,36.053,-86.9854
201906,139033,836242,1,1.38,NNE,TULIP GROVE,36.2176,-86.5882
201906,139033,836245,1,0.79,SSE,LA GUARDO,36.2901,-86.4231
201902,135086,809628,1,1.13,NE,WEST MEADE,36.131,-86.9049
201902,135086,809628,2,2.3,NNW,OAK HILL,36.1313,-86.8341
201902,135086,809628,3,1.9,NNW,OAK HILL,36.1253,-86.8334
201902,135086,809628,4,0.96,ENE,WEST MEADE,36.1272,-86.9052
201902,135086,810109,1,2.12,WSW,OAK GROVE,35.9894,-87.5157
201902,135086,810109,2,2.19,SSE,TENNESSEE CITY,36.0714,-87.5028
201902,135086,810109,3,1.72,ENE,FAIRVIEW,36.1319,-87.3029
201902,135086,810109,4,0.39,NNW,BURNS,36.0548,-87.3238
201902,135086,810828,1,0.92,NW,BELLE MEADE,36.1089,-86.8822
201902,135086,810829,1,0.34,ENE,RICHLAND,36.1523,-86.8746
201902,135262,811362,1,0.56,E,EULIA,36.52,-86.16
201902,135262,811362,2,0.49,E,EULIA,36.5212,-86.1613
201902,135262,811362,3,0.8,E,EULIA,36.5218,-86.1559
201902,135262,811362,4,0.79,E,EULIA,36.5202,-86.1557
201902,135262,810965,1,0.51,WNW,PROSPECT,35.0336,-87.0079
201902,135262,810965,2,0.22,WSW,PROSPECT,35.0286,-87.0036
201902,135262,810965,3,2.56,NNW,ELKTON,35.0841,-86.9175
201902,135262,810965,4,2.62,ESE,CONWAY,35.0895,-86.9254
201902,135262,810965,5,2.13,ESE,CONWAY,35.0895,-86.9346
201902,135262,811378,1,1.89,ESE,IVY BLUFF,35.6604,-86.0184
201902,135262,811378,2,3.35,S,PLEASANT VIEW,35.7016,-86.0045
201902,135262,811378,3,3.35,S,PLEASANT VIEW,35.7016,-85.9988
201902,135262,811378,4,2.27,ESE,IVY BLUFF,35.6618,-86.0108
201902,135262,811378,5,2.01,ESE,IVY BLUFF,35.6569,-86.0181
201902,135245,810863,1,1.56,NNW,CHARLOTTE,36.1999,-87.343
201902,135245,810863,2,1.5,NNW,CHARLOTTE,36.2001,-87.3404
201902,135245,810863,3,1.51,SW,COLESBURG,36.0562,-87.3711
201902,135245,810863,4,1.53,SW,COLESBURG,36.0568,-87.3721
201902,135245,810881,1,0.85,WNW,SPRING HILL,35.7535,-86.9446
201902,135245,810881,2,0.58,ENE,SPRING HILL,35.7534,-86.9206
201902,135245,810881,3,0.76,SSE,SPRING HILL,35.7401,-86.9241
201902,135245,810881,4,0.72,SSE,SPRING HILL,35.7403,-86.9252
201906,139033,836246,1,2.36,NNE,PEGRAM,36.1319,-87.0349
201906,139033,836248,1,0.78,S,GREENLAWN,36.2388,-86.5711
201906,139033,836251,1,0.0,N,CROSS PLAINS,36.55,-86.7
201906,139033,836250,1,0.87,NW,RIDGETON,36.4081,-86.782
201906,139033,836252,1,1.01,E,PORTLAND,36.5783,-86.502
201906,139033,836214,1,1.71,SSW,DAYLIGHT,35.7267,-85.8603
201912,143472,865559,1,0.74,SSW,CASH PT,35.0106,-86.8261
201912,143472,865559,2,2.24,S,BLANCHE,35.0176,-86.7714
201902,135086,810832,1,1.74,ENE,STONE RIVER,36.1897,-86.5713
201902,135086,810833,1,1.9,NNE,OAK GROVE,36.0265,-87.4707
201902,135262,811363,1,0.62,WSW,LIVINGSTON ARPT,36.3962,-85.3301
201902,135262,811363,2,0.25,WSW,LIVINGSTON ARPT,36.3988,-85.3243
201902,135262,811363,3,0.31,SSW,LIVINGSTON ARPT,36.3959,-85.3225
201902,135262,811363,4,0.71,SW,LIVINGSTON ARPT,36.3931,-85.3294
201902,135262,811380,4,0.99,NE,CLEARMONT,35.7316,-85.9695
201902,135262,811380,1,0.36,ENE,DAVENPORT,35.7515,-85.9638
201902,135262,811380,2,0.46,E,DAVENPORT,35.7512,-85.9619
201902,135262,811380,3,1.04,NE,CLEARMONT,35.7313,-85.9676
201902,135245,810949,1,1.07,SSW,WRENCOE,36.0056,-86.7069
201902,135245,810949,2,1.05,S,WRENCOE,36.005,-86.6977
201902,135245,810949,3,1.62,SSE,(BNA)NASHVILLE METRO,36.1095,-86.6659
201902,135245,810949,4,1.3,SSE,(BNA)NASHVILLE METRO,36.112,-86.6732
201902,135245,810883,4,1.21,SSW,SANDHILL,36.014,-86.5588
201902,135245,810883,1,0.41,SSW,ROCKY FORK,35.9249,-86.5836
201902,135245,810883,2,1.69,ENE,RUCKER,35.7558,-86.3708
201902,135245,810883,3,2.76,ESE,KITTRELL,35.8059,-86.204
201902,135262,811306,1,0.78,SSE,WAYLAND SPGS,35.06,-87.5735
201902,135262,811306,2,0.87,SE,WAYLAND SPGS,35.0602,-87.5703
201902,135262,811306,3,1.89,NNE,IRON CITY,35.0436,-87.5632
201902,135262,811306,4,1.78,NNE,IRON CITY,35.0441,-87.5688
201906,139034,836256,1,0.93,NNE,GREENLAWN,36.2614,-86.561
201906,139034,836257,1,0.0,N,GALLATIN,36.4,-86.45
201906,139034,836258,1,0.0,N,GALLATIN,36.4,-86.45
201906,139034,836259,1,1.36,SSW,GALLATIN,36.3812,-86.4568
201906,139034,836259,2,0.94,WNW,GALLATIN MUNI ARPT,36.3832,-86.4365
201906,139034,836259,3,0.84,ESE,GALLATIN,36.3957,-86.4359
201906,139034,836259,4,0.91,WSW,GALLATIN,36.3958,-86.4655
201906,139034,836260,1,0.32,W,CLEARVIEW,36.5491,-86.6056
201906,139034,836260,2,0.51,SW,CLEARVIEW,36.5441,-86.6054
201906,139034,836260,3,1.59,N,NEW DEAL,36.5429,-86.5712
201906,139034,836260,4,1.68,E,CLEARVIEW,36.5483,-86.5698
201906,139034,836261,1,0.86,NW,MURFREESBORO,35.8581,-86.4316
201902,135086,810834,1,1.04,ENE,WHITE BLUFF,36.1243,-87.2022
201902,135245,810951,1,1.93,NE,NASHVILLE,36.1893,-86.755
201902,135245,810951,2,1.18,NNE,PARAGON MILL,36.0965,-86.6945
201902,135245,810951,3,1.1,WNW,OGLESBY,36.0588,-86.7465
201902,135245,810951,4,0.36,NE,NEWSOM,36.0835,-86.9951
201902,135245,810951,5,0.78,NNE,NEWSOM,36.0902,-86.994
201902,135245,810952,1,2.24,SSE,BAXTER,36.1216,-85.6109
201902,135245,810952,2,2.5,SSE,DOUBLE SPGS,36.138,-85.5791
201902,135245,810952,3,0.83,NNE,MONTEREY,36.161,-85.264
201902,135245,810952,4,1.58,SE,MONTEREY,36.1347,-85.2489
201902,135245,810952,5,0.83,N,DITTY,36.1119,-85.5816
201902,135245,810955,1,1.56,SSE,TULLAHOMA,35.3505,-86.2163
201902,135245,810955,2,0.92,SE,SAINVILLE,35.5096,-85.9099
201902,135245,810955,3,1.98,NW,SHADY GROVE,35.6412,-86.0038
201902,135245,810955,4,1.33,SSW,GOSSBURG,35.6524,-86.2294
201902,135262,811309,1,2.02,NNW,GOODLETTSVILLE,36.3483,-86.7293
201902,135262,811309,2,1.87,N,GOODLETTSVILLE,36.3468,-86.7249
201902,135262,811309,4,1.05,NNW,GOODLETTSVILLE,36.3329,-86.73
201902,135262,811309,3,1.01,NNW,GOODLETTSVILLE,36.3337,-86.7265
201902,135086,810131,1,0.44,ESE,GREENLAWN,36.247,-86.5631
201902,135086,809855,1,1.91,SE,RICHLAND,36.1276,-86.86
201902,135086,809855,2,1.28,WNW,MAPLEWOOD,36.238,-86.7407
201902,135086,809855,3,0.4,E,HERMITAGE,36.1801,-86.6128
201902,135086,809855,4,0.57,SE,HERMITAGE,36.1737,-86.6135
201902,135086,809855,5,1.53,ESE,BERRY HILL,36.1108,-86.7451
201902,135086,809855,6,1.16,WNW,OAK HILL,36.109,-86.8376
201902,135245,810956,2,1.03,SW,OAK GROVE,35.6898,-85.9834
201902,135245,810956,3,0.88,SSW,DAVENPORT,35.738,-85.9755
201902,135245,810956,4,2.25,N,EVANSTON,35.8322,-85.8739
201902,135245,810956,5,1.84,NNE,BEREA,35.8256,-85.6908
201902,135245,810956,6,0.83,NNE,ROCK IS,35.7916,-85.6166
201902,135245,810956,7,1.47,NNW,GOODBARS,35.7505,-85.6067
201902,135245,810956,1,1.45,W,MORRISON,35.6038,-85.9454
201902,135262,810972,1,0.88,NW,RED HILL,35.4606,-86.0589
201902,135262,810972,2,1.59,ENE,HILLSBORO,35.4302,-85.9546
201902,135262,810972,3,0.55,WNW,MANCHESTER SPENCER F,35.3843,-85.9783
201902,135262,810972,4,0.7,WSW,RED HILL,35.4445,-86.0604
201902,135262,811293,1,1.81,NW,ROVER,35.6892,-86.6219
201902,135262,811293,2,1.27,ENE,DEASON,35.6092,-86.4104
201902,135262,811293,3,2.86,SE,BEECHWOOD,35.6235,-86.2608
201902,135262,811293,4,1.36,SSE,NORMANDY,35.431,-86.2738
201902,135262,811293,5,0.51,W,RICHMOND,35.379,-86.609
201902,135262,811294,1,0.34,NW,TENNESSEE CITY,36.104,-87.5235
201902,135262,811294,2,2.78,SE,WHITE BLUFF,36.0882,-87.1896
201902,135262,811294,3,3.37,E,PORTER,35.9756,-87.22
201902,135262,811294,4,2.7,W,OAK GROVE,36.0043,-87.5281
201906,139034,841257,1,0.29,SW,HANDLEYTON,36.5967,-86.6333
201906,139034,841257,2,0.16,SSW,HANDLEYTON,36.5979,-86.6313
201906,139034,841257,3,0.05,WNW,HANDLEYTON,36.6003,-86.6309
201906,139034,841257,4,0.07,ESE,HANDLEYTON,36.5996,-86.6289
201906,139034,841257,5,0.17,S,HANDLEYTON,36.5976,-86.6303
201906,139034,841257,6,0.29,SSW,HANDLEYTON,36.5964,-86.6326
201906,138816,834874,1,0.0,N,WHITE BLUFF,36.12,-87.22
201906,138816,834875,1,2.0,NW,HENDERSONVILLE,36.3005,-86.6454
201906,138816,834876,1,0.63,NE,OAK HILL,36.1072,-86.8129
201906,138816,834877,1,1.09,ENE,OAK HILL,36.1048,-86.8013
201906,138816,834880,1,1.68,NW,PROVIDENCE,36.0995,-86.7378
201906,138816,834885,1,3.21,NNW,NOLENSVILLE,35.9899,-86.7095
201902,135086,809849,1,1.17,ESE,COOKEVILLE,36.1662,-85.4796
201902,135086,809849,2,1.26,E,COOKEVILLE,36.1665,-85.4779
201902,135086,809849,3,1.27,ESE,COOKEVILLE,36.166,-85.4777
201902,135086,809849,4,1.19,ESE,COOKEVILLE,36.1655,-85.4794
201902,135086,809847,1,0.32,NNE,PINHOOK,36.134,-85.3172
201902,135086,809845,1,2.63,N,CAIRO BEND,36.2681,-86.3982
201902,135086,809845,2,2.25,ESE,LA GUARDO,36.2835,-86.3951
201902,135086,809845,3,1.65,N,CENTERVILLE,36.3038,-86.2174
201902,135086,809845,4,0.26,NNW,BELLWOOD,36.2535,-86.1514
201902,135086,809845,5,0.71,S,TUCKERS XRDS,36.1898,-86.1785
201902,135086,809845,6,2.02,W,LEBANON ARPT,36.1839,-86.3558
201902,135262,810961,1,3.15,W,WESTPOINT,35.1334,-87.5855
201902,135262,810961,2,0.68,SSW,WAYLAND SPGS,35.061,-87.5851
201902,135262,810961,3,2.53,NE,LAWRENCEBURG ARPT,35.2556,-87.218
201902,135262,810961,4,3.91,NNE,LAWRENCEBURG ARPT,35.2797,-87.217
201902,135262,811364,1,0.16,SW,WRIGLEY,35.8986,-87.3523
201902,135262,811364,2,0.64,S,WRIGLEY,35.8908,-87.3484
201902,135262,811364,3,1.67,ESE,COBLE,35.7678,-87.6042
201902,135262,811364,4,0.38,NNW,COBLE,35.7853,-87.6318
201902,135262,810966,1,4.91,NNW,PINE VIEW,35.7963,-87.9612
201902,135262,810966,2,1.01,NE,LOBELVILLE,35.7893,-87.7362
201902,135262,810966,3,3.47,ENE,FLAT WOOD,35.5051,-87.7767
201902,135262,810966,4,2.2,E,PETERS LNDG,35.4752,-87.9614
201902,135262,810967,1,1.03,E,COLUMBIA,35.6192,-87.0317
201902,135262,810967,2,1.1,E,COLUMBIA,35.6175,-87.0306
201902,135262,810967,3,1.53,E,COLUMBIA,35.6194,-87.0227
201902,135262,810967,4,2.09,ENE,COLUMBIA,35.6347,-87.0175
201902,135262,810967,5,2.05,ENE,COLUMBIA,35.635,-87.0184
201902,135262,810967,6,1.6,ENE,COLUMBIA,35.6255,-87.0223
201902,135262,810967,7,1.44,E,COLUMBIA,35.6207,-87.0243
201902,135262,810973,1,4.16,NNW,HOHENWALD BAKER ARPT,35.6028,-87.6356
201902,135262,810973,2,4.54,NE,GORDONSBURG,35.6099,-87.3658
201902,135262,810973,3,7.55,ENE,NAPIER,35.4628,-87.352
201902,135262,810973,4,1.49,NW,RIVERSIDE,35.4645,-87.6397
201906,139033,836217,1,0.0,N,CENTERTOWN,35.72,-85.92
201906,138816,834882,1,0.0,N,BELLEVUE,36.07,-86.93
201906,138816,834887,1,4.22,NE,MALLORYS,35.9968,-86.7513
201906,138816,834889,1,1.28,E,OAK HILL,36.0981,-86.7972
201906,138816,834890,1,0.96,SE,BOSTON,35.8389,-87.0196
201906,138816,834891,1,1.49,SSE,BAIRDS MILLS,36.0813,-86.3167
201906,138816,834904,1,0.47,ESE,LITTLE HOPE,35.8984,-86.5218
201906,138816,834905,1,1.45,NW,DUPLEX,35.7629,-86.8703
201906,138816,834906,1,2.43,SW,AUBURNTOWN,35.9291,-86.135
201902,135086,810123,1,1.43,WSW,ROME,36.2589,-86.0917
201902,135086,810123,2,0.82,SW,ROME,36.2602,-86.0783
201902,135086,810123,3,0.86,SSW,ROME,36.2594,-86.078
201902,135086,810123,4,1.45,SW,ROME,36.2583,-86.0916
201902,135086,810125,1,0.73,WSW,GREEN HILL,36.2254,-86.5619
201902,135086,810125,2,1.9,SSW,CENTERVILLE,36.257,-86.2386
201902,135086,810125,3,2.72,W,TUCKERS XRDS,36.1944,-86.2283
201902,135086,810125,4,3.3,SW,MT JULIET,36.1637,-86.5585
201902,135086,809627,1,0.91,SE,MILTON,35.9203,-86.189
201902,135086,809627,2,1.57,E,MILTON,35.9296,-86.172
201902,135086,809851,1,1.7,N,CENTERVILLE,36.3047,-86.2198
201902,135086,809851,2,1.06,NE,CENTERVILLE,36.2895,-86.2051
201902,135086,809851,3,0.84,NE,CENTERVILLE,36.2878,-86.2084
201902,135086,809851,4,1.13,N,CENTERVILLE,36.2963,-86.2213
201902,135262,811382,1,0.6,SSE,CUMBERLAND HGTS,35.3928,-85.6941
201902,135245,810950,1,0.39,SW,BINGHAM,35.9254,-86.9739
201902,135245,810950,2,3.33,NNE,MALLORYS,35.9967,-86.7855
201902,135245,810950,3,1.75,N,NOLENSVILLE,35.9752,-86.6768
201902,135245,810950,4,3.54,E,NOLENSVILLE,35.9417,-86.6175
201902,135245,810950,5,1.93,ENE,KIRKLAND,35.8351,-86.651
201902,135245,810950,6,0.57,SSE,ARNO,35.793,-86.7446
201902,135245,810950,7,1.28,NNW,SOUTHALL,35.8959,-86.9418
201906,138816,834907,1,0.0,N,NEW MIDDLETON,36.18,-86.02
201906,138816,834909,1,1.7,S,BURT,35.7455,-86.1292
201906,138816,834910,1,2.31,WSW,VANNATTA,35.6056,-86.5172
201906,138816,834911,1,1.37,E,WATKINS,35.9217,-85.8555
201902,135086,810836,1,1.17,W,ROSLIN,36.2325,-84.9407
201902,135262,811367,1,0.99,E,THOMPSONS XRDS,36.1496,-87.5322
201902,135262,811367,2,1.03,SW,RUSKIN,36.1589,-87.5324
201902,135262,811367,3,0.49,N,ADAMS XRDS,36.1871,-87.5203
201902,135262,811367,4,0.98,ENE,CUMBERLAND FURNACE,36.2752,-87.3537
201902,135262,811367,5,2.4,SE,CUMBERLAND FURNACE,36.2434,-87.3421
201902,135262,811367,6,1.21,NNW,CHARLOTTE,36.1958,-87.3394
201902,135262,811389,1,1.35,SSW,LITTLE CREEK,36.2626,-86.7907
201902,135262,811389,2,1.3,SSW,LITTLE CREEK,36.2629,-86.7899
201902,135262,811389,3,1.01,WNW,MADISON,36.2558,-86.7866
201902,135262,811389,4,1.05,WNW,MADISON,36.2558,-86.7875
201902,135086,810830,1,1.66,ESE,RICHLAND,36.1397,-86.8532
201902,135245,810954,1,2.21,NW,ROVER,35.6928,-86.6276
201902,135245,810954,2,1.67,ENE,DEASON,35.6096,-86.4027
201902,135245,810954,3,3.07,SE,BEECHWOOD,35.6248,-86.255
201902,135245,810954,4,2.39,SSE,NORMANDY,35.4196,-86.2595
201902,135245,810954,5,0.47,SSW,RICHMOND,35.3743,-86.6046
201902,135245,810954,6,1.6,WNW,WHITAKER,35.4609,-86.655
201902,135262,811314,1,1.34,NNW,WEST MEADE,36.1387,-86.9264
201902,135262,811314,2,2.03,SW,INGLEWOOD,36.1963,-86.7515
201902,135262,811314,3,1.18,SW,BERRY HILL,36.1075,-86.7845
201902,135262,811314,4,0.77,NW,WEST MEADE,36.1281,-86.9296
201906,139033,836239,1,1.12,S,STONE RIVER,36.1639,-86.5977
201907,140155,843163,1,1.77,WSW,WHITE STATION,35.1086,-89.928
201907,140155,843163,2,0.54,SSW,WHITE STATION,35.1128,-89.9034
201906,138816,834914,1,0.55,SE,UNION HILL,36.2234,-85.6245
201906,138816,834915,1,3.08,SSE,HOLLY SPGS,36.3764,-85.388
201906,138816,834916,1,0.22,NE,SPARTA,35.932,-85.467
201906,138816,834919,1,1.13,SW,ROCKY PT,36.1388,-85.3849
201906,138816,834924,1,2.19,NW,SPRING HILL,35.7743,-86.9549
201906,138816,834925,1,2.0,SW,NOLENSVILLE,35.9295,-86.7053
201906,138816,834929,1,0.36,S,SPRING HILL,35.7448,-86.9304
201902,135086,810837,1,0.47,NW,FLAT ROCK,36.2354,-86.1051
201902,135086,810838,1,0.79,S,GREENLAWN,36.2387,-86.5716
201902,135086,809844,1,3.68,SW,MT JULIET,36.169,-86.5736
201902,135086,809844,2,2.25,NE,SILVER BOTTOM,36.255,-86.494
201902,135086,809844,3,1.52,SSW,LA GUARDO,36.2793,-86.4389
201902,135086,809844,4,1.24,SSE,LEEVILLE,36.185,-86.4077
201902,135086,809844,5,2.38,SSW,MT JULIET,36.1668,-86.5314
201902,135245,810953,1,1.62,N,PROVIDENCE,35.3034,-85.9013
201902,135245,810953,2,1.36,N,PROVIDENCE,35.2997,-85.8979
201902,135245,810953,3,0.6,ESE,DOGTOWN,35.3481,-85.6895
201902,135245,810953,4,1.26,SSW,LAAGER,35.3633,-85.6291
201902,135245,810953,5,0.84,SW,LAAGER,35.3712,-85.6303
201902,135245,810953,6,1.44,SSW,CUMBERLAND HGTS,35.3796,-85.7056
201902,135245,810953,7,0.87,E,ELKHEAD,35.3702,-85.8346
201902,135262,810974,1,2.46,S,BERRY HILL,36.0846,-86.7664
201902,135262,810974,2,1.06,ENE,FOUR CORNERS,36.0543,-86.5617
201902,135262,810974,3,0.89,ESE,FOUR CORNERS,36.0453,-86.5651
201902,135262,810974,4,2.65,W,PROVIDENCE,36.0802,-86.7674
201902,135245,810957,1,0.83,S,READYVILLE,35.8181,-86.1776
201902,135245,810957,2,2.1,N,HALF ACRE,35.9004,-85.9308
201902,135245,810957,3,2.68,SSE,HALF ACRE,35.8367,-85.9052
201902,135245,810957,4,1.13,S,PLEASANT VIEW,35.7336,-85.9993
201902,135245,810957,5,2.77,E,IVY BLUFF,35.6643,-86.0012
201902,135245,810957,6,0.99,SSW,HOLLOW SPGS,35.6679,-86.1395
201902,135245,810957,7,1.91,SW,BRADYVILLE,35.7096,-86.1929
201902,135245,810958,1,2.44,W,DYCUS,36.3983,-85.8239
201902,135245,810958,2,1.45,N,NEW HOPE,36.401,-85.4987
201902,135245,810958,3,1.38,NE,MT UNION,36.2839,-85.5023
201902,135245,810958,5,2.69,S,LIBERTY,36.2415,-85.7565
201902,135245,810958,6,1.33,N,CORINTH,36.2993,-85.8314
201902,135245,810958,4,2.21,E,UNION HILL,36.2333,-85.5906
201902,135262,811322,1,2.63,SSE,TWO CHESNUT,36.4163,-86.5978
201902,135262,811322,2,2.27,NNW,OCANA,36.4114,-86.5621
201902,135262,811322,3,2.27,SSE,MILLERSVILLE,36.3411,-86.6807
201902,135262,811322,4,2.08,SSE,MILLERSVILLE,36.343,-86.6836
201902,135262,811322,5,1.0,ENE,MILLERSVILLE,36.3731,-86.6824
201902,135262,811322,6,1.55,NE,MILLERSVILLE,36.3855,-86.6799
201906,138816,834883,1,4.52,NNE,MALLORYS,36.0102,-86.7681
201906,138816,834922,1,0.0,N,FOREST MILL,35.52,-86.05
201906,138816,834920,1,1.59,NE,MANCHESTER,35.4988,-86.0639
201906,138816,841258,1,2.01,SE,MC ALLISTERS XRDS,36.3283,-87.3259
201906,138816,841258,2,2.66,ESE,MC ALLISTERS XRDS,36.3355,-87.3057
201906,138816,841259,1,1.18,SSW,CALLE,35.8138,-86.877
201906,138816,841259,2,1.72,NW,DUPLEX,35.7671,-86.8723
201906,138816,841265,1,3.91,SE,BOND,35.6877,-87.3736
201902,135262,811300,1,0.96,SSE,OVERALL,35.8071,-86.4738
201902,135262,811300,3,0.69,NE,BARFIELD,35.788,-86.4428
201902,135262,811300,4,1.33,W,BARFIELD,35.783,-86.4735
201902,135262,811300,2,2.04,E,OVERALL,35.8147,-86.4441
201902,135262,811302,1,1.03,NNE,BARNES,36.5646,-85.226
201902,135262,811302,2,1.2,NNE,BARNES,36.5649,-85.2189
201902,135262,811302,3,1.31,NE,BARNES,36.5617,-85.2115
201902,135262,811302,4,1.1,NE,BARNES,36.5588,-85.2136
201902,135262,811302,5,0.66,NNE,BARNES,36.559,-85.2259
201906,138816,834893,1,0.92,SSW,BOND,35.718,-87.4273
201906,138816,834894,1,0.81,NW,THOMPSONS STATION,35.8081,-86.9305
201906,138816,834895,1,1.44,SSE,LITTLE TEXAS,35.7801,-86.7727
201906,138816,834897,1,1.0,NW,SPRING HILL,35.7602,-86.9426
201902,135086,809854,1,3.66,NE,PEGRAM,36.1315,-86.9973
201902,135086,809854,2,3.44,NE,PEGRAM,36.1324,-87.0032
201902,135086,809854,3,2.36,SSE,GRAVELOTTE,36.1978,-87.0056
201902,135086,809854,4,2.94,SE,GRAVELOTTE,36.197,-86.9868
201906,138817,834932,1,2.54,SSW,FT HENRY,36.4448,-88.033
201906,138817,834933,1,0.0,N,DOVER,36.48,-87.83
201912,143472,866096,1,4.52,E,CHESTNUT RIDGE,35.3202,-86.4707
201912,143472,866097,1,2.35,NNW,RAYSVILLE,35.3604,-86.3388
201912,143472,866098,1,2.1,S,LOIS,35.1998,-86.373
201912,143472,866099,1,0.88,SE,PLEASANT HILL,35.2911,-86.3089
201910,143678,862184,1,0.84,S,SILVERTON,36.2079,-87.6716
201910,143678,862184,2,1.57,ENE,SPRING HILL,36.3406,-87.5751
201902,135086,810825,1,1.33,E,KINGSTON SPGS,36.0984,-87.0963
201910,143678,862185,1,0.0,N,CUMBERLAND CITY,36.4,-87.65
201910,143678,862186,1,4.64,WSW,SHILOH,36.3406,-87.5751
201910,143678,862186,2,3.88,ENE,CLARKSVILLE ARPT,36.6415,-87.3553
201902,135086,859703,1,3.61,E,EAST SIDE,36.0306,-87.2054
201902,135086,859703,2,4.71,E,EAST SIDE,36.0345,-87.1859
201902,135086,859704,1,2.24,WNW,NEW HOPE,36.0345,-87.1859
201902,135086,859704,2,2.05,WNW,NEW HOPE,36.0355,-87.1812
201910,142701,856622,1,0.89,SW,MURPHY MILL,36.47,-83.56
201910,142701,856626,1,0.89,SW,LAWNVILLE,35.86,-84.46
201910,142701,856628,1,0.89,NE,BRADBURY,35.88,-84.39
201910,142701,856629,1,1.31,ESE,CLINTON,36.11,-84.11
201910,142701,856630,1,0.69,S,NORRIS,36.19,-84.07
201910,142701,856634,1,0.0,N,HALLS XRDS,36.08,-83.93
201910,142701,856635,1,0.69,N,AMHERST,35.96,-84.03
201910,142701,856637,1,0.89,SW,MAYNARDVILLE,36.24,-83.81
201910,142701,856639,1,1.38,N,NEW TAZEWELL,36.45,-83.6
201910,142701,856640,1,0.69,N,TAZEWELL,36.46,-83.57
201910,142701,856641,1,0.56,W,RUTLEDGE,36.28,-83.51
201910,142701,856642,1,0.69,S,OAKLAND,36.04,-83.47
201910,142701,856644,1,0.69,S,MT HOREB,36.09,-83.43
201910,142701,856645,1,1.31,WSW,THORN HILL,36.36,-83.44
201910,142701,856646,1,0.89,NE,KIMBROUGH XRD,36.13,-83.34
201910,142701,856647,1,2.23,W,FLAG BRANCH,36.07,-82.87
201910,142701,856648,1,0.0,N,DULANEY,36.13,-82.92
201910,142701,856649,1,1.49,NNE,ALBANY,36.25,-82.89
201910,142701,856650,1,0.89,NW,ROGERSVILLE,36.41,-83.01
201910,142701,856651,1,0.89,SW,JOHNSON STORE,36.56,-82.73
201910,142701,856656,1,1.38,N,FOUNTAIN CITY,36.05,-83.93
201907,141003,847167,1,0.63,ENE,OAKLAND,35.6534,-86.9096
201907,140945,846915,1,1.2,WSW,BAXTER,36.1465,-85.651
201907,140945,846915,2,0.5,S,ENSOR,36.1627,-85.6491
201907,140945,846915,3,0.61,N,BAXTER,36.1588,-85.6287
201907,140945,846915,4,0.53,S,BAXTER,36.1423,-85.6303
201906,138817,834935,1,3.96,S,BROOKLIN,35.993,-86.6271
201906,138817,834936,1,2.04,SW,ST BETHLEHEM,36.5561,-87.3215
201907,140151,843155,1,1.7,W,LAWRENCE,35.6507,-88.8303
201907,140151,843155,2,0.62,E,LAWRENCE,35.651,-88.7891
201907,140151,843155,3,0.73,WNW,EAST UNION,35.6041,-88.7919
201907,140151,843155,4,1.54,SSW,JACKSON,35.6014,-88.8451
201907,140939,846887,1,0.33,N,LINDEN,35.6247,-87.8511
201907,140939,846887,2,0.71,SW,CHESTNUT GROVE,35.6233,-87.8297
201907,140939,846887,3,1.5,SE,LINDEN,35.6034,-87.833
201907,140939,846887,4,1.28,S,LINDEN,35.6015,-87.851
201907,140949,846923,1,0.19,NW,BERRY HILL,36.1217,-86.7728
201907,140949,846923,2,0.39,NE,BERRY HILL,36.1244,-86.7655
201907,140949,846923,3,0.75,SE,BERRY HILL,36.1113,-86.762
201907,140949,846923,4,0.63,S,BERRY HILL,36.1109,-86.7707
201907,140949,846930,1,2.68,SE,MT JULIET,36.1717,-86.4871
201907,140949,846930,2,2.5,SW,SILVER SPGS,36.1725,-86.4791
201907,140949,846930,3,1.98,N,SUGGS CREEK,36.1485,-86.4972
201907,140949,846930,4,2.08,N,SUGGS CREEK,36.1497,-86.5052
201907,140949,846934,1,1.13,NW,MALLORYS,35.9596,-86.8165
201907,140949,846934,2,1.08,NW,MALLORYS,35.9596,-86.8152
201907,140949,846934,3,0.71,SSW,MUDSINK,35.9101,-86.8236
201907,140949,846934,4,0.75,SSW,MUDSINK,35.9102,-86.826
201907,140945,846906,1,1.24,NE,HENSLEYS CHAPEL,35.932,-85.5137
201907,140945,846912,4,1.28,SSE,MONTEREY,36.1321,-85.2644
201907,140945,846912,5,1.18,SW,MONTEREY,36.1396,-85.2868
201907,140945,846912,1,0.67,WNW,MONTEREY,36.1542,-85.2808
201907,140945,846912,2,1.14,ENE,MONTEREY,36.1577,-85.2518
201907,140945,846912,3,1.36,SE,MONTEREY,36.1389,-85.25
201906,138817,834934,1,0.0,N,TENNESSEE RIDGE,36.32,-87.77
201907,140149,843146,1,0.86,NNW,FREMONT,36.441,-89.2073
201907,140149,843146,2,0.91,NE,FREMONT,36.4379,-89.1868
201907,140945,847137,1,0.0,N,GAINESBORO,36.35,-85.65
201907,140938,846874,1,0.0,N,FRANKLIN,35.92,-86.9
201907,140943,846898,1,0.0,N,BLOOMINGTON SPGS,36.2,-85.62
201907,140945,846917,1,1.3,NE,DOUBLE SPGS,36.1846,-85.5853
201907,140945,846917,2,1.84,NNE,DOUBLE SPGS,36.1934,-85.584
201907,140945,846917,3,1.91,NNE,DOUBLE SPGS,36.1936,-85.582
201907,140945,846917,4,1.41,NE,DOUBLE SPGS,36.1844,-85.5822
201907,140151,843154,1,0.64,S,GILMORE,35.6708,-88.8214
201907,140151,843154,2,3.11,NE,LAWRENCE,35.6792,-88.7578
201907,140151,843154,3,2.24,ESE,LAWRENCE,35.6421,-88.7613
201907,140151,843154,4,1.66,N,JACKSON,35.6439,-88.8334
201907,140945,847116,1,3.36,WNW,NORTH SPGS,36.492,-85.804
201907,140945,847116,2,1.4,NNW,NEW HOPE,36.3992,-85.5082
201907,140945,847116,3,1.85,SE,DODSON BRANCH,36.3039,-85.5034
201907,140945,847116,4,0.76,NNW,CORINTH,36.2905,-85.8339
201907,140945,846904,1,0.0,N,CALFKILLER,36.08,-85.32
201907,138091,829773,1,1.11,W,WINONA,36.38,-84.45
201907,138091,844720,1,2.0,NNW,FORD CHAPEL,36.4467,-83.6938
201907,138091,844720,2,2.0,N,FORD CHAPEL,36.449,-83.68
201907,138091,844720,3,1.0,N,FORD CHAPEL,36.4345,-83.68
201907,138091,844720,4,2.0,W,FORD CHAPEL,36.42,-83.716
201907,138528,844727,1,0.0,E,KINGSPORT,36.55,-82.55
201907,138528,844727,2,1.0,S,KINGSPORT,36.5355,-82.55
201907,138528,844727,3,3.0,SE,KINGSPORT,36.5193,-82.5118
201907,138528,844727,4,2.0,E,KINGSPORT,36.55,-82.514
201907,140945,847112,1,1.9,SE,DODSON BRANCH,36.3001,-85.5066
201907,140945,847112,2,0.59,SSE,MT UNION,36.2626,-85.5147
201907,140945,847112,3,1.05,WSW,MT UNION,36.2619,-85.536
201907,140945,847112,4,3.16,SE,CENTER GROVE,36.2333,-85.5662
201907,140945,847112,5,0.46,WSW,UNION HILL,36.2284,-85.638
201907,140945,847112,6,1.67,NE,ANTIOCH,36.2887,-85.631
201907,138528,844731,1,5.0,NE,KNOXVILLE,36.0212,-83.8668
201907,138528,844731,2,0.0,S,KNOXVILLE,35.97,-83.93
201907,138528,844731,3,5.0,NW,KNOXVILLE,36.0212,-83.9933
201907,138528,844731,4,7.0,N,KNOXVILLE,36.0713,-83.93
201907,138528,844732,1,0.0,NE,SOUTH KNOXVILLE,35.93,-83.92
201907,138528,844732,2,1.5,E,SOUTH KNOXVILLE,35.93,-83.8932
201907,138528,844732,3,1.5,NE,SOUTH KNOXVILLE,35.9454,-83.901
201907,138528,844732,4,1.0,N,SOUTH KNOXVILLE,35.9445,-83.92
201907,138528,844733,1,1.0,N,ROCKWOOD,35.8845,-84.68
201907,138528,844733,2,2.0,E,ROCKWOOD,35.87,-84.6443
201907,138528,844733,3,1.0,S,ROCKWOOD,35.8555,-84.68
201907,138528,844733,4,1.5,W,ROCKWOOD,35.87,-84.7068
201908,138529,832849,1,0.56,E,CONCORD ARPK,35.88,-84.04
201908,138529,832859,1,0.89,NE,BANNER,35.74,-83.52
201908,138529,832861,1,0.56,W,ENGLEWOOD,35.43,-84.49
201908,138529,832862,1,1.31,ENE,SPRINGDALE,36.53,-82.53
201908,138529,832863,1,1.38,S,BLOOMINGDALE,36.56,-82.48
201908,138529,832865,1,2.32,WNW,BRISTOL,36.59,-82.22
201908,138529,832866,1,0.69,S,AVOCA,36.54,-82.23
201908,138529,832867,1,1.67,W,VANCE,36.52,-82.25
201906,138817,834948,1,0.0,N,SPRINGFIELD,36.5,-86.88
201906,138817,834939,1,0.89,SW,FLEWELLYN,36.47,-86.98
201908,138529,832869,1,0.55,E,LAUREL BLOOMERY,36.57,-81.76
201908,139758,840606,1,2.22,E,SAND LICK,36.4,-83.63
201908,139758,840607,1,2.76,S,BEAN STATION,36.29,-83.28
201908,139758,840608,1,0.56,W,NEW HAVEN,36.5,-84.59
201908,138529,832868,1,0.56,W,GALLOWAY MILL,36.47,-82.29
201908,139760,840610,1,0.69,S,CLEVELAND,35.16,-84.88
201908,139762,840611,1,1.38,N,VIRTUE,35.87,-84.2
201906,138817,834981,1,0.0,N,TOPSY,35.43,-87.72
201906,138817,834983,1,1.31,ENE,WALTERHILL,35.96,-86.38
201908,139764,840619,1,0.89,SE,DU PONT,35.81,-83.69
201908,139763,840615,1,0.56,W,KODAK,35.97,-83.63
201908,139765,840620,1,0.69,N,MARBLEDALE,35.96,-83.82
201908,139765,840621,1,0.0,N,WOODDALE,36.02,-83.77
201908,139765,840622,1,2.15,NNE,MILLICAN,35.93,-83.51
201908,139762,840612,1,0.56,E,TELLICO PLAINS,35.37,-84.29
201908,139763,840614,1,0.56,W,THORNGROVE,36.0,-83.69
201908,138529,844734,1,2.0,NE,BEARDEN,35.9505,-83.9747
201908,138529,844734,2,2.0,NNE,BEARDEN,35.9567,-83.9863
201908,138529,844734,3,2.0,W,BEARDEN,35.93,-84.0358
201908,138529,844734,4,2.0,WSW,BEARDEN,35.9189,-84.033
201908,138529,844734,5,0.0,WSW,BEARDEN,35.93,-84.0
201906,138817,834946,1,0.0,N,SPRINGFIELD,36.5,-86.88
201906,138817,834947,1,2.81,ENE,FAIRVIEW,36.0009,-87.0769
201908,140515,844735,1,2.0,NNE,BAILEYTON,36.3567,-82.8163
201908,140515,844735,2,2.0,WSW,BAILEYTON,36.3189,-82.8632
201908,140515,844735,3,2.0,SSW,BAILEYTON,36.3033,-82.8438
201908,140515,844735,4,2.0,E,BAILEYTON,36.33,-82.7941
201908,141337,848816,1,0.25,SE,OBION,36.2678,-89.1964
201908,141337,848816,2,1.55,SE,OBION,36.2517,-89.1839
201906,138817,834949,1,0.0,N,CENTERVILLE,35.78,-87.47
201906,138817,834950,1,0.0,N,NASHVILLE,36.17,-86.78
201906,138817,834952,1,0.0,N,HENDERSONVILLE,36.28,-86.62
201908,141337,848821,1,1.64,WNW,CLOVERDALE,36.2423,-89.3552
201908,141337,848821,2,2.98,SSW,CLOVERDALE,36.1932,-89.3578
201906,138817,834958,1,0.0,N,FRANKLIN,35.92,-86.9
201906,138817,834976,1,1.08,E,J PERCY PRIEST RES S,36.0485,-86.4807
201908,141370,848906,1,1.61,NW,(MEM)MEMPHIS INTL AR,35.0682,-89.9978
201908,141370,848906,2,0.6,NW,(MEM)MEMPHIS INTL AR,35.0566,-89.9869
201908,141370,848907,1,0.67,NW,(MEM)MEMPHIS INTL AR,35.0573,-89.9877
201908,141370,848907,2,2.27,SSE,(MEM)MEMPHIS INTL AR,35.0193,-89.9658
201908,141370,848908,1,1.08,WNW,WEST JCT,35.0752,-90.088
201908,141370,848908,2,1.08,SSE,WEST JCT,35.055,-90.0647
201906,138817,834942,1,2.59,N,SYCAMORE,36.3574,-87.0473
201908,139587,851296,1,2.07,N,CUMBERLAND SPGS,35.36,-86.3
201906,138817,834956,1,1.39,ENE,THE HERMITAGE,36.2284,-86.5974
201906,138817,834937,1,1.06,WNW,GLENWYLDE,36.3073,-87.3667
201906,138817,834940,1,1.75,SSW,DULL,36.1973,-87.294
201908,141373,848914,1,2.32,WNW,SPRING CREEK,35.7863,-88.7162
201908,141373,848914,2,1.25,N,SPRING CREEK,35.7879,-88.6761
201908,141373,848914,3,0.73,SSW,SPRING CREEK,35.761,-88.6868
201908,141373,848914,4,2.67,W,SPRING CREEK,35.7653,-88.7272
201908,141327,848790,1,113.06,WSW,HOLLADAY,35.1573,-89.9596
201908,141327,848790,2,111.83,WSW,HOLLADAY,35.1582,-89.9358
201908,141327,848790,3,112.54,WSW,HOLLADAY,35.1378,-89.9373
201908,141327,848790,4,113.55,WSW,HOLLADAY,35.1402,-89.9588
201906,138817,834977,1,0.0,N,HOHENWALD,35.55,-87.57
201908,141373,848915,1,1.48,W,SPRING CREEK,35.7733,-88.7061
201908,141373,848915,2,0.49,NW,SPRING CREEK,35.7747,-88.6865
201908,141373,848915,3,1.18,SW,SPRING CREEK,35.756,-88.692
201908,141373,848915,4,2.42,WSW,SPRING CREEK,35.7563,-88.7198
201906,138817,834978,1,0.0,N,COLUMBIA,35.62,-87.05
201908,142056,852809,4,1.26,NNE,GERMANTOWN,35.0966,-89.8108
201908,142056,852809,1,1.54,NNE,GERMANTOWN,35.0994,-89.8064
201908,142056,852809,2,1.43,NNE,GERMANTOWN,35.1002,-89.815
201908,142056,852809,3,1.21,NNE,GERMANTOWN,35.0969,-89.8146
201908,142233,853947,1,0.0,N,BARREN PLAIN,36.6,-86.92
201908,142233,853948,1,0.0,N,SPRINGFIELD,36.5,-86.88
201908,142233,853950,1,0.0,N,SPRINGFIELD,36.5,-86.88
201908,142233,853951,1,0.0,N,WHITE HOUSE,36.47,-86.65
201908,142233,853952,1,0.0,N,GREENBRIER,36.43,-86.8
201908,142233,853953,1,0.0,N,GREENBRIER,36.43,-86.8
201908,142233,853954,1,0.0,N,INGLEWOOD,36.22,-86.73
201906,138817,834986,1,0.42,NNE,HOLTLAND,35.7057,-86.6973
201906,138817,834994,1,0.0,N,SHELBYVILLE,35.48,-86.47
201906,138817,834995,1,0.82,SE,FREE HILL,36.5618,-85.4695
201906,138817,841761,1,0.0,N,WHITE HOUSE,36.47,-86.65
201908,142233,853955,1,1.41,WNW,BECKWITH,36.2304,-86.4917
201908,142233,853967,1,1.72,WSW,DONELSON,36.1606,-86.6785
201908,142233,853968,1,2.5,N,SUGGS CREEK,36.1561,-86.4953
201908,142233,853969,1,0.0,N,DONELSON,36.17,-86.65
201908,142233,853970,1,2.13,SSW,CENTERVILLE,36.2526,-86.2375
201908,142233,853971,1,1.91,E,LEBANON,36.2193,-86.2658
201908,142233,853972,1,2.19,ESE,RICHLAND,36.1428,-86.8418
201908,142233,853973,1,1.38,NNE,GREENLAWN,36.2685,-86.5606
201906,138817,834984,1,0.0,N,HARTSVILLE,36.4,-86.17
201906,138817,834988,1,0.71,N,MURFREESBORO,35.8603,-86.4216
201906,138817,834989,1,1.4,NNE,NASHVILLE CORNELIA F,36.199,-86.691
201906,138817,834996,1,1.68,E,MURFREESBORO,35.85,-86.39
201906,138817,834997,1,0.0,N,SUMMERTOWN,35.43,-87.3
201906,138817,835001,1,0.0,N,SMITHVILLE,35.97,-85.85
201906,138817,835004,1,1.74,WNW,COOKEVILLE,36.183,-85.5266
201908,142229,853940,1,0.19,NE,ASHWOOD,35.5822,-87.1479
201908,142229,853941,1,4.19,NE,LA GUARDO,36.3341,-86.3677
201908,142229,853942,1,1.17,W,OGLESBY,36.0475,-86.7507
201908,142231,853943,1,0.86,NW,MUDSINK,35.9287,-86.831
201908,142231,853946,1,1.76,N,WOODBINE,36.1454,-86.7208
201908,142231,853946,2,0.4,S,WOODBINE,36.1142,-86.7205
201908,142231,853946,3,0.31,W,BERRY HILL,36.1196,-86.7756
201908,142231,853946,4,1.69,S,NASHVILLE,36.1456,-86.7803
201908,142233,853977,1,3.17,N,NOLENSVILLE,35.9955,-86.688
201908,142233,853978,1,1.97,ENE,BARFIELD,35.787,-86.416
201908,142233,853980,1,2.22,ENE,BOND,35.7466,-87.3862
201908,142233,853982,1,1.0,N,NORMANDY,35.4645,-86.28
201908,142233,853983,1,1.81,SSE,BLACKMAN,35.8566,-86.5055
201906,138817,834990,1,1.48,NNE,MITCHELVILLE,35.8206,-86.143
201906,138817,834998,1,3.04,SW,HILHAM,36.39,-85.47
201906,138817,834998,2,3.26,S,HILHAM,36.3729,-85.4344
201906,138817,835006,1,4.25,ENE,LA GUARDO,36.3337,-86.3661
201906,138817,835007,1,0.0,N,TULLAHOMA,35.37,-86.23
201906,138817,835013,1,0.0,N,CROSSVILLE,35.95,-85.03
201906,138817,835014,1,0.0,N,SPARTA,35.93,-85.47
201905,137343,824384,1,1.24,SSW,RIDGELY,36.2545,-89.4913
201905,137343,824384,2,0.57,E,RIDGELY,36.2712,-89.4698
201906,138817,834999,1,0.56,N,OAKLEY,36.5081,-85.2984
201906,138817,835000,1,0.0,N,COOKEVILLE,36.17,-85.5
201906,138817,835002,1,0.0,N,LIVINGSTON,36.38,-85.32
201906,138817,841532,1,0.44,WSW,SMITH SPGS,36.0783,-86.6076
201906,138817,841532,2,0.63,ENE,FOSTER CORNERS,36.0725,-86.5892
201906,138817,841770,1,0.0,N,SPRINGFIELD,36.5,-86.88
201906,138817,834938,1,0.0,N,WAVERLY,36.08,-87.8
201906,138817,835005,1,0.0,N,BYRDSTOWN,36.57,-85.13
201906,138817,835008,1,1.76,SSW,OAKLAND,35.6553,-85.8375
201906,138817,835010,1,0.0,N,MC MINNVILLE,35.68,-85.78
201906,138817,835016,1,0.0,N,SPENCER,35.75,-85.47
201906,138817,841531,1,0.95,NNW,DONELSON,36.1824,-86.6572
201906,138817,841531,2,1.18,ESE,DONELSON,36.1644,-86.63
201906,138817,841535,1,1.59,E,GREEN VLY,36.617,-86.0216
201906,138817,841535,2,0.7,WSW,UNDERWOOD,36.6161,-85.9916
201906,138817,841577,1,1.44,SSE,TOBACCOPORT,36.6324,-87.8662
201906,138817,841580,1,0.0,N,ERIN,36.32,-87.7
201906,138817,834991,1,0.0,N,LAWRENCEBURG,35.25,-87.33
201906,138817,834993,1,0.0,N,GAINESBORO,36.35,-85.65
201906,138817,841538,1,1.64,W,ARMATHWAITE,36.3802,-84.7994
201906,138817,841538,2,1.33,E,ARMATHWAITE,36.3816,-84.7461
201906,138817,841561,1,1.12,NW,GREEN VLY,36.6326,-86.0627
201906,138817,841561,2,0.64,NW,PUMPKINTOWN,36.5874,-85.907
201906,138817,841757,1,0.69,NNW,TIMOTHY,36.4897,-85.4029
201903,135426,812123,1,3.0,S,SAVANNAH,35.1866,-88.25
201903,135426,812123,2,1.81,N,MADDOX,35.196,-88.2239
201905,137218,823626,1,5.0,E,PICKWICK DAM,35.05,-88.1616
201905,137218,823626,2,3.5,WNW,WALNUT GROVE,35.0653,-88.109
201905,137353,824454,1,0.42,NNE,AULON,35.1358,-89.9776
201905,137353,824454,2,1.7,WSW,BERCLAIR,35.1447,-89.9494
201905,137353,824455,1,1.93,ENE,RUGBY,35.21,-89.9681
201905,137353,824455,2,1.67,NNW,RALEIGH,35.2224,-89.9411
201905,137353,824457,1,1.34,S,NATIONAL CEMETERY,35.161,-89.9455
201905,137353,824457,2,1.31,N,BERCLAIR,35.1689,-89.9177
201905,137353,824453,1,2.12,N,MALLORY,35.1305,-90.0733
201905,137353,824453,2,2.25,WNW,MEMPHIS,35.1381,-90.0586
201905,137343,824405,1,0.0,N,SAMBURG,36.38,-89.35
201905,137343,824405,2,0.77,ENE,SAMBURG,36.3844,-89.3373
201906,138817,841758,1,2.16,S,KINGSTON SPGS,36.0688,-87.1205
201906,138817,841759,1,0.0,N,WOODBURY,35.83,-86.08
201906,138817,841762,1,0.0,N,CLARKRANGE,36.18,-85.02
201906,138817,841763,1,0.0,N,SMITHVILLE MUNI ARPT,35.98,-85.8
201906,138817,841766,1,0.0,N,LEBANON,36.22,-86.3
201906,138817,841767,1,0.0,N,CLARKSVILLE,36.53,-87.35
201905,137343,824401,1,0.1,SSW,RIDGELY,36.2687,-89.4808
201905,137343,824401,2,0.46,ENE,RIDGELY,36.2729,-89.4726
201905,137343,824409,1,0.6,ESE,BLUE BANK,36.3459,-89.4205
201905,137343,824409,2,2.98,E,TIPTONVILLE GOOCH FL,36.3684,-89.3765
201912,143720,862673,1,0.89,NE,CHARLESTON,35.29,-84.76
201912,143720,862674,1,1.12,W,HICKS CROSSING,35.9,-83.75
201912,143720,862675,1,1.32,WSW,MILLER COVE,35.71,-83.82
201912,143720,862676,1,0.56,W,CHESTNUT GROVE,36.07,-83.43
201905,137353,824463,1,0.95,WSW,RALEIGH,35.197,-89.9464
201905,137353,824463,2,1.08,NE,RALEIGH,35.2099,-89.9151
201906,138817,841760,1,0.0,N,CARTHAGE,36.25,-85.93
201906,138817,841787,1,0.06,NW,INGLEWOOD,36.2205,-86.7308
201906,138817,841788,1,0.88,SE,MAPLEWOOD,36.2207,-86.7092
201906,138817,841772,1,0.0,N,WAVERLY,36.08,-87.8
201906,138817,834943,1,0.85,NNE,COLESBURG,36.0818,-87.3457
201906,138817,834945,1,0.0,N,LOBELVILLE,35.78,-87.75
201905,137350,824426,1,0.85,ENE,MUNFORD,35.4557,-89.8166
201905,137350,824426,2,0.8,SW,CROSSTOWN,35.4408,-89.8088
201905,137350,824427,1,0.57,E,CROSSTOWN,35.449,-89.7899
201905,137350,824427,2,0.78,NNE,ATOKA,35.44,-89.7734
201906,138817,841764,1,0.25,SSE,NASHVILLE,36.1666,-86.7782
201906,138817,841765,1,0.0,N,PULASKI,35.2,-87.02
201906,138817,841768,1,0.0,N,LEWISBURG,35.45,-86.8
201906,138817,841769,1,0.0,N,SPRINGFIELD,36.5,-86.88
201906,138817,841785,1,2.12,WNW,J PERCY PRIEST RES N,36.1286,-86.6365
201906,138817,841785,2,1.69,WNW,J PERCY PRIEST RES N,36.1269,-86.6291
201906,138817,841773,1,0.0,N,DICKSON,36.08,-87.38
201906,138817,834955,1,0.74,NNE,STONE RIVER,36.1893,-86.5932
201906,138817,841786,1,2.38,NNW,WOODBINE,36.1515,-86.7376
201908,142273,854177,1,2.35,NNW,WOODBINE,36.1533,-86.7283
201908,142273,854178,1,1.67,WSW,NASHVILLE CORNELIA F,36.1672,-86.7253
201908,142273,854179,1,2.21,W,NASHVILLE CORNELIA F,36.1781,-86.7396
201908,142273,854180,1,1.84,NNE,NASHVILLE,36.1937,-86.7647
201908,142273,854184,1,2.93,NE,KENWOOD,36.6114,-87.3646
201908,142273,854185,1,1.4,N,POLLARD,36.2999,-87.6756
201908,142273,854186,1,3.42,E,CLARKSVILLE ARPT,36.6277,-87.3591
201906,138817,841789,1,0.3,E,ALLARDT,36.3803,-84.8747
201906,139033,836249,1,2.63,WSW,CEDAR GROVE,36.3324,-86.4919
201906,138817,841601,1,2.21,NNE,NASHVILLE CORNELIA F,36.2088,-86.6828
201906,138817,841601,2,1.12,WNW,DONELSON,36.1747,-86.6692
201906,138817,841602,1,1.74,NE,JEFFERSON SPGS,36.0177,-86.4279
201906,138817,841602,2,1.8,E,WALTERHILL,35.9474,-86.368
201906,138817,835009,1,0.0,N,JAMESTOWN,36.43,-84.92
201908,142273,854187,2,3.73,E,CLARKSVILLE ARPT,36.6296,-87.3538
201908,142273,854187,3,3.52,E,CLARKSVILLE ARPT,36.6287,-87.3575
201908,142273,854187,4,3.1,E,CLARKSVILLE ARPT,36.6265,-87.3646
201908,142273,854187,5,3.15,E,CLARKSVILLE ARPT,36.6255,-87.3637
201908,142273,854187,6,3.93,E,CLARKSVILLE ARPT,36.629,-87.3501
201908,142273,854187,1,3.94,W,KENNEDY,36.63,-87.35
201908,142273,854189,1,1.9,W,LOBELVILLE,35.7813,-87.7838
201908,142273,854190,1,0.43,W,OAK HILL,36.2696,-85.3377
201908,142239,853989,1,1.0,SSW,RICHLAND,36.1361,-86.885
201908,142239,853990,1,0.82,NE,WEST MEADE,36.1295,-86.9112
201908,142239,853991,1,1.25,SW,BERRY HILL,36.1053,-86.7832
201908,142239,853992,1,0.0,N,WEST MEADE,36.12,-86.92
201905,137343,824393,1,1.59,NNW,CAT CORNER,36.2421,-89.4278
201905,137343,824393,2,1.75,N,CAT CORNER,36.2448,-89.4261
201905,137343,824404,1,0.73,SW,ANTIOCH,36.3434,-89.3302
201905,137343,824404,2,0.59,SW,ANTIOCH,36.3447,-89.3282
201906,138817,835015,1,0.0,N,TRACY CITY,35.27,-85.75
201906,138817,835017,1,0.0,N,LIVINGSTON,36.38,-85.32
201905,137350,824435,1,0.44,NE,SHELBY CENTER,35.1851,-89.8452
201905,137350,824435,2,0.82,ESE,SHELBY CENTER,35.1769,-89.836
201908,142239,853994,1,1.77,WNW,OGLESBY,36.0599,-86.7591
201908,142239,853995,1,1.77,WNW,OGLESBY,36.06,-86.7591
201908,142239,853996,1,1.27,W,OGLESBY,36.047,-86.7525
201908,142239,853997,1,0.37,NW,MARTHA,36.2336,-86.4349
201908,142239,853999,1,0.57,N,LEBANON ARPT,36.1882,-86.3197
201908,142239,854000,1,2.18,WNW,OAKLAND,36.2819,-86.3863
201908,142239,854001,1,2.06,SSW,HUNTERS PT,36.2716,-86.2811
201908,142239,854003,1,0.27,SE,SANDHILL,36.0276,-86.5461
201908,142239,854004,1,0.0,N,SMYRNA,35.98,-86.53
201908,142239,854005,1,0.0,N,LA VERGNE,36.02,-86.58
201908,142239,854006,1,1.71,ESE,VESTA,36.0628,-86.3907
201908,142239,854007,1,1.2,ENE,LEANNA,35.9382,-86.4312
201908,142239,854008,1,0.94,N,SANDHILL,36.0435,-86.5489
201908,142239,854010,1,0.98,ENE,SANDHILL,36.0369,-86.5346
201912,143720,862672,1,0.56,E,FOREST GROVE,35.58,-84.79
201908,142239,854015,1,1.38,NE,BELLE MEADE,36.1159,-86.8549
201908,142239,854016,1,1.66,NE,BELLE MEADE,36.116,-86.8478
201908,142239,854011,1,1.67,WNW,ROCK SPGS,35.9617,-86.5761
201908,142239,854012,1,0.9,E,ROCKY FORK,35.9317,-86.5641
201908,142239,854017,1,0.0,N,GRANT,36.18,-86.08
201908,142239,854018,1,0.0,N,COLLEGE GROVE,35.78,-86.68
201908,142239,854019,1,3.54,ENE,KITTRELL,35.8343,-86.1893
201908,142239,854021,1,0.87,NE,SUMMERTOWN,35.4396,-87.2901
201908,142239,854022,1,1.93,ENE,LIBERTY HILL,35.3376,-87.167
201908,142239,854020,1,0.0,N,ARRINGTON,35.87,-86.72
201908,142239,854023,1,2.46,E,FALL CREEK,35.5713,-86.5063
201908,142239,854024,1,0.0,N,BOMAR ARPT,35.57,-86.45
201908,142239,854025,1,0.0,NW,CAMPBELLSVILLE,35.33,-87.13
201908,142239,854026,1,1.08,NW,FAIRVIEW,35.439,-86.2458
201912,143720,862677,1,0.56,W,BLOUNT BEACH,35.78,-83.88
201912,143720,862678,1,0.0,N,WEST KNOXVILLE,35.97,-83.95
201908,142239,854031,1,1.04,SE,LINDEN,35.6076,-87.8394
201908,142239,854035,1,1.31,NW,SOUTH HIGHLAND,35.2454,-87.7636
201908,142239,854028,1,1.24,ENE,WHITAKER,35.4591,-86.6109
201908,142239,854029,1,4.97,SSW,GORDONSBURG,35.5017,-87.4577
201908,142239,854047,1,1.57,E,RICHLAND,36.154,-86.8523
201908,142239,854047,2,2.33,NNW,OAK HILL,36.1287,-86.8419
201908,142239,854047,3,1.16,NNE,OAK HILL,36.1149,-86.8104
201908,142239,854047,4,0.57,S,BERRY HILL,36.1118,-86.7706
201908,142239,854047,5,0.42,WNW,WOODBINE,36.1227,-86.7267
201908,142239,854047,6,1.22,N,WOODBINE,36.1374,-86.7233
201908,142239,854047,7,1.19,SSW,NASHVILLE,36.1554,-86.7912
201908,142239,854069,1,2.6,SW,GAITHERVILLE,35.2245,-87.4037
201908,142239,854069,2,2.46,SW,GAITHERVILLE,35.2237,-87.3994
201908,142239,854069,3,2.51,SW,GAITHERVILLE,35.2228,-87.3995
201908,142239,854069,4,2.61,E,SPRING CREEK,35.2231,-87.4039
201912,143545,861327,1,0.69,N,JASPER,35.09,-85.63
201909,141863,851607,1,1.83,NNW,ROWE GAP,35.1246,-86.1323
201909,141863,851610,1,1.38,S,LOIS,35.21,-86.37
201909,141863,851611,1,0.89,SW,LYNCHBURG,35.27,-86.39
201909,141863,851608,1,0.89,SW,HURDLOW,35.17,-86.34
201909,141863,851609,1,1.32,WSW,PLEASANT HILL,35.29,-86.34
201909,141863,851612,1,0.69,N,LYNCHBURG,35.29,-86.38
201909,141863,851613,1,3.38,W,COUNTY LINE,35.32,-86.43
201909,141863,851616,1,0.69,N,CUMBERLAND SPGS,35.34,-86.3
201909,141863,851617,1,2.18,NW,RAYSVILLE,35.35,-86.35
201909,141863,851618,1,2.15,NNE,COUNTY LINE,35.35,-86.36
201909,141863,851614,1,0.56,E,COUNTY LINE,35.32,-86.36
201909,141863,851615,1,0.69,N,LYNCHBURG,35.29,-86.38
201910,143594,861687,1,0.0,N,PINSON,35.48,-88.73
201912,144956,870447,1,1.81,NNE,CAMDEN,36.0748,-88.0896
201912,144956,870447,2,0.82,E,CAMDEN,36.0519,-88.0856
201912,144956,870447,3,1.16,S,CAMDEN,36.0334,-88.0971
201912,144956,870447,4,0.78,NNW,SAWYERS MILL,36.0408,-88.124
201912,144956,870447,5,1.52,NW,CAMDEN,36.0633,-88.1217
201910,143594,861692,1,1.17,E,PINSON,35.4828,-88.7094
201910,143605,862107,1,1.4,S,CORDOVA,35.1299,-89.7826
201912,144980,870600,1,0.95,SSE,CROMWELL XRDS,35.1167,-87.8259
201910,143605,862094,1,0.51,NE,FELTS,35.2351,-90.0135
201910,143605,862094,2,0.72,SSE,BOLTON,35.31,-89.7763
201910,143605,862097,1,2.42,W,GERMANTOWN,35.0855,-89.8623
201910,143605,862097,2,1.83,N,FOREST HILL,35.0965,-89.7697
201910,143605,862098,1,0.29,WNW,HENNING,35.6723,-89.5844
201910,143605,862098,2,0.82,ENE,HENNING,35.6755,-89.567
201910,143605,862099,1,0.49,SSW,GALLAWAY,35.324,-89.6245
201912,144980,870599,1,2.01,SE,CROMWELL XRDS,35.1086,-87.806
201910,143605,862100,1,0.82,SW,WILLISTON,35.1606,-89.3888
201910,143605,862100,2,1.63,WSW,WILLISTON,35.1584,-89.4052
201910,143605,862106,1,1.16,NW,PLEASANT HILL,35.6811,-89.6854
201910,143605,862106,2,0.48,NNE,OPOSSUM,35.7268,-89.5679
201910,143605,868549,1,5.45,SSW,FULTON,35.5449,-89.9099
201910,143605,868549,2,4.71,S,FULTON,35.5527,-89.8935
201910,143605,862105,1,1.33,W,JAMESTOWN,35.5527,-89.8935
201910,143605,862105,2,1.35,NNE,JAMESTOWN,35.569,-89.8642
201912,144980,870604,1,2.23,SSE,NEW HAVEN,35.269,-87.519
201912,144980,870604,2,1.54,ESE,DEERFIELD,35.288,-87.457
201912,144980,870607,1,0.06,NW,LAWRENCEBURG,35.2507,-87.3306
201912,144980,870609,1,1.18,ESE,ETHRIDGE,35.3153,-87.3
201912,144980,870616,1,0.0,N,LEWISBURG,35.45,-86.8
201912,144980,870614,1,1.44,WSW,YELL,35.361,-86.823
201912,144980,870614,2,0.74,W,LUNA,35.371,-86.763
201912,144980,870615,1,1.34,SSE,CORNERSVILLE,35.3517,-86.842
201912,144980,870629,1,1.13,NNW,PORTLAND,36.5938,-86.5309
201912,144980,870629,2,1.32,NE,PORTLAND,36.5935,-86.5032
201912,144980,870629,3,1.09,N,FOUNTAIN HEAD,36.5658,-86.4996
201912,144980,870629,4,0.98,SSW,PORTLAND,36.5672,-86.5278
201912,144980,870638,1,0.59,WNW,WESTMORELAND,36.5721,-86.2603
201912,144980,870638,2,0.83,E,WESTMORELAND,36.5701,-86.235
201912,144980,870638,3,1.7,SSE,WESTMORELAND,36.5491,-86.234
201912,144980,870638,4,1.18,SSW,WESTMORELAND,36.554,-86.2576
201912,144980,870612,1,0.73,SSW,BUFORDS,35.3212,-87.037
201912,144980,870612,2,1.7,ESE,BUFORDS,35.3252,-87.0005
201906,136989,822070,1,1.29,W,CORDER XRD,35.0833,-86.5024
201912,144980,870632,1,0.93,SW,WHITE BLUFF,36.1094,-87.2302
201912,144980,870632,2,1.0,SW,WHITE BLUFF,36.1082,-87.2304
201912,144980,870632,4,0.9,SW,WHITE BLUFF,36.1094,-87.2293
201912,144980,870632,3,0.97,SSW,WHITE BLUFF,36.1083,-87.2294
201912,144980,870640,1,2.36,SSE,GREEN VLY,36.5905,-86.0285
201912,144980,870640,2,2.34,SE,GREEN VLY,36.5954,-86.021
201912,144980,870640,3,2.58,SE,GREEN VLY,36.5932,-86.0176
201912,144980,870640,4,2.74,WSW,WHITEOAK,36.5865,-86.0164
201912,144980,870640,5,2.73,SSE,GREEN VLY,36.5853,-86.0264
201912,144980,870651,1,0.4,W,WOODS VLY,36.3008,-87.4071
201912,144980,870651,2,1.17,WNW,HAMBLE,36.3037,-87.3005
201912,144980,870651,3,1.33,NW,DULL,36.2348,-87.2953
201912,144980,870651,4,2.54,E,VANLEER,36.2367,-87.4051
201910,143605,862103,2,1.55,N,RICHARDSONS,35.5224,-89.9525
201910,143605,862103,1,1.69,WNW,RICHARDSONS,35.5095,-89.9776
201910,143703,862623,1,3.0,S,EASTVIEW,35.0366,-88.55
201910,143703,862623,2,4.18,W,MT ZION,35.3591,-88.4929
201910,143605,862096,1,0.4,SSW,(MEM)MEMPHIS INTL AR,35.0452,-89.9839
201910,143605,862096,2,2.42,W,GERMANTOWN,35.0855,-89.8623
201910,143703,862628,1,0.0,N,LIBERTY,35.45,-88.22
201910,143703,862628,2,2.31,WSW,BOWMANS,35.8106,-88.0895
201912,145136,871538,1,1.82,W,KLEBURNE,35.7524,-87.0123
201912,145136,871538,2,3.11,E,SPRING HILL,35.7515,-86.8746
201912,145136,871538,3,0.63,E,POTTSVILLE,35.6287,-86.8189
201912,145136,871538,4,0.9,SE,BRYANT STATION,35.5107,-86.8888
201912,145136,871538,5,0.95,WSW,FOUNTAIN HGTS,35.5448,-86.9856
201912,145136,871539,1,2.77,E,SUMMERTOWN,35.4302,-87.2508
201912,145136,871539,2,1.95,SE,FIVE PTS,35.0283,-87.2981
201912,145136,871539,3,1.27,SSW,ST JOSEPH,35.0323,-87.5061
201912,145136,871539,4,1.92,SW,HENRYVILLE,35.3813,-87.4251
201912,145136,871539,5,1.09,WNW,SUMMERTOWN,35.4374,-87.3172
201912,145136,871540,1,0.78,WNW,TUSCULUM,36.0728,-86.7336
201912,145136,871540,2,0.74,WNW,TUSCULUM,36.0724,-86.733
201912,145136,871540,3,0.75,W,TUSCULUM,36.072,-86.7332
201912,145136,871540,4,0.8,WNW,TUSCULUM,36.0725,-86.7341
201912,145136,871541,1,1.41,NNW,MALLORYS,35.967,-86.814
201912,145136,871541,2,1.38,NNW,MALLORYS,35.9669,-86.8133
201912,145136,871541,3,1.28,NW,MALLORYS,35.9646,-86.8142
201912,145136,871541,4,1.3,NW,MALLORYS,35.9647,-86.8146
201910,143703,862631,1,0.0,N,HOLLADAY,35.87,-88.15
201910,143703,862631,2,0.0,N,FAXON,36.27,-88.0
201912,145136,871542,1,0.61,NNE,NOLENSVILLE,35.9582,-86.676
201912,145136,871542,2,0.68,NNE,NOLENSVILLE,35.9583,-86.6735
201912,145136,871542,3,0.94,N,NOLENSVILLE,35.9635,-86.678
201912,145136,871542,4,1.48,N,NOLENSVILLE,35.9715,-86.6798
201912,145136,871542,5,1.5,N,NOLENSVILLE,35.9717,-86.6819
201912,145136,871542,6,0.94,N,NOLENSVILLE,35.9637,-86.68
201910,143703,862633,1,0.0,N,SARDIS,35.45,-88.3
201910,143703,862633,2,0.0,N,NEW SAFFORD,35.73,-88.22
201912,144980,870613,1,0.0,N,PULASKI,35.2,-87.02
201912,145136,871543,1,0.88,S,WRENCOE,36.0073,-86.6987
201912,145136,871543,2,0.94,S,WRENCOE,36.0065,-86.7021
201912,145136,871543,3,0.8,SSW,WRENCOE,36.0088,-86.7036
201912,145136,871543,4,0.69,S,WRENCOE,36.0101,-86.7002
201912,145136,871544,1,1.52,SSW,JAMESTOWN,36.4098,-84.931
201912,145136,871544,2,1.49,SSW,JAMESTOWN,36.4098,-84.9297
201912,145136,871544,3,1.71,SSW,JAMESTOWN,36.4065,-84.9298
201912,145136,871544,4,1.72,SSW,JAMESTOWN,36.4066,-84.9303
201912,145136,871545,1,1.11,NE,LAFAYETTE,36.5314,-86.016
201912,145136,871545,2,0.99,SE,LAFAYETTE,36.5088,-86.019
201912,145136,871545,3,0.24,SSE,EULIA,36.517,-86.1679
201912,145136,871545,4,1.29,NNE,EULIA,36.5382,-86.1654
201912,145136,871546,1,1.46,N,ALMAVILLE,35.8911,-86.6021
201912,145136,871546,2,1.49,N,ALMAVILLE,35.8913,-86.604
201912,145136,871546,3,1.41,N,ALMAVILLE,35.8902,-86.604
201912,145136,871546,4,1.38,N,ALMAVILLE,35.8899,-86.6023
201910,143605,862101,1,0.65,WNW,HALLS,35.8748,-89.41
201910,143605,862101,2,1.09,NE,HALLS,35.8815,-89.3868
201912,145136,871547,1,0.6,WNW,LAGUARDO,36.3022,-86.4604
201912,145136,871547,2,2.07,NNE,TAYLORSVILLE,36.2951,-86.1795
201912,145136,871547,3,0.86,N,CHERRY VLY,36.1123,-86.1676
201912,145136,871547,4,2.24,W,GLADEVILLE,36.1145,-86.4596
201912,145136,873433,1,0.65,SSE,GALLATIN,36.3909,-86.4473
201912,145136,873433,2,0.63,SSE,GALLATIN,36.3911,-86.4475
201912,145136,873433,3,0.55,SSE,GALLATIN,36.3933,-86.4448
201912,145136,873433,4,0.59,SE,GALLATIN,36.3952,-86.4413
201912,145136,873433,5,0.65,ESE,GALLATIN,36.396,-86.4395
201912,145136,873433,6,0.65,ESE,GALLATIN,36.3975,-86.4388
201912,145136,873433,7,0.71,ESE,GALLATIN,36.3955,-86.4385
201912,145136,873433,8,0.58,SE,GALLATIN,36.3933,-86.4437
201910,143703,862635,1,4.0,W,CAMDEN,36.05,-88.1716
201910,143703,862616,1,1.46,N,DAMON,35.0408,-88.334
201910,143703,862616,2,0.0,N,SALTILLO,35.38,-88.22
201909,142878,857324,1,0.52,N,FREEWILL,36.3074,-85.5812
201909,142878,857323,1,1.32,SSW,DEFEATED,36.3024,-85.9093
201909,142878,857325,1,5.83,N,MALLORYS,36.0332,-86.7833
201909,142878,857326,1,1.33,N,BRENTWOOD,36.049,-86.7767
201909,142878,857328,1,0.79,SSE,OLD HICKORY,36.249,-86.646
201909,142878,857327,1,0.42,SSE,OLD HICKORY,36.2542,-86.6477
201909,142878,857329,1,1.0,N,HENDERSONVILLE,36.2945,-86.62
201909,142878,857330,1,2.04,NW,OGLESBY,36.0675,-86.7594
201909,142878,857331,1,2.72,NE,SUGGS CREEK,36.144,-86.4613
201909,142878,857332,1,1.25,ESE,CENTER HILL,35.7929,-85.9595
201909,142878,857333,1,0.0,N,GALLATIN MUNI ARPT,36.38,-86.42
201909,142879,857334,1,1.04,NE,FAIRVIEW,35.4418,-86.2185
201909,143020,858066,1,0.0,N,SPRING CITY,35.7,-84.87
202005,148866,898770,1,2.76,SW,GLEASON,36.1931,-88.6566
202003,146901,883034,1,0.89,SSE,CANEY FORK,36.1075,-85.4461
202003,146901,883034,2,0.82,NW,GOFFTON,36.1068,-85.442
202003,146904,883217,1,0.0,N,CENTERTOWN,35.72,-85.92
202003,146904,883218,1,2.95,NNE,IVY BLUFF,35.7084,-86.0269
202003,146904,883356,1,1.87,W,MT PISGAH,35.8546,-85.6328
202003,146904,883356,2,2.21,ENE,DE ROSSETT,35.9579,-85.2617
202003,146904,883227,1,0.0,N,DIBRELL,35.82,-85.78
202003,146904,883378,1,0.0,N,CROSSVILLE,35.95,-85.03
202003,146904,883379,1,2.0,S,ALLARDT,36.3511,-84.88
202003,146901,882961,1,0.0,N,CHARLOTTE,36.18,-87.33
202003,146904,883228,1,0.0,N,BRATCHERS XRDS,35.77,-85.92
202003,146904,883229,1,0.0,N,BONE CAVE,35.77,-85.58
202003,146904,883231,1,0.0,N,ROCK IS,35.78,-85.62
202003,146904,883360,1,0.87,WSW,ROCKHOUSE,35.9146,-85.434
202003,146904,883360,2,1.02,WSW,DE ROSSETT,35.9446,-85.317
202003,146902,883166,1,1.57,SSW,HARDY,36.2986,-85.4397
202003,146902,883203,1,2.04,SW,CENTERVILLE,36.2573,-86.2432
202003,146902,883203,2,1.58,SSW,TAYLORSVILLE,36.2509,-86.2156
202003,146902,883204,1,1.99,SW,CENTERVILLE,36.2563,-86.2403
202003,146901,882962,1,0.0,N,VANLEER,36.23,-87.45
202003,146904,883219,1,2.59,W,HALF ACRE,35.8668,-85.9761
202003,146904,883220,1,1.1,ESE,CENTER HILL,35.7936,-85.962
202003,146904,883221,1,0.56,N,CENTER HILL,35.808,-85.9789
202003,146901,883011,1,3.69,ENE,THE HERMITAGE,36.2473,-86.5631
202003,146904,883222,1,2.43,NNW,CENTER HILL,35.8316,-85.9993
202003,146904,883358,1,2.18,SW,GOULDEN MTN,35.9808,-85.5009
202003,146904,883357,1,0.5,ENE,OLD ZION,35.9718,-85.5613
202003,146904,883390,1,0.56,NE,OLD ZION,35.9748,-85.5618
202003,146904,883390,2,2.89,SSW,O CONNER,35.9806,-85.517
202003,146904,883233,1,0.0,N,BONE CAVE,35.77,-85.58
202003,146903,883169,1,1.6,ESE,CLIFTON,35.3684,-87.9955
202003,146903,883169,2,5.07,NW,HOUSTON,35.2971,-87.999
202003,146903,883169,3,4.14,WSW,WAYNESBORO,35.2902,-87.8338
202003,146903,883169,4,1.1,S,MT HOPE,35.3541,-87.7494
202003,146903,883169,5,0.19,SSE,MT HOPE,35.3674,-87.7488
202003,146903,883177,1,1.07,ESE,PELHAM,35.3148,-85.8621
202003,146903,883177,2,0.59,ENE,MT VIEW,35.3044,-85.861
202003,146903,883177,3,1.26,W,MT VIEW,35.3033,-85.8919
202003,146903,883177,4,0.88,W,PELHAM,35.3203,-85.8956
202003,146903,883177,5,0.45,E,PELHAM,35.3194,-85.8721
202003,146904,883352,1,3.32,ESE,BEECHWOOD,35.6244,-86.25
202003,146904,883376,1,0.0,N,LOVEJOY,36.2,-85.17
202005,149182,899276,1,0.0,N,PARKER XRDS,35.8,-88.4
202003,146904,883223,1,3.36,SSE,HALF ACRE,35.8228,-85.916
202003,146904,883224,1,0.88,NE,SHINING ROCK,35.9083,-85.8182
202003,146904,883225,1,3.0,WNW,SMITHVILLE,35.9866,-85.8996
202003,146904,883377,1,0.12,NNE,(CSV)CROSSVILLE MEM,35.9517,-85.0794
202003,146901,883016,1,0.72,W,ENSOR,36.1715,-85.6628
202003,146901,883016,2,0.76,W,COOKEVILLE,36.1709,-85.5135
202003,146904,883375,1,2.4,WNW,BROWNTOWN,35.9579,-85.2617
202003,146904,883375,2,2.81,NNW,HEBBERTSBURG,36.0595,-84.792
202003,146904,883226,1,0.0,N,PEELED CHESTNUT,35.97,-85.68
202003,146901,882958,1,1.67,W,SYLVIA,36.18,-87.45
202003,146904,883185,1,0.5,ESE,CLARKSVILLE ARPT,36.6169,-87.4118
202003,146904,883184,1,5.06,ESE,FT HENRY,36.4484,-87.9379
202003,146904,883215,1,1.82,NNE,WOODBURY,35.8551,-86.0701
202003,146904,883216,1,2.24,NNW,IVY BLUFF,35.7015,-86.0595
202003,146904,883179,1,0.0,N,DOVER,36.48,-87.83
202003,146904,883186,1,0.0,N,SANGO,36.5,-87.23
202005,146412,894350,2,5.8,ENE,CHAMP,35.1981,-86.3032
202005,146412,894350,1,2.79,ENE,BLEDSOE,35.3431,-86.5332
202005,146412,894351,1,2.19,SE,MIMOSA,35.2,-86.5
202005,146412,894349,1,4.84,NW,TAYLORTOWN,35.25,-86.83
202005,146412,894349,2,3.48,SE,ELORA,34.9913,-86.3195
202005,146412,894352,1,1.78,NW,AWALT,35.27,-86.27
202005,146412,894352,2,2.11,ENE,ANDERSON,34.9885,-85.8642
202003,146901,883050,1,1.48,N,LANCASTER HILL,36.1513,-85.8828
202003,146901,883050,2,1.95,NNW,CANEY FORK,36.1572,-85.8093
202003,146904,883187,1,0.67,NW,ASHBURN,36.6266,-86.839
202003,146901,882957,1,1.05,WSW,MC EWEN,36.1162,-87.6482
202003,146901,882957,2,1.86,NNE,FEW CHAPEL,36.1231,-87.5629
202003,146850,882852,1,0.0,N,FAIRVIEW,35.77,-88.85
202003,146850,882858,1,6.0,WSW,HENDERSON,35.3968,-88.7684
202003,146850,882859,1,0.0,N,CEDAR GROVE,35.82,-88.6
202001,143977,864269,1,0.89,NW,TAZEWELL,36.46,-83.58
202001,143977,864270,1,2.88,WSW,UNION,36.06,-84.53
202004,147741,889141,1,9.0,E,PURYEAR,36.45,-88.1681
202003,146850,883015,1,0.71,SSW,JUNO,35.6913,-88.5369
202003,146850,883015,2,0.78,NE,CHESTERFIELD,35.6367,-88.2687
202004,147741,889074,1,0.0,N,JACKS CREEK,35.47,-88.53
202004,147741,889075,1,4.26,S,JACKS CREEK,35.4087,-88.5224
202001,145476,873522,1,0.0,N,COBLE,35.78,-87.63
202001,145476,873527,1,0.95,NNE,OAK GROVE,36.0128,-87.474
202001,145476,873529,1,1.42,SW,DICKSON,36.0679,-87.4005
202001,145476,873606,1,0.0,N,DICKSON,36.08,-87.38
202001,145476,873607,1,0.0,N,CEDAR HILL,36.55,-87.0
202001,145476,873609,1,0.0,N,SPRINGFIELD,36.5,-86.88
202001,145476,873623,1,2.04,ESE,BAIRDS MILLS,36.0942,-86.2942
202001,145476,873624,1,1.8,NW,PROSPERITY,36.0,-86.0907
202001,145476,873625,1,0.84,ENE,CARTHAGE,36.2564,-85.9171
202001,145476,873634,1,1.3,SW,MAPLE GROVE,36.5367,-86.0967
202001,145476,873635,1,1.68,NW,TIMOTHY,36.4991,-85.4189
202001,145476,873638,1,1.72,NW,OAKLEY,36.5172,-85.3223
202003,146850,882992,1,0.0,N,PURYEAR,36.45,-88.33
202003,146850,883014,1,0.0,N,HOLLADAY,35.87,-88.15
202003,146520,880595,1,5.09,ENE,WILDERSVILLE,35.7991,-88.2824
202003,146520,880597,1,8.0,NNE,PARSONS,35.757,-88.0754
202003,146520,880596,1,4.0,N,PARSONS,35.7079,-88.13
202004,147845,890122,1,0.0,N,BURNT CHURCH,35.18,-88.13
202004,147845,890122,2,0.0,N,COUNCE,35.05,-88.28
202003,146850,882845,1,3.0,E,RIPLEY,35.73,-89.4965
202003,146850,882839,1,2.71,SSE,SHELBY CENTER,35.1434,-89.833
202003,146850,882839,2,2.95,ENE,FOREST HILL,35.0928,-89.7259
202003,146850,882848,1,1.8,SSE,HICKORY WITHE,35.2261,-89.5876
202003,146850,882848,2,2.58,E,LACONIA,35.2742,-89.2247
202001,145476,873501,1,3.23,SSW,DOVER,36.44,-87.86
202001,145476,873503,1,1.69,W,CAIGLETOWN,35.9013,-87.8802
202001,145476,873512,1,0.68,N,BETHEL,35.5897,-87.8521
202001,145476,873531,1,0.62,N,DICKSON,36.0888,-87.3818
202001,145476,873588,1,2.66,ENE,CEDAR HILL,36.5684,-86.9579
202001,145476,873596,1,1.12,WNW,DICKSON,36.0877,-87.3977
202001,145476,873612,1,0.0,N,DEERFIELD,35.3,-87.48
202001,145476,873615,1,1.98,SE,CENTER,35.3321,-87.4226
202001,145476,873616,1,1.82,SSW,HENRYVILLE,35.378,-87.4178
202001,145476,873513,1,0.8,SSE,LINDEN PERRY CO ARPT,35.5889,-87.8758
202001,145476,873516,1,0.9,SSE,LINDEN,35.6083,-87.8431
202001,145476,873516,2,1.13,SE,LINDEN,35.6099,-87.8343
202001,145476,873521,1,0.14,S,ERIN,36.318,-87.7005
202001,145476,873598,1,0.0,N,CHARLOTTE,36.18,-87.33
202001,145476,873600,1,0.0,N,WOODLAWN,36.55,-87.5
202001,145476,873602,1,1.84,NW,FROG POND,36.1504,-87.2513
202001,145476,873617,1,1.79,ESE,THETA,35.7691,-87.021
202001,145476,873618,1,0.0,N,LEIPERS FORK,35.9,-87.0
202001,145476,873626,1,2.02,WSW,OLD ANTIOCH,36.4139,-85.5656
202001,145476,873627,1,2.42,S,BAPTIST RIDGE,36.445,-85.519
202001,145476,873627,2,0.97,WSW,FAIRVIEW,36.5433,-85.3353
202001,145476,873629,1,2.56,N,HARDY,36.3571,-85.4309
202001,145476,873640,1,0.99,WSW,UPPER MOCKESON,35.0657,-87.3167
202001,145476,873640,2,0.78,WSW,UPPER MOCKESON,35.0648,-87.3122
202001,145476,873640,3,0.51,WSW,UPPER MOCKESON,35.0675,-87.3085
202001,145476,873640,4,0.62,W,UPPER MOCKESON,35.0701,-87.3109
202001,145476,873641,1,0.76,SW,RALLY HILL,35.6632,-86.8408
202001,145476,873641,2,0.67,SW,RALLY HILL,35.6632,-86.8384
202001,145476,873641,3,0.73,SW,RALLY HILL,35.6622,-86.8387
202001,145476,873641,4,0.82,SW,RALLY HILL,35.6621,-86.8409
202001,145490,873644,1,0.26,NE,ABERNATHY ARPT,35.1528,-87.047
202001,145476,873603,1,0.0,N,WAYNESBORO,35.32,-87.77
202001,145476,873604,1,1.11,S,PORTER,35.9639,-87.2791
202001,145476,873605,1,0.0,N,HOHENWALD,35.55,-87.57
202001,145476,873621,1,1.8,WSW,INGLEWOOD,36.2069,-86.7579
202001,145476,873622,1,0.0,N,POTTSVILLE,35.63,-86.83
202001,145476,873630,1,0.0,N,PALMER,35.35,-85.57
202001,145476,873631,1,0.0,N,OZONE,35.88,-84.82
202001,145476,873632,1,0.0,W,CROSSVILLE,35.95,-85.03
202003,146904,883188,1,1.35,N,WESTWOOD,35.6194,-87.0775
202003,146904,883189,1,0.0,N,COLUMBIA,35.62,-87.05
202003,146904,883190,1,0.0,N,LORETTO,35.08,-87.45
202003,146901,882955,1,3.93,N,DENVER,36.1064,-87.9387
202003,146901,882955,2,1.04,ENE,FOREST HILL,36.1074,-87.7838
202003,146520,880545,1,0.0,N,MC KENZIE,36.13,-88.52
202003,146520,880548,1,1.55,NW,WINGO,36.0667,-88.6184
202003,146520,880591,1,0.0,N,CAMDEN,36.05,-88.1
202004,147741,890016,1,2.0,WSW,COUNCE,35.0389,-88.3127
202001,143977,864159,1,1.33,ESE,GLOVER HILL,35.06,-85.63
202001,143977,864167,1,0.56,W,JACKSBORO,36.33,-84.19
202001,143977,864168,1,0.56,E,LA FOLLETTE,36.38,-84.12
202001,143977,864169,1,0.69,N,MARYVILLE,35.76,-83.97
202001,143977,864170,1,0.89,SW,MAYNARDVILLE,36.24,-83.81
202001,143977,864171,1,0.89,NE,TOWNSEND,35.68,-83.76
202001,143977,864172,1,0.89,NW,JEFFERSON CITY,36.13,-83.49
202001,143977,864173,1,0.89,NW,TAZEWELL,36.46,-83.58
202001,143977,864271,1,0.69,N,STAUNTON MILL,36.14,-82.85
202001,143977,864272,1,2.24,E,LINE SPG,35.7,-83.61
202004,147741,890020,1,1.53,NNW,DAMON,35.0416,-88.3358
202004,147741,890018,1,0.0,N,COUNCE,35.05,-88.28
202004,147741,890028,1,0.51,ESE,ARP,35.7671,-89.5917
202001,143977,864160,1,0.57,E,OOLTEWAH,35.08,-85.06
202001,143977,864161,1,0.69,N,PIKEVILLE,35.61,-85.2
202001,143977,864162,1,0.89,SE,ATHENS,35.44,-84.59
202001,143977,864163,1,0.0,N,KINGSTON,35.87,-84.52
202001,143977,864164,1,1.49,SSW,MC GHEE,35.6,-84.23
202001,143977,864165,1,0.89,SE,CHANCEYTOWN,35.04,-84.39
202001,143977,864166,1,0.57,W,TURTLETOWN,35.13,-84.36
202001,143977,864174,1,1.49,NNW,TAZEWELL,36.47,-83.58
202001,143977,864175,1,0.69,N,TAZEWELL,36.46,-83.57
202001,143977,864176,1,1.31,WSW,MORRISTOWN,36.21,-83.3
202001,143977,864177,1,0.69,N,RUSSELLVILLE,36.26,-83.2
202001,143977,864178,1,0.89,SW,CLICK,36.54,-82.68
202001,143977,864179,1,0.89,NW,BLOUNTVILLE,36.54,-82.34
202001,143977,864180,1,0.56,W,(TRI)TRI CITY ARPT B,36.48,-82.41
202001,145636,874587,1,1.38,W,NEW SOUTH MEMPHIS,35.1026,-90.1042
202003,146901,883035,1,0.0,N,RINNIE,36.15,-85.03
202004,147741,890008,1,0.0,N,MICHIE,35.05,-88.45
202001,145636,874663,1,1.18,NW,TROY,36.3604,-89.1868
202003,146904,883210,1,0.0,N,BEECH GROVE,35.63,-86.25
202003,146904,883212,1,1.43,SSW,BRADYVILLE,35.7097,-86.1754
202003,146904,883213,1,0.0,N,BEECH GROVE,35.63,-86.25
202001,145636,874567,1,0.0,N,TIPTONVILLE,36.38,-89.48
202001,145636,874673,1,0.7,NW,MEMPHIS,35.1379,-90.0277
202003,146903,883176,1,0.79,W,GRAVELTOWN,36.3516,-85.9641
202003,146903,883176,2,0.7,W,GRAVELTOWN,36.3511,-85.9625
202003,146903,883176,3,0.5,WNW,GRAVELTOWN,36.3528,-85.9583
202003,146903,883176,4,0.57,NW,GRAVELTOWN,36.3554,-85.9577
202003,146903,883176,5,0.68,NW,GRAVELTOWN,36.3557,-85.96
202004,147845,890191,1,1.9,SW,BERCLAIR,35.1319,-89.9454
202003,146904,883208,1,0.0,N,BELL BUCKLE,35.58,-86.37
202004,147741,889142,1,0.0,N,COTTAGE GROVE,36.38,-88.48
202003,146901,883012,1,2.11,WNW,DENNY SEMINARY,36.1603,-85.8056
202003,146901,883012,2,0.63,S,GENTRY,36.1711,-85.7479
202003,146903,883170,4,2.75,ESE,CAMPBELLSVILLE,35.3093,-87.0883
202003,146903,883170,1,2.47,SE,YOKLEY,35.3991,-87.0845
202003,146903,883170,2,2.64,E,BIVENS,35.4017,-86.9231
202003,146903,883170,3,1.67,S,BLUE CREEK,35.3061,-86.9344
202003,146903,883171,1,1.74,NNE,NORTH XRDS,35.3445,-87.343
202003,146903,883171,2,1.76,NNE,NORTH XRDS,35.3445,-87.3415
202003,146903,883171,3,1.54,NNE,NORTH XRDS,35.3414,-87.342
202003,146903,883171,4,1.53,NNE,NORTH XRDS,35.3414,-87.3431
202003,146903,883174,2,1.7,N,CENTERVILLE,36.3044,-86.2154
202003,146903,883174,3,1.18,N,CENTERVILLE,36.297,-86.2171
202003,146903,883174,4,1.18,N,CENTERVILLE,36.2971,-86.2202
202003,146903,883174,5,1.41,N,CENTERVILLE,36.3003,-86.2217
202003,146903,883174,1,1.68,N,CENTERVILLE,36.3044,-86.219
202001,145636,874581,1,0.0,N,FOWLKES,35.97,-89.42
202003,146904,883191,1,0.0,N,LEOMA,35.17,-87.35
202003,146904,883192,1,0.75,S,LEWISBURG,35.4392,-86.8016
202003,146904,883193,1,1.03,SSE,LEWISBURG,35.4357,-86.7948
202004,147741,889143,1,0.0,N,PARIS,36.3,-88.32
202003,146904,883194,1,2.3,E,FALL CREEK,35.5738,-86.5094
202003,146901,883048,1,0.9,SW,RINNIE,36.1399,-85.0401
202003,146901,883048,2,6.85,NNE,PEAVINE,36.1243,-84.8619
202003,146901,883009,1,1.31,NW,GRANT,36.192,-86.0981
202003,146901,883009,2,1.66,NNW,LANCASTER HILL,36.1525,-85.8904
202004,147845,890696,1,0.97,SSE,HURLEY,35.1382,-88.3606
202004,147845,890698,1,0.7,SW,FOREST HILL,35.0636,-89.7796
202003,146904,883205,1,1.13,SW,BOMAR ARPT,35.5596,-86.4656
202004,147741,890009,2,0.0,N,MICHIE,35.05,-88.45
202004,147741,890009,1,0.0,N,EASTVIEW,35.08,-88.55
202003,146904,883206,1,0.75,SW,SHELBYVILLE,35.4712,-86.4779
202003,146904,883207,1,0.69,SSE,BOMAR ARPT,35.5603,-86.4468
202003,146904,883209,1,2.25,ESE,BOMAR ARPT,35.5606,-86.4117
202004,147925,890797,1,0.66,E,BARTLETT,35.2,-89.8683
202001,145636,874711,1,0.45,SSW,BINGHAMTON,35.1438,-89.9823
202003,146901,882999,1,3.9,SSW,SCOTTSBORO,36.1717,-86.9562
202003,146901,882999,2,1.6,E,STONE RIVER,36.1767,-86.5717
202003,146901,883007,2,2.9,N,COMMERCE,36.192,-86.0981
202003,146901,883007,1,3.3,WSW,MT JULIET,36.1767,-86.5717
202003,145413,883246,1,2.18,SE,CAPITOL HILL,35.28,-86.04
202003,145413,883246,2,1.8,SW,GUM CREEK,35.2801,-86.0206
202003,145413,883246,3,1.89,NW,OAK GROVE,35.2714,-86.0209
202003,145413,883246,4,2.27,SE,CAPITOL HILL,35.2739,-86.0456
202003,145413,883247,1,0.56,E,CENTER GROVE,35.32,-86.22
202003,145413,883247,2,0.27,N,CENTER GROVE,35.3239,-86.2298
202003,145413,883247,3,0.61,S,CENTER GROVE,35.3111,-86.2298
202003,145413,883247,4,0.86,SE,CENTER GROVE,35.3108,-86.2197
202003,145413,883248,1,1.38,S,CENTER GROVE,35.3,-86.23
202003,145413,883248,2,1.47,SSE,CENTER GROVE,35.2995,-86.2232
202003,145413,883248,3,1.74,SSE,CENTER GROVE,35.2955,-86.2233
202003,145413,883248,4,1.63,S,CENTER GROVE,35.2965,-86.2314
202003,145413,883249,1,0.89,NW,ROWARK COVE,35.26,-85.94
202003,145413,883249,2,1.24,NW,ROWARK COVE,35.2643,-85.9433
202003,145413,883249,3,1.24,ESE,ALTO,35.2623,-85.9501
202003,145413,883249,4,1.01,WNW,ROWARK COVE,35.2563,-85.9461
202003,145040,870999,1,1.49,SSE,FRENCH MILL,36.0,-83.49
202003,145040,871000,1,3.97,E,CLINTON,36.11,-84.06
202003,145040,871001,1,2.63,WNW,SHADY GROVE,36.12,-84.71
202003,145040,871002,1,3.94,ENE,FRANKFORT,36.13,-84.74
202003,145040,871006,1,1.31,ENE,PEDIGO,36.11,-83.98
202003,145040,871007,1,2.67,SW,BRANCH HILL,35.94,-84.23
202003,145040,871008,1,2.88,WNW,BYRDS CHAPEL,35.93,-84.22
202003,145040,871306,1,1.25,ENE,LANCING,36.1264,-84.799
202003,145040,871306,2,3.96,WNW,SHADY GROVE,36.1264,-84.733
202003,145519,873808,1,0.89,NW,GLENMARY,36.33,-84.63
202003,145519,873809,1,2.82,NNE,DEAN,36.39,-84.34
202003,145413,880874,1,1.14,ESE,GREENHAW,35.221,-86.003
202003,145413,880866,1,1.19,S,ROWARK COVE,35.2329,-85.9276
202003,145413,880868,1,1.06,S,ROWARK COVE,35.2348,-85.9271
202003,145519,873810,1,1.32,WSW,CAGLE,35.46,-85.49
202003,145519,873811,1,1.78,NE,SUMMER CITY,35.6,-85.1
202003,145519,873812,1,0.89,NE,LUMINARY,35.71,-84.99
202003,145519,873813,1,0.89,SW,FIVE PTS,35.44,-85.03
202003,145519,873814,1,0.0,N,SPRING CITY,35.7,-84.87
202003,145519,873815,1,1.49,NNE,SPRING CITY,35.72,-84.86
202001,145636,874736,1,0.42,SSE,BRADEN,35.3745,-89.5768
202001,145636,874736,2,2.63,NE,BRADEN,35.4089,-89.5497
202001,145636,874943,1,2.29,WNW,CONCORD,35.9444,-88.4069
202001,145636,874943,2,1.43,NW,CONCORD,35.9435,-88.3895
202003,145413,880867,1,0.76,E,ROWARK COVE,35.2482,-85.9167
202003,145413,880861,1,1.01,SW,ROWARK COVE,35.2414,-85.9444
202003,145413,880864,1,1.99,SE,OAK GROVE,35.2314,-85.973
202003,145413,880711,1,1.49,SSW,GREENHAW,35.21,-86.03
202003,145413,880865,1,1.44,W,GREENHAW,35.2277,-86.0454
202003,145519,873816,1,0.89,SE,ST CLAIR,35.72,-84.81
202003,145519,873817,1,3.45,N,WATTS BAR LAKE SOUTH,35.73,-84.73
202003,145519,873818,1,0.89,SE,LAUREL BLUFF,35.79,-84.51
202003,145519,873819,1,0.0,N,POPLAR SPGS,35.87,-84.42
202003,145519,873820,1,2.36,NNE,FT LOUDOUN LAKE,35.8,-84.18
202003,145519,873821,1,1.31,ESE,COWARDS,35.94,-84.06
202001,145636,874737,1,3.0,W,MILLINGTON,35.35,-89.9532
202003,145413,880871,1,0.33,E,DECHERD,35.22,-86.0741
202003,145413,880702,1,1.83,ESE,OWL HOLLOW,35.19,-86.15
202003,145413,880873,1,1.47,S,ESTILL SPGS ARPT,35.2488,-86.1506
202003,145413,880703,1,1.38,S,ESTILL SPGS ARPT,35.25,-86.15
202003,145413,880863,1,1.68,WNW,WINCHESTER,35.1909,-86.1466
202003,145519,873822,1,0.56,E,BLUE GRASS,35.87,-84.06
202003,145519,873823,1,0.89,SW,FARRAGUT,35.87,-84.18
202003,145519,873824,1,0.56,E,ALNWICK,35.75,-84.04
202003,145519,873825,1,0.56,E,SOUTH KNOXVILLE,35.93,-83.91
202003,145519,873826,1,0.0,N,PLAINFIELD,35.78,-83.95
202003,145519,873827,1,0.69,S,LAKE FOREST,35.91,-83.87
202001,145636,874798,1,2.82,WNW,ROSE CREEK,35.2125,-88.7476
202001,145636,874798,2,1.03,SE,MILLEDGEVILLE,35.3583,-88.3687
202001,145636,874664,1,1.59,E,EBENEZER,36.3671,-89.1916
202001,145636,874664,2,1.32,WNW,MC ANNA,36.3885,-89.1712
202003,145413,880701,1,0.84,SE,GREENHAW,35.2211,-86.0098
202003,145413,880701,2,0.8,S,ROWARK COVE,35.2385,-85.9285
202003,145519,873828,1,2.23,W,ALPHA,36.18,-83.42
202003,145519,873829,1,0.89,NW,JEFFERSON CITY,36.13,-83.49
202003,145519,873830,1,0.69,N,MARYVILLE,35.76,-83.97
202003,145519,873831,1,1.12,E,BUNGALOW TOWN,35.77,-83.98
202003,145519,873832,1,0.56,W,RUTLEDGE,36.28,-83.51
202003,145519,873833,1,1.31,WNW,ALPHA,36.19,-83.4
202001,145636,874942,1,1.4,SW,SOUTH MIDWAY,36.2683,-88.4904
202001,145636,874942,2,1.67,E,ELKHORN,36.3294,-88.14
202003,146553,880695,1,0.0,N,BOONSHILL,35.22,-86.75
202003,146553,880696,1,2.9,ENE,CHESTNUT RIDGE,35.34,-86.5
202003,146553,880697,1,2.15,NNE,RAYSVILLE,35.36,-86.31
202003,146553,880698,1,4.97,NNE,CUMBERLAND SPGS,35.4,-86.28
202003,146553,880699,1,1.49,NNE,MARBLE HILL,35.22,-86.32
202003,146553,880700,1,0.69,S,BRUNER CROSSING,35.24,-86.12
202003,145413,880704,1,0.64,S,ESTILL SPGS,35.2608,-86.1291
202003,145413,880705,1,0.69,S,DECHERD,35.21,-86.08
202003,145413,880706,1,0.56,W,WINCHESTER MUNI ARPT,35.18,-86.08
202003,145413,880707,1,0.56,E,DECHERD,35.22,-86.07
202003,145413,880708,1,2.36,NNE,DECHERD,35.25,-86.06
202003,145519,873834,1,0.89,SW,MORRISTOWN,36.21,-83.29
202003,145519,873835,1,0.0,N,DANDRIDGE,36.02,-83.42
202003,145519,873836,1,1.49,SSW,NEEDMORE,36.28,-83.16
202003,145519,873837,1,1.49,NNE,AMIS,36.44,-82.94
202003,145519,873838,1,1.31,WNW,GREENEVILLE,36.18,-82.85
202003,145519,873839,1,0.89,SE,GRAVELLY HILL,36.09,-83.47
202001,145636,874944,1,0.0,N,HOLLOW ROCK,36.03,-88.28
202003,145413,880709,1,1.13,W,GREENHAW,35.23,-86.04
202003,145413,880710,1,2.36,NNW,GREENHAW,35.26,-86.04
202003,145413,880712,1,0.69,S,GREENHAW,35.22,-86.02
202003,145413,880713,1,1.32,ENE,ALTO,35.28,-85.95
202003,145413,880869,1,0.77,SW,GREENHAW,35.2229,-86.0305
202003,145519,873840,1,1.32,WSW,HATCHERTOWN,35.72,-83.65
202003,145519,873841,1,0.89,SW,PITNER,35.87,-83.76
202003,145519,873842,1,0.56,E,HOWARD HILL,36.55,-82.56
202003,145519,873843,1,0.56,W,SULPHUR SPGS,36.35,-82.54
202003,145519,873844,1,0.56,W,CEDAR GROVE,36.48,-82.19
202001,145636,874750,1,3.49,SE,WILLISTON,35.1294,-89.3431
202001,145636,874750,2,4.03,ESE,WILLISTON,35.1463,-89.3148
202003,145413,880875,1,0.56,W,WINCHESTER MUNI ARPT,35.18,-86.0799
202003,145413,883239,1,1.32,ENE,CENTER GROVE,35.33,-86.21
202003,145413,883239,2,1.86,ENE,CENTER GROVE,35.3302,-86.1995
202003,145413,883239,3,1.72,E,CENTER GROVE,35.3235,-86.1998
202003,145413,883239,4,0.94,ENE,CENTER GROVE,35.3245,-86.2142
202003,145413,883240,1,0.56,E,WILDER CHAPEL,35.3,-85.96
202003,145413,883240,2,0.83,ESE,WILDER CHAPEL,35.295,-85.9565
202003,145413,883240,3,0.55,SE,WILDER CHAPEL,35.295,-85.9623
202003,145413,883240,4,0.39,E,WILDER CHAPEL,35.3,-85.9631
202003,145413,883241,1,0.89,NW,OAK GROVE,35.26,-86.01
202003,145413,883241,2,0.29,NNE,OAK GROVE,35.2541,-85.9986
202003,145413,883241,3,0.74,W,OAK GROVE,35.2503,-86.0132
202003,145413,883241,4,1.07,WNW,OAK GROVE,35.2569,-86.017
202003,145413,883243,1,1.32,ENE,ESTILL SPGS,35.28,-86.11
202003,145413,883243,2,1.71,ENE,ESTILL SPGS,35.2771,-86.1009
202003,145413,883243,3,1.32,E,ESTILL SPGS,35.2717,-86.1067
202003,145413,883243,4,1.06,NE,ESTILL SPGS,35.2789,-86.1148
202001,145636,874753,1,0.0,N,GREENFIELD,36.15,-88.8
202001,145636,874759,1,0.0,N,GLEASON,36.22,-88.62
202001,145636,874656,1,0.27,E,BINGHAMTON,35.15,-89.9753
202001,145636,874656,2,0.36,E,BINGHAMTON,35.1505,-89.9736
202003,145040,878502,1,2.0,SSW,WHITE PINE,36.0933,-83.2937
202003,145040,878502,2,1.0,SW,WHITE PINE,36.1098,-83.2927
202003,145040,878502,3,0.0,SE,WHITE PINE,36.12,-83.28
202003,145040,878502,4,1.0,SE,WHITE PINE,36.1098,-83.2673
202001,145636,874965,1,0.0,N,PARSONS,35.65,-88.13
202001,145636,874754,2,1.76,ESE,HILLSIDE,36.2573,-88.8027
202001,145636,874754,1,1.69,ESE,HILLSIDE,36.2574,-88.8041
202001,145636,874945,1,0.0,N,BRUCETON,36.03,-88.25
202005,147645,888471,1,3.42,WSW,ALPHA,36.17,-83.44
202005,147645,888472,1,1.31,ESE,CHEROKEE,36.19,-83.48
202002,146278,878858,1,0.42,ESE,PEA RIDGE,35.2171,-87.4635
202002,146278,878874,1,1.56,E,BARNES STORE,35.6669,-86.1525
202002,146278,879109,3,2.77,E,SPRING HILL,35.7485,-86.8807
202002,146278,879109,4,1.28,W,WATER VLY,35.772,-87.2027
202002,146278,879109,1,3.95,W,MT JOY,35.5225,-87.3396
202002,146278,879109,2,0.86,SE,CULLEOKA,35.4719,-86.9684
202002,146311,879133,1,1.29,NW,FRANKEWING,35.2148,-86.8839
202002,146311,879132,1,2.24,NE,FIVE PTS,35.2004,-86.9192
202002,146311,879132,2,1.19,WNW,FRANKEWING,35.2073,-86.889
202002,146311,879129,1,0.3,NW,PEPPERTOWN,35.0026,-87.4043
202002,146311,879129,2,1.89,NNE,PEACH,35.0768,-87.2231
202002,146311,879139,1,0.86,WSW,CROSS BRIDGES,35.6174,-87.235
202002,146311,879142,1,2.59,S,MARVIN CHAPEL,35.433,-85.8634
202002,146278,878857,1,2.46,SW,GAITHERVILLE,35.223,-87.3984
202002,146278,878857,2,2.83,NE,LAWRENCEBURG ARPT,35.2624,-87.2192
202005,146484,880218,1,1.69,W,DUNLAP,35.38,-85.41
202005,146812,882524,1,0.89,SE,DALLAS HILLS,35.21,-85.14
202005,147648,888476,1,0.56,W,SURGOINSVILLE,36.47,-82.86
202005,146484,880220,1,2.9,WSW,GRIFFITH CREEK,35.27,-85.6
202005,146484,880221,1,1.38,N,CHATANOOGA MUNI ARPT,35.2,-85.18
202005,146484,880222,1,2.18,NW,CUMBERLAND SPG,35.54,-85.06
202005,146484,880223,1,1.32,WNW,CHATANOOGA MUNI ARPT,35.19,-85.2
202005,146484,880224,1,0.89,SE,SPRING CITY,35.69,-84.86
202005,146484,880226,1,0.89,NE,BELL FOUNT,35.26,-84.79
202005,146484,880227,1,1.12,E,DEER LODGE,36.2,-84.73
202005,146484,880228,1,2.35,WNW,PENNINE,35.64,-84.94
202003,146520,880547,1,0.68,S,DAVIDSON CHAPEL,36.0101,-88.8502
202006,148058,891528,1,0.56,E,FRIENDS STATION,36.1,-83.57
202006,148058,891529,1,1.78,NE,EUREKA,35.29,-84.85
202006,148058,891530,1,0.56,E,WHITES MILL,35.37,-84.69
202006,148058,891531,1,0.56,W,NEW LINE,36.2,-83.34
202006,148058,891532,1,1.31,ENE,RUSSELLVILLE,36.26,-83.18
202004,147669,888578,1,1.65,NE,CLIFTON HASSELL ARPT,35.3977,-87.9502
202004,147669,888579,1,0.0,N,WAYNESBORO,35.32,-87.77
202004,147669,888581,1,0.0,N,WAYNESBORO,35.32,-87.77
202004,147669,888583,1,2.52,ENE,LODI,35.243,-87.5283
202004,147669,888585,1,0.0,N,MT JULIET,36.2,-86.52
202004,147669,888586,1,0.69,NNW,CREWSTOWN,35.1886,-87.4564
202004,147669,888588,1,8.0,S,LEOMA,35.0542,-87.35
202004,147669,888591,1,2.95,WSW,FALLRIVER,35.1066,-87.2637
202006,148058,891533,1,0.56,E,ATHENS,35.45,-84.59
202006,148058,891534,1,1.38,S,OAK GROVE,36.53,-83.48
202006,148058,891535,1,2.33,ESE,FAIRVIEW,36.37,-83.31
202006,148058,891536,1,0.69,N,MULBERRY GAP,36.59,-83.25
202006,148058,891537,1,0.89,NE,SNEEDVILLE,36.54,-83.21
202006,149664,902028,1,0.89,NE,ELORA,35.03,-86.36
202004,147669,888594,1,0.7,NNW,RAMAH,35.0897,-87.3335
202004,147669,888595,1,0.0,N,HERMITAGE,36.18,-86.62
202004,147669,888597,1,1.29,N,MONOVILLE,36.3186,-85.969
202004,147669,888598,1,0.0,N,DOVER,36.48,-87.83
202004,147669,888602,1,3.55,E,CLARKSVILLE ARPT,36.6287,-87.3569
202004,147669,888603,1,1.21,SE,OAKWOOD,36.5195,-87.5626
202004,147669,888604,1,1.63,SE,ST BETHLEHEM,36.561,-87.2826
202004,147669,888605,1,0.0,N,CLARKSVILLE,36.53,-87.35
202006,148058,891538,1,0.0,N,TURTLETOWN,35.13,-84.35
202006,148058,891539,1,1.82,WNW,WOLF CREEK,35.93,-82.98
202006,150053,904740,1,1.0,S,SOLWAY,35.9655,-84.18
202006,150053,904740,2,0.0,S,POWELL,36.03,-84.03
202006,150053,904740,3,2.0,SE,BEARDEN,35.9095,-83.9747
202006,150053,904740,4,2.0,S,CEDAR BLUFF,35.8911,-84.1
202006,150053,904741,1,5.0,NE,FRIENDSVILLE,35.8012,-84.0669
202006,150053,904741,2,3.0,N,FRIENDSVILLE,35.7934,-84.13
202006,150053,904741,3,0.0,E,FRIENDSVILLE,35.75,-84.13
202006,150053,904741,4,4.0,E,FRIENDSVILLE,35.75,-84.0587
202006,150053,904743,1,3.0,ENE,WILDWOOD,35.8166,-83.8205
202006,150053,904743,2,3.0,E,WILDWOOD,35.8,-83.8165
202006,150053,904743,3,1.0,E,WILDWOOD,35.8,-83.8522
202006,150053,904743,4,2.0,NE,WILDWOOD,35.8205,-83.8448
202004,147669,888606,1,0.0,N,BARREN PLAIN,36.6,-86.92
202004,147669,888607,1,0.85,S,SPRINGFIELD MUNI ARP,36.518,-86.9228
202004,147669,888608,1,1.48,SSE,BARREN PLAIN,36.5792,-86.9138
202004,147669,888609,1,1.0,SE,ASHLAND CITY,36.2712,-87.0559
202004,147669,888611,1,1.74,ESE,BAGGETTSVILLE,36.4686,-86.6922
202004,147669,888612,1,0.0,N,HENDERSONVILLE,36.28,-86.62
202004,147669,888613,1,0.97,S,GALLATIN MUNI ARPT,36.3662,-86.4233
202004,147669,888615,1,1.51,WSW,WOODBINE,36.1113,-86.7448
202004,147669,888617,1,1.44,S,KANSAS,36.4293,-86.3837
202004,147669,888618,1,3.78,WNW,OAK GROVE,36.0155,-87.5449
202004,147669,888619,1,2.62,E,LEBANON ARPT,36.1829,-86.2731
202004,147669,888620,1,1.82,SE,LEEVILLE,36.181,-86.3973
202004,147669,888621,1,0.02,NNW,KLEBURNE,35.7503,-86.9802
202004,147669,888622,1,0.39,SE,PEA RIDGE,35.2158,-87.4653
202004,147670,888626,1,1.49,NNW,OLD WINESAP,35.8,-85.1599
202004,147670,888626,2,1.47,NNW,OLD WINESAP,35.7999,-85.1594
202004,147670,888626,3,1.49,NNW,OLD WINESAP,35.8002,-85.1594
202004,147670,888626,4,1.5,NNW,OLD WINESAP,35.8003,-85.1598
202004,146191,878385,1,0.69,S,HIGHLAND PARK,35.79,-84.27
202004,145808,875831,1,1.38,N,LUTTRELL,35.67,-84.53
202004,145808,875832,1,0.89,NE,EAST CLEVELAND,35.19,-84.84
202004,145808,875833,1,1.82,ENE,HARRISBURG,35.88,-83.44
202004,145835,875935,1,0.56,W,DUNLAP,35.38,-85.39
202004,145835,875936,1,0.89,SE,TELLICO PLAINS,35.36,-84.29
202004,145835,875937,1,1.7,E,CHESTUEE,35.13,-84.75
202004,145835,875942,1,1.49,SSW,MONTLAKE,35.2,-85.13
202004,145835,875945,1,2.36,SSW,HIWASSEE BEACH,35.19,-84.57
202004,145835,875946,1,3.13,WNW,LAWSON XRDS,35.67,-83.87
202004,145835,875947,1,0.0,N,(CHA)LOVELL FLD CHAT,35.03,-85.2
202004,145835,877265,1,1.13,E,CONASAUGA,35.0,-84.73
202004,146191,878380,1,1.32,WSW,BENTON SPGS,35.14,-84.65
202004,146191,878381,1,1.49,NNW,GOOD SPGS,35.35,-84.58
202004,146191,878382,1,0.69,N,CHESTNUT VLY,35.43,-84.22
202004,146191,878383,1,2.35,NNE,ROSE HILL,36.33,-83.75
202004,146191,878384,1,0.0,N,CHURCH HILL,36.52,-82.72
202004,146314,879190,1,1.32,WSW,SANFORD,35.32,-84.74
202004,146314,879191,1,1.12,W,BEARDEN,35.93,-84.02
202004,146314,879192,1,1.12,E,HARBISON,36.12,-83.83
202006,147649,888485,1,1.81,ENE,STAUNTON MILL,36.14,-82.82
202006,147649,888487,1,1.31,ENE,HALES XRDS,36.16,-83.23
202004,145835,890155,1,4.0,SSW,MADISONVILLE,35.4665,-84.3972
202004,145835,890155,2,3.0,S,MADISONVILLE,35.4766,-84.37
202004,145835,890155,3,2.0,SSW,MADISONVILLE,35.4933,-84.3836
202004,145835,890155,4,3.0,SW,MADISONVILLE,35.4893,-84.4077
202004,145835,890157,1,4.0,NW,CLEVELAND,35.2109,-84.9301
202004,145835,890157,2,4.0,NE,CLEVELAND,35.2109,-84.8299
202004,145835,890157,3,7.0,SE,CLEVELAND,35.0984,-84.7924
202004,145835,890157,4,7.0,SW,CLEVELAND,35.0984,-84.9676
202004,145835,890160,1,3.0,W,SEYMOUR,35.88,-83.7736
202004,145835,890160,2,1.5,NW,SEYMOUR,35.8954,-83.739
202004,145835,890160,3,2.0,NE,SEYMOUR,35.9005,-83.6947
202004,145835,890160,4,2.0,SE,SEYMOUR,35.8595,-83.6947
202004,145835,890160,5,2.0,S,SEYMOUR,35.8511,-83.72
202004,145835,890160,6,3.0,SW,SEYMOUR,35.8493,-83.7579
202004,145835,890164,1,10.0,N,ATHENS,35.5947,-84.6
202004,145835,890164,2,10.0,SE,ATHENS,35.3477,-84.4745
202004,145835,890164,3,8.0,S,ATHENS,35.3342,-84.6
202004,145835,890164,4,10.0,WSW,ATHENS,35.3946,-84.7641
202006,147651,888498,1,0.89,SW,BURLINGTON,35.99,-83.86
202006,147651,888500,1,1.38,S,SPRING CITY,35.68,-84.87
202006,147649,888488,1,0.89,NE,WITT,36.16,-83.27
202006,147651,888497,1,1.68,W,EUREKA,35.83,-84.71
202006,147651,888501,1,0.69,N,CONCORD,35.61,-84.92
202006,147651,888503,1,0.0,N,BLUFF CITY,36.48,-82.27
202004,145835,890171,1,1.0,S,GATLINBURG,35.7055,-83.52
202004,145835,890171,2,0.5,SW,GATLINBURG,35.7149,-83.5263
202004,145835,890171,3,0.5,E,GATLINBURG,35.72,-83.5111
202004,145835,890171,4,1.0,ESE,GATLINBURG,35.7145,-83.5035
202004,145835,890180,1,2.0,SSE,JOHNSON CITY,36.2933,-82.3363
202004,145835,890180,2,3.0,NNE,JOHNSON CITY,36.3601,-82.3294
202004,145835,890180,3,4.0,NW,JOHNSON CITY,36.3609,-82.4008
202004,145835,890180,4,5.0,SW,JOHNSON CITY,36.2688,-82.4135
202004,145835,890182,1,1.0,SW,ROAN MTN,36.1898,-82.0827
202004,145835,890182,2,1.0,E,ROAN MTN,36.2,-82.0521
202004,145835,890182,3,1.0,NE,HAMPTON,36.2902,-82.1573
202004,145835,890182,4,1.0,NW,HAMPTON,36.2902,-82.1827
202004,145835,890182,5,0.0,SSE,TIGER VLY,36.23,-82.18
202004,145835,890185,1,1.0,SE,ROCK CREEK,36.1398,-82.3873
202004,145835,890185,2,1.0,NW,ROCK CREEK,36.1602,-82.4127
202004,145835,890185,3,2.0,W,FLAG POND,36.02,-82.5858
202004,145835,890185,4,2.0,SSE,FLAG POND,35.9933,-82.5363
202006,147651,888517,1,1.77,SW,BOONE,36.36,-82.45
202006,147651,888519,1,1.31,ESE,FLAG BRANCH,36.06,-82.81
202006,147652,888522,1,1.78,NW,PITNER,35.9,-83.77
202006,147653,888527,1,1.31,ESE,LUTHER,36.46,-83.23
202006,147653,888528,1,1.11,W,GALBRAITH SPGS,36.37,-83.17
202006,147653,888529,1,1.67,W,WHITE HORN,36.28,-83.08
202006,147653,888530,1,1.49,NNW,MOHAWK,36.22,-83.06
202004,147671,888623,1,1.97,NW,COMMERCE,36.1659,-86.1293
202004,147671,888623,2,1.87,NNE,COMMERCE,36.1764,-86.0922
202004,145835,890609,1,1.16,NNW,BRAINERD,35.0464,-85.2345
202001,145476,873628,1,1.68,NW,TIMOTHY,36.4991,-85.4189
202001,145489,873642,1,8.0,SSW,HOHENWALD,35.443,-87.6244
202001,145489,873643,1,9.0,SSW,HOHENWALD,35.4297,-87.6312
202004,147741,889076,1,0.0,N,MILLEDGEVILLE,35.37,-88.38
202001,145476,873595,1,5.0,SW,DICKSON,36.0288,-87.4433
202001,145476,873526,1,0.33,NW,OAK GROVE,36.0026,-87.4848
202004,145835,877262,1,1.09,ESE,CLEVELAND,35.1613,-84.864
202004,145835,877262,2,2.57,NW,CHESTUEE,35.1561,-84.8125
202004,145835,877263,1,1.74,ESE,EAST CLEVELAND,35.1663,-84.8242
202004,145835,877263,2,1.82,NE,CLIMER,35.1977,-84.7461
202005,148818,897253,1,4.55,W,DOVER,36.476,-87.9118
202005,148818,897282,1,0.93,SE,GLENCLIFF,36.1106,-86.6882
202004,145835,877264,1,1.1,SSE,JULIAN CHAPEL,35.2046,-84.7751
202004,145835,877264,2,3.91,E,HAUN MILL,35.2132,-84.7013
202005,148818,897254,1,0.0,N,DICKSON,36.08,-87.38
202005,148818,897283,1,0.42,NNW,BERRYVILLE,36.2052,-86.6337
202005,148818,897284,1,0.99,NE,THE HERMITAGE,36.2307,-86.6081
202005,148818,897712,1,0.0,N,COOKEVILLE,36.17,-85.5
202005,148818,897255,1,0.0,N,LINDEN,35.62,-87.85
202005,148818,897256,1,0.0,N,LYLES,35.92,-87.37
202005,148818,897684,1,0.73,S,MT JULIET,36.1895,-86.5187
202005,148818,897685,1,0.86,W,MT JULIET,36.2008,-86.5354
202005,148818,897713,1,0.0,N,LIVINGSTON,36.38,-85.32
202005,148819,897728,1,0.94,SW,LINDEN,35.6099,-87.8612
202005,148819,897729,1,0.0,N,LUTTS,35.15,-87.95
202005,148818,897257,1,0.0,N,HOHENWALD,35.55,-87.57
202005,148818,897687,1,0.38,ENE,SEWART AFB,36.0029,-86.5143
202005,148818,897689,1,1.07,N,BECKWITH,36.2353,-86.4667
202005,148818,897715,1,0.0,N,CROSSVILLE,35.95,-85.03
202005,148819,897730,1,0.0,N,LINDEN,35.62,-87.85
202005,148819,897731,1,3.17,NNW,CLIFTON HASSELL ARPT,35.4244,-87.9842
202005,148819,897732,1,3.33,E,PETERS LNDG,35.4771,-87.9408
202005,148818,897258,1,0.0,N,WAYNESBORO,35.32,-87.77
202005,148818,897259,1,0.0,N,COLLINWOOD,35.18,-87.75
202005,148818,897690,1,0.0,N,LA VERGNE,36.02,-86.58
202005,148818,897691,1,0.0,N,GALLATIN,36.4,-86.45
202005,148818,897717,1,0.0,N,JAMESTOWN,36.43,-84.92
202005,148818,897718,1,0.0,N,BYRDSTOWN,36.57,-85.13
202004,145835,890141,4,3.0,SW,SOUTH PITTSBURG,34.9993,-85.7375
202004,145835,890141,1,4.0,NW,JASPER,35.1209,-85.68
202004,145835,890141,2,3.0,NE,SEQUATCHIE,35.1507,-85.5625
202004,145835,890141,3,4.0,SE,JASPER,35.0391,-85.58
202004,145835,890168,1,0.0,S,ROCKFORD,35.83,-83.93
202004,145835,890168,2,0.0,S,ARLINE,35.8,-84.08
202004,145835,890168,3,4.0,S,FRIENDSVILLE,35.6921,-84.13
202004,145835,890168,4,0.0,S,MARYVILLE,35.75,-83.97
202005,148819,897733,1,0.5,ESE,WAYNESBORO,35.3184,-87.7614
202005,148819,897734,1,0.0,N,LUTTS,35.15,-87.95
202005,148819,897735,1,2.84,WNW,NEW HAVEN,35.3176,-87.5755
202005,148818,897260,1,0.0,N,CLARKSVILLE,36.53,-87.35
202005,148818,897261,1,0.0,N,ASHLAND CITY,36.28,-87.07
202005,148818,897694,1,0.77,ENE,SHELBYVILLE,35.4824,-86.4567
202005,148818,897719,1,0.0,N,CELINA,36.55,-85.5
202005,148818,897720,1,0.0,N,LAFAYETTE,36.52,-86.03
202004,145835,888670,1,0.61,SW,MINERAL PARK,35.095,-85.0089
202004,145835,888670,2,1.08,ENE,MINERAL PARK,35.104,-84.9816
202004,145835,890149,1,0.5,N,KIMBALL,35.0572,-85.68
202004,145835,890149,2,0.0,N,KIMBALL,35.05,-85.68
202004,145835,890149,3,0.5,ENE,KIMBALL,35.0528,-85.6718
202004,145835,890149,4,0.75,NE,KIMBALL,35.0577,-85.6706
202005,148819,897736,1,1.63,W,SUMMERTOWN,35.4282,-87.3289
202005,148819,897737,1,2.03,SE,BARNESVILLE,35.4061,-87.359
202005,148818,897262,1,0.0,N,COLUMBIA,35.62,-87.05
202005,148818,897695,1,1.69,N,FLAT ROCK,36.2544,-86.0976
202005,148818,897722,1,0.0,N,HARTSVILLE,36.4,-86.17
202005,148818,897723,1,0.0,N,GAINESBORO,36.35,-85.65
202004,145835,888675,1,2.59,NNW,BENTON STATION,35.2132,-84.7013
202004,145835,888675,2,2.58,NNW,BENTON STATION,35.2159,-84.6927
202005,148819,898621,1,1.63,NW,SUMMERTOWN,35.4463,-87.3209
202005,148819,898622,1,1.27,WNW,SUMMERTOWN,35.4345,-87.3219
202005,148819,898623,1,0.63,SE,HENRYVILLE,35.3925,-87.3936
202005,148818,897263,1,0.0,N,SPRING HILL,35.75,-86.93
202005,148818,897264,1,1.1,ESE,DOUGLAS,35.8665,-86.8508
202005,148818,897696,1,0.0,N,WOODBURY,35.83,-86.08
202005,148818,897724,1,0.0,N,SMITHVILLE,35.97,-85.85
202005,148818,897725,1,0.0,N,SPARTA,35.93,-85.47
202005,148820,896570,1,1.0,NE,GAINESBORO,36.3602,-85.6373
202005,148819,898624,1,2.02,NNE,LAWRENCEBURG,35.2745,-87.3104
202005,148819,898625,1,1.53,NNE,DUNN,35.2197,-87.3374
202005,148818,897265,1,4.49,NNE,MALLORYS,36.0131,-86.7812
202005,148818,897700,1,0.0,N,LEBANON,36.22,-86.3
202005,148818,897726,1,0.0,N,SPENCER,35.75,-85.47
202005,148818,897727,1,0.0,N,SPRINGFIELD,36.5,-86.88
202005,148821,896572,1,1.78,NW,BERRYS CHAPEL,35.99,-86.9
202005,148822,896573,1,1.07,N,LAMPLEY STORE,35.9154,-87.1524
202005,148823,896574,1,1.62,NE,NASHVILLE CORNELIA F,36.1989,-86.6829
202005,148824,896575,1,0.92,NNE,IVYTON,36.4122,-85.1635
202005,148824,896576,1,0.57,SSE,STONE RIVER,36.1727,-86.5953
202005,148824,896577,1,2.19,SSW,MILLERSVILLE,36.3396,-86.7113
202005,148819,898626,1,0.81,ESE,LAWRENCEBURG,35.2436,-87.3179
202005,148819,898627,1,2.61,N,LAWRENCEBURG ARPT,35.2678,-87.2503
202005,148818,897267,1,0.85,SSE,HARPETH,35.7886,-86.8441
202005,148818,897268,1,0.0,N,GUM SPGS,35.2,-87.3
202005,148818,897701,1,0.0,N,TULLAHOMA,35.37,-86.23
202005,148818,897702,1,1.85,E,ROCK CITY,36.2686,-86.0168
202005,148818,898636,1,0.0,N,MC MINNVILLE,35.68,-85.78
202004,147741,890025,1,2.46,N,CROCKETT MILLS,35.9055,-89.1674
202004,147671,888624,1,0.73,WSW,GRANT,36.1764,-86.0922
202004,147671,888624,2,0.84,ENE,GRANT,36.1829,-86.0654
202005,148819,898628,1,1.15,NW,GUM SPGS,35.213,-87.3127
202005,148819,898629,1,0.0,N,PULASKI,35.2,-87.02
202005,148819,898630,1,0.0,N,MINOR HILL,35.05,-87.15
202005,148818,897269,1,0.0,N,LAWRENCEBURG,35.25,-87.33
202005,148818,897703,1,0.0,N,DIXON SPGS,36.37,-86.07
202004,147845,890691,1,1.31,ENE,MACON,35.1565,-89.4782
202004,147845,890691,2,1.22,ESE,LACONIA,35.2719,-89.2508
202005,148818,897270,1,0.0,N,NASHVILLE,36.17,-86.78
202005,148818,897704,1,0.0,N,TANGLEWOOD,36.28,-85.98
202005,148818,897705,1,1.98,NW,DIFFICULT,36.389,-85.9066
202004,147925,890801,1,2.5,ESE,OAKVILLE,35.0567,-89.9088
202005,148818,897272,1,1.05,ESE,OAK HILL,36.0948,-86.8024
202005,148818,897273,1,1.95,SSW,INGLEWOOD,36.1964,-86.7492
202005,148818,897706,1,0.0,N,MURFREESBORO,35.85,-86.42
202005,148818,897707,1,0.0,N,LEWISBURG,35.45,-86.8
202003,146520,880428,1,1.78,WNW,HICO,36.0811,-88.5287
202003,146520,880428,2,1.48,SSE,MARLBOROUGH,36.0792,-88.2637
202003,146520,880546,2,0.59,ENE,KENTUCKY LAKE SOUTH,36.1028,-87.94
202003,146520,880546,1,0.5,S,LIBERTY,36.0928,-88.1189
202005,148818,897249,1,2.62,ESE,FT HENRY,36.46,-87.98
202005,148818,897250,1,0.0,N,DOVER,36.48,-87.83
202005,148818,897274,1,0.75,E,FOUR CORNERS,36.0512,-86.5666
202005,148818,897277,1,0.93,SE,GLENCLIFF,36.1106,-86.6882
202005,148818,897708,1,0.0,N,PULASKI,35.2,-87.02
202005,148818,897709,1,0.0,N,MC MINNVILLE ARPT FL,35.7,-85.83
202004,145835,876337,1,1.71,ENE,EAST RIDGE,34.986,-85.1907
202004,145835,876337,2,3.17,NNE,COLLEGEDALE ARPK,35.095,-85.0089
202005,148818,897251,1,0.0,N,ERIN,36.32,-87.7
202005,148818,897252,1,0.0,N,MC EWEN,36.12,-87.63
202005,148818,897280,1,1.02,NW,COUCHVILLE,36.1091,-86.5644
202005,148818,897281,1,0.38,SW,VAUGHNS GAP,36.0656,-86.8842
202005,148818,897710,1,0.0,N,ALTAMONT,35.43,-85.73
202005,148818,897711,1,0.0,N,MONTEAGLE,35.25,-85.83
202004,147741,889992,1,2.1,ESE,SOMERVILLE,35.2409,-89.3146
202004,147741,889992,2,4.84,S,LACONIA,35.2104,-89.2608
202004,147741,890049,1,0.0,N,SOMERVILLE,35.25,-89.35
202004,147741,889151,1,1.22,W,LAWRENCE,35.6489,-88.8216
202002,146311,879128,1,2.19,WSW,CROSS BRIDGES,35.6089,-87.2565
202002,146311,879130,1,0.89,SSE,UPPER MOCKESON,35.0583,-87.2934
202002,146311,879130,2,2.11,WNW,PEACH,35.0662,-87.2616
202002,146311,879131,1,1.75,ESE,ANTHONY HILL,35.1232,-87.0902
202002,146311,879131,2,0.8,ENE,FIVE PTS,35.1845,-86.9371
202002,144630,870416,1,4.21,N,MC BURG,35.2405,-86.8283
202002,144630,870416,2,2.84,NW,BOONSHILL,35.2487,-86.786
202002,146311,879134,1,3.34,NE,FRANKEWING,35.2385,-86.8342
202002,146311,879135,1,0.0,N,CHAPEL HILL,35.63,-86.7
202002,146311,879136,1,1.44,ENE,DELINA,35.275,-86.7253
202002,146311,879138,1,2.63,S,MURFREESBORO,35.8119,-86.4219
202002,144630,878111,1,0.89,NW,TAFT,35.03,-86.74
202002,144630,878112,1,1.38,S,BLANCHE,35.03,-86.77
202002,144630,878114,1,2.36,NNE,BELLEVILLE,35.3,-86.55
202002,144630,878115,1,1.32,ENE,FAYETTEVILLE,35.16,-86.56
202005,148866,898871,1,0.42,NW,PERRY SWITCH,35.5736,-88.7861
202005,148866,898890,1,1.28,SSE,BRAZIL,35.902,-89.0641
202005,148866,898914,1,0.0,N,OAKFIELD,35.72,-88.8
202002,146311,879140,1,0.0,N,TULLAHOMA,35.37,-86.23
202002,146311,879141,1,1.18,E,MANCHESTER SPENCER F,35.3784,-85.9492
202002,146311,879143,1,0.0,N,DE ROSSETT,35.95,-85.3
202002,146311,879144,1,2.7,WNW,BROWNTOWN,35.9658,-85.2641
202002,144630,878116,1,1.83,ENE,CHESTNUT RIDGE,35.34,-86.52
202002,144630,878118,1,1.32,ESE,CHESTNUT RIDGE,35.32,-86.53
202002,144630,878119,1,2.36,ENE,CHESTNUT RIDGE,35.34,-86.51
202002,144630,878120,1,3.65,ESE,CHESTNUT RIDGE,35.31,-86.49
202002,144630,878121,1,3.66,WNW,LYNCHBURG,35.3,-86.44
202002,145362,872821,1,3.0,NNE,WHITWELL,35.2401,-85.5097
202002,145362,872821,2,3.0,NE,WHITWELL,35.2307,-85.4924
202002,145362,872821,3,5.0,SSE,WHITWELL,35.1331,-85.4961
202002,145362,872821,4,4.0,SSW,WHITWELL,35.1465,-85.5571
202002,145362,872810,1,8.0,S,CHUCKEY,36.1042,-82.68
202002,145362,872810,2,12.0,SSW,GREENEVILLE ARPT,36.0195,-82.9023
202002,145362,872810,3,2.0,W,BAILEYTON,36.33,-82.8659
202002,145362,872810,4,2.0,NE,JEAROLDSTOWN,36.3905,-82.6746
202002,145362,872786,1,3.0,NW,CANEY BRANCH,36.0807,-83.018
202002,145362,872786,2,2.0,WNW,CANEY BRANCH,36.0611,-83.0131
202002,145362,872786,3,3.0,W,CANEY BRANCH,36.05,-83.0337
202002,145362,872786,4,3.5,WNW,CANEY BRANCH,36.0694,-83.0379
202002,145362,872924,1,2.0,SE,SIGNAL MTN,35.1095,-85.325
202002,145362,872924,2,2.0,S,SIGNAL MTN,35.1011,-85.35
202002,145362,872924,3,1.5,S,SIGNAL MTN,35.1083,-85.35
202002,145362,872924,4,1.5,SE,SIGNAL MTN,35.1147,-85.3312
202005,148866,898915,1,0.0,NNW,HENRY CO ARPT,36.33,-88.38
202005,148866,898917,1,2.04,SSE,STAFFORDS STORE,36.0717,-88.6895
202002,146311,879145,1,2.24,WSW,MT SINAI,35.9912,-87.4385
202002,146311,879145,2,2.18,WSW,MT SINAI,35.9919,-87.4377
202002,146311,879145,3,2.04,WSW,MT SINAI,35.9896,-87.4342
202002,146311,879145,4,2.06,WSW,MT SINAI,35.9888,-87.4341
202002,144630,878122,1,3.38,W,COUNTY LINE,35.32,-86.43
202002,144630,878123,1,2.36,WSW,LYNCHBURG,35.27,-86.42
202002,144630,878124,1,2.9,WSW,COUNTY LINE,35.31,-86.42
202002,144630,878125,1,1.78,SE,CUMBERLAND SPGS,35.31,-86.28
202002,144630,878128,1,1.78,SW,PLEASANT HILL,35.28,-86.34
202002,144630,878129,1,1.83,WSW,MARBLE HILL,35.19,-86.36
202002,144630,878130,1,1.49,NNW,MARBLE HILL,35.22,-86.34
202002,144630,878131,1,2.36,ESE,CUMBERLAND SPGS,35.32,-86.26
202002,144630,878132,1,0.0,N,ESTILL SPGS ARPT,35.27,-86.15
202005,148866,898787,1,0.0,N,PARIS,36.3,-88.32
202005,148866,898787,2,3.45,ENE,MC KENZIE,36.1555,-88.4668
202005,148866,898797,1,1.0,N,JACKSON,35.6344,-88.8326
202005,148866,898799,1,0.0,N,BIG SANDY,36.23,-88.08
202005,148866,898803,1,0.0,N,HOLLOW ROCK,36.03,-88.28
202005,148866,898803,2,0.47,E,BRUCETON,36.0307,-88.2417
202002,144638,868468,1,0.56,E,BRADBURY,35.87,-84.39
202002,144638,868471,1,0.69,N,OSWEGO,36.58,-84.13
202002,144638,868472,1,0.56,E,WARTBURG,36.1,-84.59
202002,144638,868473,1,0.57,E,SIGNAL MTN,35.13,-85.34
202002,144638,868475,1,0.89,SW,HUNTSVILLE,36.41,-84.49
202002,144638,868477,1,0.89,NW,CENTER PT,35.33,-85.39
202002,144638,868479,1,1.33,ESE,GLOVER HILL,35.06,-85.63
202002,146278,878856,1,1.05,WSW,LORETTO,35.0718,-87.4657
202002,146278,878856,2,2.16,ENE,CENTER PT,35.1165,-87.2976
202002,146278,878859,1,2.08,W,PEA RIDGE,35.217,-87.5067
202002,146278,878859,2,1.53,W,PEA RIDGE,35.2188,-87.497
202002,145362,872737,1,3.0,SW,CHATTANOOGA,35.0193,-85.3175
202002,145362,872737,2,0.0,SSW,EAST BRAINERD,35.02,-85.17
202002,145362,872737,3,0.0,SSW,SODDY DAISY,35.28,-85.17
202002,145362,872737,4,0.0,SSW,RED BANK,35.15,-85.28
202002,145362,872741,1,2.0,NW,MARYVILLE,35.7705,-83.9952
202002,145362,872741,2,2.0,NE,MARYVILLE,35.7705,-83.9448
202002,145362,872741,3,2.0,SE,MARYVILLE,35.7295,-83.9448
202002,145362,872741,4,2.0,SW,MARYVILLE,35.7295,-83.9952
202002,146278,878860,1,0.68,SW,LAWRENCEBURG,35.2423,-87.3375
202002,146278,878861,2,1.22,SE,CORNERSVILLE,35.3571,-86.8352
202002,146278,878861,1,1.39,SSE,CORNERSVILLE,35.3504,-86.8444
202002,146278,878870,1,1.57,NNE,ANCHOR MILL,35.5495,-86.5358
202002,146278,878870,2,1.8,N,BELL BUCKLE,35.6061,-86.3696
202002,144531,879029,1,0.69,S,PLEASANT HILL,35.29,-86.32
202002,144531,879029,2,0.61,ENE,COUNTY LINE,35.3219,-86.3595
202002,144531,879029,3,3.56,W,LYNCHBURG,35.2724,-86.4425
202002,144531,879029,4,1.48,ESE,LOIS,35.2248,-86.3445
202005,148866,901228,1,0.0,N,HUNTINGDON ARPT,36.0,-88.47
202002,145362,872745,1,5.0,N,ATHENS,35.5224,-84.6
202002,145362,872745,2,10.0,SE,ATHENS,35.3477,-84.4745
202002,145362,872745,3,0.0,SE,CARLOCK,35.28,-84.55
202002,145362,872745,4,4.0,NNW,CALHOUN,35.3335,-84.7772
202002,145362,872748,1,8.0,WSW,PIGEON FORGE,35.7357,-83.6818
202002,145362,872748,2,8.0,SW,PIGEON FORGE,35.6981,-83.6509
202002,145362,872748,3,4.0,ESE,GATLINBURG,35.6979,-83.4541
202002,145362,872748,4,0.0,ESE,PITTMAN CENTER,35.77,-83.4
202002,145362,872748,5,0.0,ESE,SEVIERVILLE,35.87,-83.57
202002,145362,872751,1,0.0,N,ROCKFORD,35.83,-83.93
202002,145362,872751,2,0.0,N,WILDWOOD,35.8,-83.87
202002,145362,872751,3,0.0,N,TOWNSEND,35.67,-83.77
202002,145362,872751,4,0.0,N,LANIER,35.62,-84.1
202002,145362,872751,5,0.0,N,ARLINE,35.8,-84.08
202002,145362,872754,1,1.0,NW,HUNTSVILLE,36.4302,-84.4927
202002,145362,872754,2,1.0,SE,HUNTSVILLE,36.4098,-84.4673
202002,145362,872754,3,2.0,SSW,HUNTSVILLE,36.3933,-84.4938
202002,145362,872754,4,3.0,WSW,HUNTSVILLE,36.4034,-84.5299
202002,145362,872776,1,1.0,NW,POWELL,36.0402,-84.0427
202002,145362,872776,2,8.0,SW,KNOXVILLE,35.8881,-84.0311
202002,145362,872776,3,2.0,SE,KNOXVILLE,35.9495,-83.9047
202002,145362,872776,4,0.0,SE,HALLS XRDS,36.08,-83.93
202002,145362,872779,1,1.0,ESE,BLOUNTVILLE,36.5245,-82.3134
202002,145362,872779,2,2.0,ESE,BLOUNTVILLE,36.5189,-82.2967
202002,145362,872779,3,2.5,S,BLOUNTVILLE,36.4938,-82.33
202002,145362,872779,4,1.5,S,BLOUNTVILLE,36.5083,-82.33
202002,145362,872791,1,1.0,W,BLEVINS,36.47,-82.948
202002,145362,872791,2,1.0,SW,BLEVINS,36.4598,-82.9427
202002,145362,872791,3,0.5,S,BLEVINS,36.4628,-82.93
202002,145362,872791,4,0.5,W,BLEVINS,36.47,-82.939
202002,146278,878871,1,0.92,ESE,SHELBYVILLE,35.4772,-86.454
202002,146278,878872,1,0.9,SE,BOMAR ARPT,35.5594,-86.4406
202002,146278,878873,1,1.27,NE,BATES HILL,35.7451,-85.9171
202002,146278,878873,2,2.07,W,GATH,35.7844,-85.8166
202002,145362,872848,1,2.0,N,UNICOI,36.229,-82.35
202002,145362,872848,2,6.0,ESE,UNICOI,36.1668,-82.2506
202002,145362,872848,3,2.5,S,ERWIN,36.1138,-82.42
202002,145362,872848,4,4.0,SW,ERWIN,36.1091,-82.4707
202002,145362,872797,1,2.0,ENE,POWELL,36.0411,-83.9969
202002,145362,872797,2,0.25,S,POWELL,36.0264,-84.03
202002,145362,872797,3,0.5,NW,POWELL,36.0351,-84.0363
202002,145362,872797,4,2.0,NE,POWELL,36.0505,-84.0047
202002,145362,872817,1,1.0,SE,HIXON,35.1398,-85.2175
202002,145362,872817,2,1.0,W,HIXON,35.15,-85.2477
202002,145362,872817,3,3.0,NW,HIXON,35.1807,-85.2676
202002,145362,872817,4,4.0,N,HIXON,35.2079,-85.23
202002,145362,872817,5,4.5,NE,HIXON,35.1961,-85.1737
202002,145362,872818,1,1.0,NW,WARTBURG,36.1102,-84.6127
202002,145362,872818,2,1.0,NE,WARTBURG,36.1102,-84.5873
202002,145362,872818,3,0.75,ESE,WARTBURG,36.0959,-84.5876
202002,145362,872818,4,0.75,WSW,WARTBURG,36.0959,-84.6124
202002,145362,872820,1,1.25,SW,ADKINS MILL,36.1672,-84.8659
202002,145362,872820,2,1.78,SW,ADKINS MILL,36.16,-84.87
202002,145362,872820,3,2.5,SW,ADKINS MILL,36.1544,-84.8817
202002,145362,872820,4,2.0,WSW,ADKINS MILL,36.1689,-84.8831
202002,145362,872824,1,2.0,SE,KNOXVILLE,35.9495,-83.9047
202002,145362,872824,2,0.0,SE,HALLS XRDS,36.08,-83.93
202002,145362,872824,3,0.0,SE,CORRYTON,36.15,-83.78
202002,145362,872824,4,0.0,SE,TRENTVILLE,36.03,-83.7
202002,145362,872824,5,0.0,SE,KIMBERLIN HGTS,35.93,-83.75
202002,145362,872831,1,6.0,S,ROGERSVILLE,36.3132,-83.0
202002,145362,872831,2,2.0,SE,MT CARMEL,36.5295,-82.6245
202002,145362,872831,3,8.0,W,MT CARMEL,36.55,-82.7941
202002,145362,872831,4,10.0,W,ROGERSVILLE,36.4,-83.1798
202002,145362,872832,1,0.0,N,HOLSTON VLY,36.57,-82.07
202002,145362,872832,2,6.0,ESE,BLUFF CITY,36.4468,-82.1702
202002,145362,872832,3,5.0,W,COLONIAL HGTS,36.48,-82.59
202002,145362,872832,4,2.0,NW,KINGSPORT,36.5705,-82.5755
202002,146278,878875,1,0.67,WNW,HOLLOW SPGS,35.6848,-86.1403
202002,146278,878875,2,1.35,ENE,HOLLOW SPGS,35.6873,-86.1076
202002,146278,879102,1,1.46,SSW,HENSLEYS CHAPEL,35.9009,-85.5413
202002,146278,879102,2,1.94,NW,CUMMINGS,35.9004,-85.4738
202002,146278,879103,1,1.95,SSE,YANKEETOWN,35.9527,-85.4209
202002,146278,879103,2,0.58,NW,DE ROSSETT,35.9562,-85.307
202005,148866,898825,1,0.0,N,BLUE GOOSE,35.7,-88.58
202005,148866,898825,2,0.0,N,DARDEN,35.63,-88.23
202005,148866,898841,1,1.35,N,CENTER PT,35.4894,-88.3774
202005,148866,898843,1,0.59,NW,PARSONS,35.6552,-88.1383
202005,148866,898843,2,0.72,E,PARSONS,35.6508,-88.1172
202005,149126,898995,1,2.12,N,COTTONWOOD,36.2607,-89.5285
202005,149126,898995,2,2.61,ESE,RIDGELY,36.2532,-89.438
202005,148866,898918,1,0.0,N,MEDINA,35.8,-88.77
202005,148866,901227,1,1.3,SSE,FORKED DEER,35.7519,-89.3934
202002,145388,872930,1,3.0,NW,PARROTTSVILLE,36.0307,-83.118
202002,145388,872930,2,3.0,SE,PARROTTSVILLE,35.9693,-83.0421
202002,145388,872930,3,7.0,SSW,NEWPORT,35.8564,-83.2279
202002,145388,872930,4,4.0,NW,NEWPORT,35.9909,-83.2306
202002,145388,872931,1,8.0,NW,SEVIERVILLE,35.9519,-83.6711
202002,145388,872931,2,5.0,NNE,SEVIERVILLE,35.9369,-83.5358
202002,145388,872931,3,0.0,NNE,LAUREL,35.77,-83.4
202002,145388,872931,4,7.0,SW,GATLINBURG,35.6484,-83.6082
202002,145388,872932,1,0.0,E,MOHAWK,36.2,-83.05
202002,145388,872932,2,0.0,E,JEAROLDSTOWN,36.37,-82.7
202002,145388,872932,3,0.0,E,ALEXANDER MILL,36.13,-82.75
202002,145388,872932,4,10.0,SW,GREENEVILLE,36.0677,-82.9567
202002,146278,879107,1,2.69,SW,MAYLAND,36.0193,-85.2295
202002,146278,879108,1,0.67,NNE,CRESTON,36.0295,-85.0674
202002,146278,879110,1,0.99,N,WATERLOO,36.3142,-85.473
202002,146278,879110,2,0.9,ENE,WATERLOO,36.3038,-85.4545
202002,146278,879110,3,1.97,SSW,RICKMAN,36.2429,-85.3807
202002,146278,879110,4,0.97,NE,RAYS,36.2282,-85.306
202002,146278,879110,5,2.11,W,RHYAN SPGS,36.4706,-85.2679
202002,146278,879110,6,3.13,WSW,TIMOTHY,36.4708,-85.4553
202002,146278,879113,1,0.42,NE,THOMPSONS STATION,35.8035,-86.9138
202002,146278,879113,2,2.8,SSW,THOMPSONS STATION,35.7617,-86.9364
202002,146278,879113,3,1.43,WSW,DUPLEX,35.7407,-86.8728
202002,146278,879113,4,1.73,SW,COLLEGE GROVE,35.7596,-86.6979
202002,146278,879113,5,1.5,S,COLLEGE GROVE,35.7584,-86.6781
202002,146278,879113,6,1.1,NE,COLLEGE GROVE,35.791,-86.6657
202002,146278,879113,7,4.44,N,MALLORYS,36.0133,-86.7868
202002,146278,879113,8,3.39,NNW,FOREST HOME,36.0268,-86.9484
202005,148866,898847,1,0.0,N,DECATURVILLE,35.58,-88.13
202005,148866,898847,2,4.85,SSE,PERRYVILLE,35.5591,-88.0072
202005,148866,898911,1,1.0,NNW,FIVE PTS,35.5342,-88.6836
202005,148866,898912,1,0.0,N,CROCKETT MILLS,35.87,-89.17
202005,148866,898913,1,2.73,SSE,MIFFLIN,35.5121,-88.5663
202005,146480,892994,1,1.83,WNW,COUNTY LINE,35.33,-86.4
202005,146480,892995,1,2.47,WNW,COUNTY LINE,35.3302,-86.412
202005,146480,892996,1,1.05,SSE,RAYSVILLE,35.3159,-86.3129
202005,146480,892998,1,0.78,NE,LOIS,35.238,-86.3602
202005,146480,893002,1,1.89,SSE,ASIA,35.1439,-86.11
202005,146480,893002,2,2.61,NNE,ROWE GAP,35.1329,-86.0973
202002,146278,879114,1,1.08,WSW,CAMP GROUND,36.1749,-85.0682
202002,146278,879114,2,1.0,WSW,JONESVILLE,36.1753,-84.947
202002,146278,879114,3,4.2,NE,BANNER SPGS,36.2957,-84.8803
202002,146278,879114,4,3.05,SSE,GERNT,36.4082,-84.7022
202002,146278,879114,5,4.43,ENE,SHARP PLACE,36.5141,-84.7521
202002,146278,879114,6,0.24,SW,RED HILL,36.5472,-85.0326
202002,146278,879115,1,1.39,W,LUNNS STORE,35.6823,-86.8046
202002,146278,879115,2,3.81,SW,CORNERSVILLE,35.3283,-86.8943
202002,146278,879115,3,1.61,W,PETERSBURG,35.318,-86.6785
202002,146278,879115,4,0.37,WNW,BEASLEY,35.6811,-86.6565
202002,146278,879117,1,0.55,SSW,SOUTH CARTHAGE,36.2423,-85.9525
202002,146278,879117,2,0.56,S,SOUTH CARTHAGE,36.2419,-85.9514
202002,146278,879117,3,0.91,SSW,SOUTH CARTHAGE,36.2371,-85.9533
202002,146278,879117,4,0.91,SSW,SOUTH CARTHAGE,36.2374,-85.9551
202002,146278,879119,1,2.26,SSE,ALEXANDER SPGS,35.3526,-87.2582
202002,146278,879119,2,2.35,SE,ALEXANDER SPGS,35.3527,-87.2552
202002,146278,879119,3,1.92,ESE,ALEXANDER SPGS,35.3707,-87.2478
202002,146278,879119,4,1.74,ESE,ALEXANDER SPGS,35.3718,-87.2508
202002,146278,879119,5,1.73,SE,ALEXANDER SPGS,35.3634,-87.257
202005,148866,898848,1,0.0,N,ADAMSVILLE,35.23,-88.4
202005,148866,898853,1,2.78,N,CENTER STAR,35.2099,-88.0639
202005,148866,898850,1,1.86,NW,OLIVET,35.2416,-88.2197
202005,148866,898866,1,0.65,SSW,BRUNSWICK,35.2613,-89.7843
202002,146278,879120,1,0.57,NNW,CONCORD,35.758,-86.5729
202002,146278,879120,2,0.63,N,CONCORD,35.7591,-86.5701
202002,146278,879120,3,0.56,SW,ROCKVALE,35.7445,-86.5573
202002,146278,879120,4,0.7,SW,ROCKVALE,35.7426,-86.5585
202002,146278,879120,5,0.39,NNW,CONCORD,35.7552,-86.5727
202002,146278,879121,1,3.02,NNW,ENSOR,36.208,-85.6769
202002,146278,879121,2,0.62,NW,ALGOOD,36.2064,-85.4378
202002,146278,879121,3,4.16,ENE,MONTEREY,36.1653,-85.1979
202002,146278,879121,4,3.51,SE,BERBLECH,36.0854,-85.2541
202002,146278,879121,5,1.24,SW,DITTY,36.0855,-85.5932
202002,146278,879121,6,0.29,ESE,BOMA,36.1281,-85.6753
202002,146278,879122,1,1.19,S,NORTH SPGS,36.4529,-85.7527
202002,146278,879122,2,3.48,SSE,GRANVILLE,36.2249,-85.7723
202002,146278,879122,3,0.12,SW,MT UNION,36.2687,-85.5213
202002,146278,879122,4,3.13,NNW,OLD ANTIOCH,36.4634,-85.5464
202002,146278,879123,1,1.21,NW,CLARKTOWN,35.9413,-85.3365
202002,146278,879123,2,1.0,NNW,CLARKTOWN,35.9425,-85.3292
202002,146278,879123,3,2.97,ENE,BOARD VLY,36.0677,-85.3215
202002,146278,879123,4,1.4,N,YANKEETOWN,36.0003,-85.4284
202002,146278,879123,5,1.46,SW,YANKEETOWN,35.9654,-85.4488
202005,148866,898867,1,0.0,N,BONICORD,35.95,-89.33
202002,146278,879124,1,0.56,SSE,ARDMORE,34.9921,-86.8478
202002,146278,879124,2,0.58,SSE,ARDMORE,34.992,-86.8468
202002,146278,879124,3,0.57,SSE,ARDMORE,34.9923,-86.8466
202002,146278,879124,4,0.53,SSE,ARDMORE,34.9925,-86.8475
202002,146278,879125,1,0.32,E,EASTPORT,36.4509,-85.1244
202002,146278,879125,2,0.27,ESE,EASTPORT,36.4492,-85.1253
202002,146278,879125,3,0.45,ESE,EASTPORT,36.4486,-85.1221
202002,146278,879125,4,0.48,E,EASTPORT,36.4504,-85.1214
202002,146278,879126,1,4.78,N,CLIFTON HASSELL ARPT,35.4491,-87.9645
202002,146278,879126,2,1.35,S,RANSOM STAND,35.0105,-87.9679
202002,146278,879126,3,4.31,S,LOWER HOLLY CREEK,35.0077,-87.618
202002,146278,879126,4,4.4,ESE,ASHLAND,35.4077,-87.6068
202002,146311,879127,1,2.27,ENE,HAMPSHIRE,35.6096,-87.2613
202005,149126,899004,1,0.0,N,SOUTH FORK,35.93,-89.4
202005,149126,899008,1,0.0,N,NEWBERN,36.12,-89.27
202005,149126,899010,1,0.4,SSE,SPRING CREEK,35.7644,-88.6781
202005,149126,899016,1,0.0,N,BLUE GOOSE,35.7,-88.58
202005,148866,897027,1,2.0,WSW,MARTIN,36.3389,-88.8832
202005,148866,897038,1,0.0,N,MARTIN,36.35,-88.85
202005,148866,898733,1,0.0,N,SHARON,36.23,-88.83
202005,149172,899249,1,0.1,ESE,LOCKE,35.3293,-90.0284
202005,149172,899249,2,4.0,WSW,MILLINGTON,35.3279,-89.9656
202007,149327,900059,1,0.56,W,ALUMWELL,36.48,-83.01
202007,149327,911227,1,1.0,N,JOHNSON CITY,36.3345,-82.35
202007,149327,911227,2,1.0,E,JOHNSON CITY,36.32,-82.332
202007,149327,911227,3,1.0,S,JOHNSON CITY,36.3055,-82.35
202007,149327,911227,4,1.0,W,JOHNSON CITY,36.32,-82.368
202007,149327,911229,1,1.0,N,HAMPTON,36.2945,-82.17
202007,149327,911229,2,1.0,E,HAMPTON,36.28,-82.1521
202007,149327,911229,3,1.0,SSW,HAMPTON,36.2666,-82.1769
202007,149327,911229,4,1.0,WNW,HAMPTON,36.2855,-82.1866
202005,148866,898739,1,0.0,N,DRESDEN,36.3,-88.72
202005,148866,898763,1,0.0,N,RIPLEY,35.73,-89.55
202005,149172,899248,1,1.19,ESE,AULON,35.1244,-89.96
202005,149172,899248,2,1.58,ESE,AULON,35.1237,-89.9532
202007,150919,909706,1,2.04,NNW,KENTON,36.2287,-89.0288
202007,150919,909706,2,0.59,NNE,KENTON,36.2075,-89.0149
202007,150919,909710,1,0.69,NW,FAIRVIEW,35.7773,-88.8582
202007,150919,909710,2,1.07,SSW,YOUNGS CROSSING,35.7167,-88.8599
202007,150919,909715,1,3.68,NNW,WAY,36.1721,-88.0131
202007,150919,909715,2,2.66,WSW,FAXON,36.2584,-88.0455
202007,150919,909715,3,0.96,NNE,BIG SANDY,36.243,-88.0739
202007,150919,909715,4,2.92,SSE,BIG SANDY,36.1918,-88.0577
202005,149172,899272,1,1.41,NNE,ELLENDALE,35.2487,-89.8202
202005,149172,899272,2,2.57,NNW,LENOW,35.2154,-89.7641
202005,149172,899274,1,0.0,N,ARLINGTON,35.3,-89.68
202005,149172,899275,1,3.0,S,ATOKA,35.3866,-89.78
202007,150919,909728,1,1.0,S,SAVANNAH,35.2155,-88.25
202005,149126,899017,1,0.0,N,HUMBOLDT,35.82,-88.92
202005,149126,899018,1,10.0,WNW,LEXINGTON,35.7054,-88.5646
202005,149126,899206,1,0.0,N,MEDINA,35.8,-88.77
202005,149126,899206,3,0.36,ESE,AVONDALE,35.848,-88.8941
202005,149126,899206,4,0.58,W,HUMBOLDT,35.8185,-88.9302
202005,149126,899206,2,0.69,WNW,WEST,35.832,-88.762
202005,149126,899019,1,0.0,N,MEDINA,35.8,-88.77
202005,148866,898764,1,0.0,N,GREENFIELD,36.15,-88.8
202005,148866,898766,1,0.0,N,DYERSBURG,36.03,-89.38
202005,148866,898771,1,4.26,SE,JEWELL,36.2952,-88.5568
202005,148866,898772,1,0.0,N,MC KENZIE,36.13,-88.52
202005,148866,898774,1,1.88,E,MEDINA,35.7987,-88.7366
202007,148052,891475,1,3.63,NNW,MARTIN SPGS,35.22,-85.82
202007,148052,891476,1,1.78,NW,OAK HILL,36.02,-83.0
202007,148053,891477,1,1.49,SSE,SPRINGVIEW,35.66,-84.07
202007,148053,891478,1,2.07,N,COLONIAL HGTS,36.51,-82.5
202007,148053,891479,1,1.49,SSW,MASCOT,36.05,-83.76
202007,148053,891480,1,1.49,NNE,BRADBURY,35.89,-84.39
202007,148053,891481,1,0.0,N,HORSE CREEK,36.43,-82.62
202007,148053,891483,1,0.0,N,PINELAND,35.45,-84.9
202007,148666,895607,1,0.56,E,CHURCH HILL,36.52,-82.71
202005,149126,899208,1,0.0,N,LEXINGTON,35.65,-88.4
202005,149126,899209,1,0.0,N,JUNO,35.7,-88.53
202005,149126,899211,1,1.0,N,DARDEN,35.6445,-88.23
202005,149126,899216,1,0.0,N,BATH SPGS,35.43,-88.1
202005,148866,898776,1,0.59,NW,FAIRVIEW,35.7768,-88.8563
202005,148866,898790,1,0.0,N,HUNTINGDON,36.0,-88.42
202005,148866,898808,1,4.05,WNW,LIBERTY,36.1115,-88.1911
202005,148866,898808,2,2.24,ESE,CAMDEN,36.0435,-88.0607
202005,148866,898823,1,0.0,N,BROWNSVILLE,35.6,-89.27
202005,149126,898967,1,0.0,N,HUMBOLDT,35.82,-88.92
202005,148866,897007,1,5.0,ENE,UNION CITY,36.4477,-88.9669
202005,148866,898828,1,0.0,N,CEDAR GROVE,35.82,-88.6
202005,148866,896988,1,0.0,N,TIPTONVILLE,36.38,-89.48
202005,149126,898968,1,0.0,N,GLEASON,36.22,-88.62
202005,149126,898969,1,0.0,N,BOGOTA,36.17,-89.43
202005,149126,898999,1,1.92,E,MEDINA,35.7952,-88.7363
202005,148866,897015,1,1.05,W,SOUTH FULTON,36.4979,-88.8888
202005,148866,897015,2,0.0,N,SOUTH FULTON,36.5,-88.87
202005,149126,899212,1,0.0,N,DECATURVILLE,35.58,-88.13
202005,149126,899217,1,5.0,N,OLIVEHILL,35.3424,-88.03
202005,148866,897004,1,0.62,WNW,UNION CITY,36.4234,-89.0603
202005,148866,897004,2,0.65,WNW,UNION CITY,36.4246,-89.0601
202005,148866,897054,1,5.0,N,MARTIN,36.4224,-88.85
202005,149126,899207,1,1.75,N,TRENTON,36.0052,-88.9276
202005,149126,899207,2,1.89,N,TRENTON,36.0074,-88.9294
202005,149126,899207,3,1.86,N,TRENTON,36.0068,-88.9328
202005,149126,899207,4,1.66,N,TRENTON,36.0039,-88.9319
202005,148866,898895,1,0.45,E,TIGRETT,35.9499,-89.242
202007,148516,894595,1,0.0,N,MARYVILLE,35.75,-83.97
202007,148516,894596,1,0.0,N,MARYVILLE,35.75,-83.97
202007,148516,894597,1,0.69,S,ALCOA,35.79,-83.98
202007,149321,900039,1,1.38,S,ILFORD,36.45,-84.03
202007,149321,900040,1,1.31,ENE,BEECH GROVE,36.16,-83.9
202007,149321,900041,1,0.56,W,OAK GROVE,36.55,-83.49
202007,148664,895588,1,1.68,W,BEAVER RIDGE,35.98,-84.15
202007,148664,895589,1,0.69,N,BEAVER RIDGE,35.99,-84.12
202007,148664,895590,1,0.69,N,EDGEMOOR,36.03,-84.15
202007,148664,895591,1,1.32,ESE,NIOTA,35.51,-84.55
202007,149323,900054,1,1.13,W,COGHILL,35.28,-84.6
202007,149323,900055,1,0.89,NW,ENGLEWOOD,35.44,-84.49
202007,149323,900056,1,4.0,WSW,ONEIDA,36.4779,-84.5865
202007,149323,900057,1,1.19,NW,PHILADELPHIA,35.6927,-84.4144
202005,149126,899015,2,3.0,ESE,BARGERTON,35.7134,-88.4506
202005,149126,899015,1,0.13,SE,SAND RIDGE,35.6785,-88.4787
202007,149321,900042,1,0.69,S,MAYNARDVILLE,36.24,-83.8
202007,149321,900043,1,0.69,S,PINE RIDGE,35.12,-84.32
202007,149321,900044,1,2.15,NNE,SNEEDVILLE,36.56,-83.21
202007,149321,900045,1,1.81,ESE,HARBISON,36.11,-83.82
202007,149321,900046,1,5.93,ESE,SYCAMORE HALL,36.42,-83.4
202007,149321,900047,1,2.62,WNW,LEAMAN,36.55,-83.17
202007,149321,900048,1,0.89,NW,RUSSELLVILLE,36.26,-83.21
202007,149321,900049,1,1.38,S,ACORN,35.45,-84.23
202007,149321,900050,1,1.49,NNW,AVOCA,36.57,-82.24
202007,149329,900062,1,0.56,W,HUNTSVILLE,36.42,-84.49
202007,149329,900065,1,0.0,N,BRICEVILLE,36.18,-84.18
202007,149329,900066,1,0.69,N,HALLS XRDS,36.09,-83.93
202007,149329,900067,1,1.31,ESE,COPPER RIDGE,36.12,-83.9
202007,149329,900069,1,0.69,N,TAZEWELL,36.46,-83.57
202007,149329,900158,1,1.31,WNW,HICKORY STAR LNDG,36.29,-83.84
202007,149329,900074,1,2.07,N,SNEEDVILLE,36.56,-83.22
202007,149329,900061,1,0.69,S,GLEN ALICE,35.79,-84.73
202007,149329,900077,1,0.89,SW,JONESBORO,36.29,-82.48
202007,149329,900078,1,0.0,N,HAMPTON,36.28,-82.17
202007,149329,900076,1,1.31,WNW,GREENEVILLE,36.18,-82.85
202007,148053,891482,1,0.0,N,RICEVILLE,35.38,-84.7
202007,149321,900051,1,1.32,ENE,EVENSVILLE,35.58,-84.93
202007,148666,895598,1,2.9,ENE,SALE CREEK,35.39,-85.07
202007,148666,895599,1,1.38,S,PINEY FLATS,36.4,-82.3
202007,148666,895600,1,0.55,W,HARROGATE,36.58,-83.66
202007,148666,895601,1,1.49,SSE,NEWPORT,35.93,-83.17
202007,148666,895602,1,1.78,SW,OTTINGER,36.03,-83.07
202007,148666,895603,1,0.69,S,ZION HILL,36.46,-82.87
202007,148666,895604,1,0.56,E,CHURCH HILL,36.52,-82.71
202007,148666,895605,1,1.31,ESE,DRY CREEK,36.19,-82.41
202007,148666,895606,1,1.67,W,DAVIS SPGS,36.18,-82.31
202007,149329,900063,1,0.89,SE,IVYDELL,36.39,-84.12
202007,149329,900064,1,2.79,W,LEINART,36.12,-84.23
202007,149329,900068,1,1.31,WNW,HICKORY STAR LNDG,36.29,-83.84
202007,149329,900070,1,1.31,WSW,THORN HILL,36.36,-83.44
202007,149329,900071,1,0.0,N,SEVIERVILLE,35.87,-83.57
202007,149329,900072,1,0.69,S,FRENCH MILL,36.01,-83.5
202007,149329,900073,1,1.31,WSW,MORRISTOWN,36.21,-83.3
202007,149329,900075,1,0.56,W,SALEM,36.03,-83.04
202007,151248,911709,1,0.52,NW,COLLEGE GROVE,35.7862,-86.6854
202007,151248,911709,2,0.87,N,COLLEGE GROVE,35.7924,-86.6819
202007,151248,911709,3,1.12,NE,COLLEGE GROVE,35.7893,-86.6636
202007,151248,911709,4,0.72,ENE,COLLEGE GROVE,35.7837,-86.668
202007,151248,911710,1,2.15,NNE,NOLENSVILLE,35.98,-86.67
202007,151248,911710,2,2.05,N,NOLENSVILLE,35.9796,-86.6807
202007,151248,911710,3,1.78,N,NOLENSVILLE,35.9757,-86.6808
202007,151248,911710,4,1.9,NNE,NOLENSVILLE,35.9764,-86.6702
202007,151248,911711,1,0.93,W,ANTIOCH,36.0682,-86.6865
202007,151248,911711,2,1.06,SE,PARAGON MILL,36.0674,-86.689
202007,151248,911711,3,1.0,SSW,ANTIOCH,36.0574,-86.6786
202007,151248,911711,4,1.46,S,ANTIOCH,36.049,-86.6674
202007,151248,911711,5,1.39,S,ANTIOCH,36.0502,-86.6652
202007,151249,911712,1,0.0,N,JEREMIAH,36.23,-85.4
202007,151249,911713,1,1.51,E,WILHOITE MILLS,35.5999,-86.6932
202007,151249,911713,2,1.37,SSE,CHAPEL HILL,35.6116,-86.6911
202007,151249,911713,3,2.12,ENE,CANEY SPG,35.6282,-86.7435
202007,151249,911713,4,0.8,ESE,CANEY SPG,35.6166,-86.7665
202007,151249,911713,5,1.65,SSE,CANEY SPG,35.5987,-86.7668
202007,151251,911787,1,1.14,N,SHELBYVILLE,35.4965,-86.4713
202007,151251,911785,1,0.71,NE,SHELBYVILLE,35.4885,-86.4627
202007,151255,911723,1,0.0,N,CAIRO BEND,36.23,-86.4
202007,151255,911724,1,0.56,W,LA GUARDO,36.3,-86.44
202007,151255,913270,1,0.0,N,CAIRO BEND,36.23,-86.4
202007,151255,911725,1,2.51,SE,MT JULIET,36.1714,-86.4924
202007,151255,911725,2,2.66,SE,MT JULIET,36.1719,-86.4873
202007,151255,911725,3,2.74,SE,MT JULIET,36.1708,-86.4868
202007,151255,911725,4,2.57,SE,MT JULIET,36.1703,-86.4925
202007,151255,911726,1,1.43,ENE,UNION,35.7303,-85.678
202007,151251,911781,1,2.92,ESE,LEBANON,36.2022,-86.2525
202007,151251,911782,1,0.0,N,SHOP SPGS,36.13,-86.22
202007,151251,911779,1,0.0,N,MONROE,36.43,-85.25
202007,151252,911714,1,1.01,SSW,DICKSON MUNI ARPT,36.1157,-87.434
202007,151253,911715,1,1.41,E,RICHLAND,36.1525,-86.8549
202007,151253,911715,2,1.82,E,RICHLAND,36.1532,-86.8477
202007,151253,911715,3,1.84,E,RICHLAND,36.1544,-86.8475
202007,151253,911715,4,1.43,E,RICHLAND,36.1537,-86.8548
202007,151253,911717,1,1.67,E,RICHLAND,36.15,-86.85
202007,151254,911721,1,0.0,N,ALEXANDRIA,36.08,-86.03
202007,151254,911720,1,2.36,SSE,TEMPERANCE HALL,36.0497,-85.8806
202007,151254,911719,1,0.0,N,SMITHVILLE,35.97,-85.85
202007,151254,911718,1,1.12,SE,YANKEETOWN,35.9696,-85.4148
202007,151254,911722,1,0.0,N,GRIMSLEY,36.27,-84.98
202007,151250,911792,1,1.85,NW,STRINGTOWN,36.5002,-87.5919
202007,151250,911798,1,2.78,SW,SPRING HILL,36.3036,-87.6376
202007,151250,911801,1,1.16,WSW,DICKSON,36.0711,-87.3975
202007,151250,911805,1,0.0,N,TENNESSEE RIDGE,36.32,-87.77
202007,151250,911807,1,2.76,S,CRAGGIE HOPE,36.06,-87.15
202007,151250,911807,2,3.63,S,CRAGGIE HOPE,36.0475,-87.152
202007,151250,911807,3,3.65,S,CRAGGIE HOPE,36.0477,-87.1585
202007,151250,911807,4,2.74,S,CRAGGIE HOPE,36.0607,-87.1571
202007,151250,911808,1,1.0,SW,COLESBURG,36.0592,-87.362
202007,151250,911808,2,2.14,WSW,DICKSON,36.0678,-87.4153
202007,151250,911808,3,1.53,WNW,DICKSON,36.0922,-87.4029
202007,151250,911808,4,0.69,N,COLESBURG,36.0799,-87.3514
202007,151250,911813,1,1.38,S,MADISON,36.23,-86.77
202007,151250,911817,1,0.0,N,MT PLEASANT,35.53,-87.2
202007,151250,911819,1,0.0,N,CENTERVILLE,35.78,-87.47
202007,151250,911821,1,1.64,NW,GORDONSBURG,35.5883,-87.4486
202007,150880,909476,1,11.29,SW,MIDDLE FORK,35.4291,-88.6578
202007,150880,909476,2,11.07,SW,MIDDLE FORK,35.4289,-88.6526
202007,150880,909476,3,11.25,SW,MIDDLE FORK,35.4268,-88.6547
202007,150880,909476,4,11.4,SW,MIDDLE FORK,35.4269,-88.6582
202007,151250,911825,1,0.84,SE,SCREAMER,35.4422,-87.1586
202007,151250,911825,2,0.88,WSW,HAMPSHIRE,35.5974,-87.3154
202007,151250,911825,3,0.79,NE,HAMPSHIRE,35.608,-87.2899
202007,151250,911825,4,2.25,ESE,GODWIN,35.6351,-87.0144
202007,151250,912772,1,0.0,N,INDIAN MOUND,36.5,-87.68
202007,151250,912773,1,3.94,W,YOKLEY,35.42,-87.19
202007,151250,912774,1,1.53,NE,WRIGLEY,35.9156,-87.3306
202007,150880,909450,1,0.63,ESE,MADDOX,35.1656,-88.2102
202007,150880,909450,2,0.5,WSW,MADDOX,35.1676,-88.2284
202007,150880,909450,3,1.28,SSW,MADDOX,35.1526,-88.2277
202007,150880,909450,4,1.23,SSE,MADDOX,35.154,-88.2105
202007,150880,909455,1,1.46,ESE,OAKFIELD,35.7131,-88.7754
202007,150880,909455,2,2.06,ESE,OAKFIELD,35.712,-88.7647
202007,150880,909455,3,2.21,SE,OAKFIELD,35.7012,-88.7681
202007,150880,909455,4,1.69,SE,OAKFIELD,35.7017,-88.78
202007,150880,909460,1,1.03,NE,PINSON,35.4908,-88.7174
202007,150880,909460,2,1.02,NNE,PINSON,35.4927,-88.7205
202007,150880,909460,3,0.76,NNE,PINSON,35.4895,-88.7232
202007,150880,909460,4,0.77,NE,PINSON,35.4881,-88.7207
202007,150880,909462,1,0.85,NNW,EAST UNION,35.6119,-88.7839
202007,150880,909462,2,1.08,NE,EAST UNION,35.6105,-88.7659
202007,150880,909462,3,0.87,ENE,EAST UNION,35.6043,-88.7655
202007,150880,909462,4,0.7,NW,EAST UNION,35.608,-88.7876
202007,150880,909478,1,2.12,SW,FORTY FORKS,35.2769,-88.6047
202007,150880,909478,2,1.43,SSW,FORTY FORKS,35.2803,-88.5879
202007,150880,909478,3,1.86,S,FORTY FORKS,35.2735,-88.5859
202007,150880,909478,4,2.39,SSW,FORTY FORKS,35.2709,-88.603
202007,151128,911234,1,1.0,S,CARYVILLE,36.2855,-84.22
202007,151128,911234,2,2.0,WSW,CARYVILLE,36.2889,-84.2532
202007,151128,911234,3,1.0,NNE,JACKSBORO,36.3434,-84.1731
202007,151128,911234,4,1.0,ESE,JACKSBORO,36.3245,-84.1634
202007,151128,911238,1,3.5,WSW,KETCHEN,36.5506,-84.3783
202007,151128,911238,2,4.0,SW,KETCHEN,36.5291,-84.371
202007,151128,911238,3,3.0,SSW,KETCHEN,36.5299,-84.3407
202007,151128,911238,4,2.0,SSW,KETCHEN,36.5433,-84.3338
202007,151128,911241,1,2.5,NNE,WILDWOOD,35.8334,-83.8529
202007,151128,911241,2,5.5,NE,WILDWOOD,35.8563,-83.8006
202007,151128,911241,3,5.0,ENE,WILDWOOD,35.8277,-83.7876
202007,151128,911241,4,2.5,ENE,WILDWOOD,35.8139,-83.8288
202007,150880,909480,1,0.0,N,SELMER,35.18,-88.6
202007,150880,909480,2,1.11,NNE,SELMER,35.1952,-88.5935
202007,150880,909480,3,1.73,ENE,SELMER,35.1857,-88.5702
202007,150880,909480,4,1.46,E,FALCON,35.1516,-88.5943
202007,150880,909480,5,1.14,NE,FALCON,35.1625,-88.6068
202007,150880,909688,1,0.42,W,LUCY,35.3011,-89.9373
202007,150880,909688,2,2.29,E,LUCY,35.3061,-89.8901
202008,149818,902953,1,0.69,N,GEORGETOWN,35.29,-84.95
202008,150892,909499,1,1.68,E,SAMPSON,35.67,-85.24
202008,151134,911252,1,1.0,N,OAK HILL,35.7445,-84.63
202008,151134,911252,2,3.0,NW,OAK HILL,35.7607,-84.6678
202008,151134,911252,3,3.0,N,OAK HILL,35.7734,-84.63
202008,151134,911252,4,3.0,NE,OAK HILL,35.7607,-84.5922
202008,151133,911244,1,0.69,S,SUMMER CITY,35.57,-85.12
202008,151133,911244,2,0.0,S,SUMMER CITY,35.58,-85.12
202008,151133,911244,3,0.5,SE,SUMMER CITY,35.5749,-85.1137
202008,151133,911244,4,0.6,SE,SUMMER CITY,35.5739,-85.1125
202008,151133,911246,1,0.5,E,CAMP CREEK,36.1,-82.761
202008,151133,911246,2,0.0,NE,CAMP CREEK,36.1,-82.77
202008,151133,911246,3,2.0,S,CAMP CREEK,36.0711,-82.77
202008,151133,911246,4,2.0,SSE,CAMP CREEK,36.0733,-82.7563
202008,152411,917931,1,1.45,W,CROSS PLAINS,36.5509,-86.7261
202008,152411,917932,4,0.41,ENE,LIVINGSTON,36.3823,-85.3132
202008,152411,917932,1,0.69,N,LIVINGSTON,36.39,-85.32
202008,152411,917932,2,0.97,WNW,LIVINGSTON,36.385,-85.3363
202008,152411,917932,3,0.68,WSW,LIVINGSTON,36.3759,-85.3311
202008,152411,917933,1,1.31,WNW,OKALONA,36.33,-85.35
202008,152411,917933,2,1.46,NW,OKALONA,36.3358,-85.3475
202008,152411,917933,3,1.14,N,OKALONA,36.3364,-85.3331
202008,152411,917933,4,0.79,NNW,OKALONA,36.3308,-85.3349
202008,152411,917934,1,1.47,SW,LIVINGSTON,36.3644,-85.3379
202008,152411,917934,2,1.28,SW,LIVINGSTON,36.3647,-85.3332
202008,152411,917934,3,1.17,ENE,LIVINGSTON,36.3886,-85.302
202008,152411,917934,4,1.33,E,LIVINGSTON ARPT,36.3987,-85.2962
202008,152411,917934,5,0.54,WSW,LIVINGSTON ARPT,36.3981,-85.3294
202008,152411,917934,6,1.29,W,LIVINGSTON,36.3771,-85.343
202008,152411,917935,1,0.42,S,BAXTER,36.1439,-85.6303
202008,152411,917935,2,0.5,W,COLES STORE,36.1712,-85.6289
202008,152411,917935,3,0.52,WSW,ENSOR,36.1678,-85.659
202008,152411,917935,4,1.36,NE,BOMA,36.1417,-85.6604
202008,152409,917953,1,2.25,SW,VERVILLA,35.5535,-85.9032
202008,152409,917953,2,1.04,S,VERVILLA,35.565,-85.8804
202008,152409,917952,1,0.64,NE,NASH,36.0753,-85.6405
202008,152409,917952,2,1.55,NNE,TWIN OAK,36.1018,-85.6137
202008,152409,917948,1,5.0,SW,GOODLETTSVILLE,36.2688,-86.7835
202008,152409,917951,1,0.9,SSE,DE ROSSETT,35.9373,-85.2959
202008,152409,917946,1,0.96,SW,ARROW,35.5106,-87.2125
202008,152409,917949,1,0.0,N,UNION HILL,36.33,-86.78
202008,152409,917950,1,1.2,E,ROCK STATION,35.7502,-85.6286
202008,152409,917944,1,1.94,SW,LIBERTY HILL,35.9567,-87.1893
202008,152409,917943,1,3.36,SW,TIDWELL,35.8953,-87.272
202008,152409,917942,1,0.0,N,PRIMM SPGS,35.82,-87.27
202008,152409,917941,1,0.78,S,TIDWELL,35.919,-87.2326
202008,152409,917947,1,0.0,N,ASHLAND CITY,36.28,-87.07
202008,152409,917945,1,0.0,N,KINGSTON SPGS,36.1,-87.12
202008,152403,917916,1,0.64,SE,STONE RIVER,36.1725,-86.5931
202008,152404,917917,1,0.0,N,RED BOILING SPGS,36.53,-85.85
202008,152404,917918,1,0.0,N,DEFEATED,36.32,-85.9
202008,152404,917919,1,0.0,N,CHESTNUT MOUND,36.2,-85.82
202008,152404,917920,1,0.0,N,GENTRY,36.18,-85.75
202008,152405,917921,1,2.22,W,NASHVILLE CORNELIA F,36.183,-86.7397
202008,152405,917922,1,2.16,SSW,INGLEWOOD,36.1899,-86.7402
202008,152405,917923,1,1.79,SE,DONELSON,36.1535,-86.6254
202008,152405,917925,1,0.3,SSE,CLARKSVILLE,36.5264,-87.3472
202008,152405,917926,1,0.61,WSW,CLARKSVILLE,36.5267,-87.3603
202008,152405,917926,2,0.59,WSW,CLARKSVILLE,36.5268,-87.3599
202008,152405,917926,3,0.62,SW,CLARKSVILLE,36.525,-87.3593
202008,152405,917926,4,0.71,SW,CLARKSVILLE,36.5231,-87.3595
202008,152405,917926,5,0.73,SW,CLARKSVILLE,36.5231,-87.36
202008,152405,917926,6,0.65,WSW,CLARKSVILLE,36.5249,-87.3599
202008,152405,917927,1,0.0,N,BLACKMAN,35.88,-86.52
202008,152406,917928,1,0.55,NW,LIVINGSTON,36.3858,-85.3268
202008,152407,917929,1,2.8,W,DOAKS XRDS,36.1191,-86.2802
202008,152410,917930,1,0.74,N,FREDONIA,36.4406,-87.2177
202008,152408,917936,1,0.51,ESE,FIVE PTS,35.0478,-87.3113
202008,152408,917937,1,1.97,E,SPRING CREEK,35.2147,-87.4157
202008,152408,917938,1,1.67,NNW,RED HILL,35.3229,-87.4296
202008,152408,917939,1,7.7,ESE,GORDONSBURG,35.528,-87.3031
202008,152408,917940,1,1.31,SW,COLESBURG,36.0556,-87.3652
202008,149805,902949,1,0.56,E,ROCKY SPG,35.48,-84.34
202009,153080,921817,1,3.34,WSW,BENDING CHESTNUT,35.8467,-87.1523
202009,153080,921828,1,2.14,WSW,BENDING CHESTNUT,35.8616,-87.1367
202009,153080,921828,2,0.82,ESE,BENDING CHESTNUT,35.864,-87.0875
202009,153080,921818,1,1.23,N,FRANKLIN,35.9378,-86.9021
202009,153080,921819,1,0.41,NE,CROSS KEYS,35.7537,-86.7643
202009,153080,921820,1,1.11,WSW,MUDSINK,35.9132,-86.838
202009,153080,921820,2,1.0,WSW,MUDSINK,35.9129,-86.8355
202009,153080,921820,3,1.12,SW,MUDSINK,35.9103,-86.8361
202009,153080,921820,4,1.22,WSW,MUDSINK,35.9105,-86.8384
202009,153081,921849,1,0.56,ESE,ROGANA,36.4468,-86.3208
202009,153081,921849,2,1.18,ESE,ROGANA,36.4466,-86.3092
202009,153081,921849,3,1.28,ESE,ROGANA,36.441,-86.3098
202009,153081,921849,4,0.72,SE,ROGANA,36.4422,-86.3215
202009,153081,921829,1,3.28,NNW,NOLENSVILLE,35.9946,-86.6998
202009,153081,921829,2,3.15,NNW,NOLENSVILLE,35.9942,-86.6941
202009,153081,921829,3,1.39,NW,NOLENSVILLE,35.9641,-86.6978
202009,153081,921829,4,1.71,NW,NOLENSVILLE,35.9643,-86.705
202009,153080,921821,1,1.55,WSW,MALLORYS,35.9424,-86.8262
202009,153080,921821,2,1.4,N,MUDSINK,35.9401,-86.824
202009,153080,921821,3,1.14,NNW,MUDSINK,35.936,-86.8251
202009,153080,921821,4,1.26,NNW,MUDSINK,35.9365,-86.8296
202009,153080,921821,5,1.46,NNW,MUDSINK,35.9391,-86.8312
202009,153080,921822,1,1.18,NW,RUDDERVILLE,35.8631,-86.7636
202009,153080,921822,2,1.2,WNW,RUDDERVILLE,35.8596,-86.768
202009,153080,921822,3,1.13,W,RUDDERVILLE,35.8528,-86.7698
202009,153080,921822,4,0.81,W,RUDDERVILLE,35.8516,-86.7643
202009,153080,921822,5,1.05,NNW,RUDDERVILLE,35.8631,-86.7596
202011,154350,929984,1,0.0,N,ROELLEM,36.02,-89.25
202009,153081,921850,1,3.6,WNW,BARNESVILLE,35.451,-87.4385
202009,153081,921850,2,1.57,WSW,HENRYVILLE,35.3886,-87.4241
202009,153081,921850,3,2.63,ENE,ALEXANDER SPGS,35.3934,-87.2362
202009,153081,921850,4,3.6,ENE,SUMMERTOWN,35.4512,-87.2416
202009,153082,921816,1,0.98,NE,MT VIEW,35.3117,-85.8604
202009,153081,921833,1,1.11,SW,KANSAS,36.4381,-86.3934
202009,153081,921833,2,1.07,SW,KANSAS,36.4383,-86.3925
202009,153081,921833,3,0.8,NW,KANSAS,36.4592,-86.3887
202009,153081,921833,4,1.48,NNW,KANSAS,36.468,-86.3944
202009,153081,921833,5,1.47,NW,KANSAS,36.4664,-86.3969
202009,153081,921833,6,0.89,NW,KANSAS,36.4589,-86.3916
202009,153081,921833,7,1.04,SW,KANSAS,36.4402,-86.3942
202009,153081,921834,1,0.4,ENE,SPRING HILL,35.7529,-86.9239
202009,153081,921834,2,0.58,ENE,SPRING HILL,35.7527,-86.9202
202009,153081,921834,3,0.57,ENE,SPRING HILL,35.7523,-86.9202
202009,153081,921834,4,0.38,ENE,SPRING HILL,35.7524,-86.9239
202009,153081,921837,1,2.06,W,MT JULIET,36.1956,-86.5565
202009,153081,921837,2,1.72,W,MT JULIET,36.196,-86.5504
202009,153081,921837,3,1.71,WSW,MT JULIET,36.1947,-86.5499
202009,153081,921837,4,2.07,WSW,MT JULIET,36.1941,-86.5564
202009,153081,921838,1,0.29,WSW,VESTA,36.068,-86.4245
202009,153081,921838,2,0.2,SSE,VESTA,36.0672,-86.4192
202009,153081,921838,3,0.38,S,VESTA,36.0646,-86.42
202009,153081,921838,4,0.42,SW,VESTA,36.0652,-86.4246
202009,153081,921841,1,0.81,NE,SANDY HOOK,35.4878,-87.2392
202009,153081,921841,4,1.02,ENE,SANDY HOOK,35.485,-87.2329
202009,153081,921841,3,0.49,SE,SANDY HOOK,35.4759,-87.2429
202009,153081,921841,2,0.09,SSE,SANDY HOOK,35.4788,-87.2493
202009,153081,921846,1,1.24,WSW,GODWIN,35.6401,-87.0683
202009,153081,921846,2,2.76,NNW,UNION GROVE,35.6367,-86.9893
202009,153081,921846,3,1.76,SW,UNION GROVE,35.5804,-86.9899
202009,153081,921846,4,1.01,SSE,WESTWOOD,35.5863,-87.0738
202009,153080,921823,1,2.15,SSE,MT JULIET,36.1705,-86.5079
202009,153080,921824,1,0.59,E,NOLENSVILLE,35.9502,-86.6695
202009,153080,921824,2,0.88,E,NOLENSVILLE,35.9524,-86.6646
202009,153080,921824,3,0.98,E,NOLENSVILLE,35.9518,-86.6626
202009,153080,921824,4,0.88,E,NOLENSVILLE,35.9501,-86.6643
202009,153080,921824,5,0.64,E,NOLENSVILLE,35.9487,-86.6686
202009,153080,921825,1,0.51,ESE,SANDHILL,36.0264,-86.5421
202009,153080,921825,2,1.29,SE,SANDHILL,36.0172,-86.5332
202009,153080,921825,3,0.44,SSW,SEWART AFB,35.9945,-86.524
202009,153080,921825,4,0.75,SW,SEWART AFB,35.9922,-86.5293
202009,153080,921825,5,1.29,S,SANDHILL,36.0114,-86.5497
202009,153080,921826,1,0.73,NNE,NOLENSVILLE,35.9591,-86.6734
202009,153080,921826,2,0.81,NE,NOLENSVILLE,35.9595,-86.6716
202009,153080,921826,3,0.78,NE,NOLENSVILLE,35.9579,-86.67
202009,153080,921826,4,0.66,NE,NOLENSVILLE,35.9573,-86.6723
202009,153081,921831,1,0.72,S,WRENCOE,36.0097,-86.7014
202009,153081,921831,2,0.68,S,WRENCOE,36.0102,-86.6994
202009,153081,921831,3,0.79,SSE,WRENCOE,36.0095,-86.6945
202009,153081,921831,4,0.76,SE,WRENCOE,36.013,-86.6896
202009,153081,921831,5,1.02,ESE,WRENCOE,36.0144,-86.6831
202009,153081,921831,6,1.07,ESE,WRENCOE,36.0117,-86.6838
202009,153081,921831,7,0.89,SSE,WRENCOE,36.0081,-86.694
202009,153081,921831,8,0.86,S,WRENCOE,36.0075,-86.7004
202009,153081,921830,1,3.62,NNW,NOLENSVILLE,35.9984,-86.7046
202009,153081,921830,2,3.36,N,NOLENSVILLE,35.9986,-86.6773
202009,153081,921830,3,2.57,NNE,NOLENSVILLE,35.9813,-86.655
202009,153081,921830,4,2.77,SE,NOLENSVILLE,35.9251,-86.6411
202009,153081,921830,5,1.83,SSW,NOLENSVILLE,35.9248,-86.69
202009,153081,921851,1,1.0,SSE,LEBANON,36.207,-86.2921
202009,153081,921851,2,1.42,SSE,LEBANON,36.2002,-86.2934
202009,153081,921851,3,1.46,SSE,LEBANON,36.2,-86.2915
202009,153081,921851,4,1.06,SSE,LEBANON,36.2068,-86.2903
202009,153081,921852,1,0.22,SSE,RIDLEY,35.5473,-87.198
202009,153081,921852,2,0.49,WNW,COLUMBIA MAURY ARPT,35.5527,-87.188
202009,153081,921852,3,0.46,NNW,CANAAN,35.5865,-87.1818
202009,153081,921852,4,0.83,NW,CANAAN,35.587,-87.1919
202009,153081,921835,2,1.62,NNE,ROCKLAND,36.3223,-86.621
202009,153081,921835,3,1.31,NNE,ROCKLAND,36.3173,-86.6203
202009,153081,921835,4,0.58,NE,ROCKLAND,36.305,-86.6216
202009,153081,921835,5,0.75,ENE,ROCKLAND,36.3056,-86.6184
202009,153081,921835,6,1.5,NNE,ROCKLAND,36.3188,-86.6165
202009,153081,921835,1,1.78,NNE,ROCKLAND,36.3244,-86.6198
202009,153081,921836,1,0.56,W,COLUMBIA MAURY ARPT,35.55,-87.19
202009,153081,921836,2,1.52,WNW,NEEDMORE,35.5555,-87.2561
202009,153081,921836,3,1.45,N,SANDY HOOK,35.501,-87.2505
202009,153081,921836,4,1.06,S,ARROW,35.5048,-87.1971
202009,153081,921839,1,1.51,SW,LA VERGNE,36.0063,-86.6012
202009,153081,921839,2,1.62,SW,LA VERGNE,36.007,-86.6041
202009,153081,921839,3,1.71,SW,LA VERGNE,36.0052,-86.6045
202009,153081,921839,4,1.62,SW,LA VERGNE,36.0046,-86.602
202009,153081,921840,1,1.73,SSE,ANTIOCH,36.0459,-86.6613
202009,153081,921840,2,1.69,SSE,ANTIOCH,36.0468,-86.6604
202009,153081,921840,3,0.96,SSW,ANTIOCH,36.0567,-86.675
202009,153081,921840,4,1.03,SSW,ANTIOCH,36.0562,-86.6768
202009,153081,921840,5,1.3,S,ANTIOCH,36.0512,-86.6713
202009,153081,921832,1,0.83,S,SANDHILL,36.018,-86.5481
202009,153081,921832,2,0.86,S,SANDHILL,36.0178,-86.5472
202009,153081,921832,3,1.18,S,SANDHILL,36.013,-86.5482
202009,153081,921832,4,1.14,S,SANDHILL,36.0135,-86.5494
202009,153081,922544,1,1.64,S,NOLENSVILLE,35.9263,-86.6816
202009,153081,922545,1,1.43,W,SMYRNA,35.9832,-86.5552
202009,153081,922545,2,1.4,W,SMYRNA,35.9835,-86.5546
202009,153081,922545,3,1.53,WNW,SMYRNA,35.9867,-86.5561
202009,153081,922545,4,1.57,WNW,SMYRNA,35.9866,-86.5568
202009,153081,922545,5,1.51,WNW,SMYRNA,35.9849,-86.5563
202009,153081,921847,1,1.18,N,GALLATIN,36.417,-86.451
202009,153081,921847,2,1.28,NNE,GALLATIN,36.4174,-86.4424
202009,153081,921847,3,1.03,NNE,GALLATIN,36.414,-86.4436
202009,153081,921847,4,1.05,N,GALLATIN,36.4151,-86.4515
202009,153081,921848,1,2.06,NE,BARNESVILLE,35.4498,-87.3527
202009,153081,921848,2,2.07,NE,SUMMERTOWN,35.4479,-87.2705
202009,153081,921848,3,2.05,NNE,ALEXANDER SPGS,35.4091,-87.2725
202009,153081,921848,4,1.83,SE,BARNESVILLE,35.413,-87.355
202009,152963,921325,1,2.07,S,GISMONDA,35.94,-88.12
202009,152963,921325,2,2.43,S,GISMONDA,35.935,-88.1233
202009,152963,921325,3,2.63,S,GISMONDA,35.9319,-88.12
202009,152963,921325,4,2.3,S,GISMONDA,35.9368,-88.1183
202009,152963,921332,1,1.01,W,WYNNBURG,36.329,-89.4981
202009,152963,921332,2,1.28,W,SUNKIST BEACH,36.3517,-89.4729
202009,153081,921853,1,3.27,NE,MALLORYS,35.9835,-86.7587
202009,152973,921353,1,0.56,E,SIBLEY,35.32,-88.27
202009,152973,921353,2,0.62,ESE,SIBLEY,35.3176,-88.2694
202009,152973,921353,3,0.74,ESE,SIBLEY,35.3166,-88.2675
202009,152973,921353,4,0.7,E,SIBLEY,35.319,-88.2677
202003,146520,880407,1,0.45,WNW,IDLEWILD,36.0323,-88.8275
202003,146520,880407,2,4.05,NNE,GANN,36.0534,-88.7
202011,153396,923594,1,2.0,E,LAUREL BLOOMERY,36.57,-81.734
202011,153396,923594,2,2.0,S,LAUREL BLOOMERY,36.5411,-81.77
202011,153396,923594,3,1.0,W,LAUREL BLOOMERY,36.57,-81.788
202011,153396,923594,4,2.0,NNE,LAUREL BLOOMERY,36.5967,-81.7562
202010,153374,923502,1,2.22,NNW,DANIEL,36.2991,-87.2371
202006,150416,906709,1,0.49,ENE,RALEIGH,35.2015,-89.9215
202006,150416,906709,2,3.14,E,CAPLEVILLE,35.0153,-89.8648
202010,153582,924718,1,0.9,NE,HOLLOW ROCK,36.0398,-88.2694
202010,152904,923593,1,2.5,SE,OLIVER SPGS,36.0244,-84.2984
202010,152904,923593,2,2.0,S,OLIVER SPGS,36.0211,-84.33
202010,152904,923593,3,1.5,W,OLIVER SPGS,36.05,-84.3569
202010,152904,923593,4,1.5,N,OLIVER SPGS,36.0717,-84.33
202010,153582,924719,1,2.0,E,HUNTINGDON,36.0,-88.3842
202006,150355,906407,1,0.81,SSE,FISHERVILLE,35.1592,-89.6645
202006,150355,906406,1,1.94,NNE,TRENTON,36.0073,-88.9216
202006,150355,906406,2,2.27,W,TUCKERS CORNER,35.9961,-88.8903
202006,150433,906835,1,4.34,E,WYLY,36.1668,-88.0723
202006,150433,906835,2,3.37,N,WAY,36.1684,-88.0077
202006,150505,907315,1,0.57,NE,WOODBURY,35.8355,-86.0725
202006,150505,907316,1,0.0,N,WOODBURY,35.83,-86.08
202006,150505,907317,1,0.12,NNE,NORTH XRDS,35.3215,-87.3491
202006,150506,907318,1,2.19,ENE,CROSS KEYS,35.7653,-86.7359
202006,150506,907319,1,2.85,ESE,CROSS KEYS,35.7362,-86.7222
202006,150506,907320,1,0.0,N,CHAPEL HILL,35.63,-86.7
202006,150508,907323,1,2.67,NNW,SUGGS CREEK,36.1559,-86.5175
202006,150508,907323,2,2.21,N,SUGGS CREEK,36.1514,-86.5075
202006,150508,907323,3,2.06,N,SUGGS CREEK,36.1497,-86.4962
202006,150508,907323,4,2.14,NNE,SUGGS CREEK,36.1476,-86.4827
202006,150508,907323,5,2.1,NNE,SUGGS CREEK,36.1469,-86.4826
202006,150508,907323,6,1.91,NNE,SUGGS CREEK,36.1466,-86.491
202006,150508,907323,7,2.11,NNW,SUGGS CREEK,36.1498,-86.5082
202006,150508,907323,8,2.52,NNW,SUGGS CREEK,36.1535,-86.5177
202006,150507,907321,1,1.2,NW,HIGHLAND,36.3803,-85.7874
202006,150509,907324,1,0.0,N,COBLE,35.78,-87.63
202006,150509,907325,1,5.09,SSE,GORDONSBURG,35.5039,-87.3899
202006,150509,907326,1,2.52,NNW,BRACE,35.4048,-87.3331
202006,150509,907327,1,1.3,SW,SOUTH FAIRVIEW,35.0356,-87.4846
202006,150509,907328,1,1.24,ENE,SOUTH FAIRVIEW,35.0565,-87.4496
202006,150355,906412,1,0.5,NE,SCOTT HILL,35.9042,-88.4728
202006,150355,906412,2,0.3,NNE,SHILOH,35.8339,-88.2178
202006,150428,906816,1,1.98,SSE,BAILEY,35.0257,-89.7115
202006,150428,906816,2,2.03,SSE,COLLIERVILLE,35.0221,-89.6589
202006,150428,906816,3,2.7,SSE,COLLIERVILLE,35.0124,-89.6575
202006,150428,906816,4,1.43,NE,COLLIERVILLE ARPK,35.0121,-89.7094
202006,148056,891514,1,0.69,S,CLOVER HILL,35.71,-84.05
202006,148056,891515,1,1.13,E,RED HILL,35.23,-85.5
202006,148056,891517,1,2.07,S,DILL,35.55,-85.2
202006,148056,891518,1,2.98,NNW,OAK HILL,35.77,-84.65
202006,148056,891519,1,0.89,SE,UNION GROVE,35.59,-84.57
202006,148056,891521,1,2.17,SE,DYLLIS,35.95,-84.34
202006,150416,906704,1,0.87,ESE,COLLIERVILLE,35.0452,-89.6557
202006,150416,906705,1,0.0,N,(MEM)MEMPHIS INTL AR,35.05,-89.98
202006,150416,906706,1,0.75,SSW,PIPERTON,35.04,-89.6351
202107,162123,978837,1,1.49,NNE,SEWANEE,35.22,-85.92
202104,157817,953915,1,0.0,N,GIFT,35.55,-89.57
202104,157817,953916,1,0.89,NE,RIALTO,35.63,-89.61
202104,157817,953918,1,0.0,N,WILLISTON,35.17,-89.38
202104,157817,953917,1,0.0,N,STANTON,35.47,-89.4
202104,157817,954372,1,1.61,SE,SELMER,35.1616,-88.5825
202104,157848,954135,1,0.0,N,UNION CITY,36.42,-89.05
202104,157848,954150,1,1.49,NNE,INDIA,36.35,-88.26
202104,157848,954150,2,2.62,ESE,OAK GROVE,36.38,-88.13
202104,157049,949288,1,0.69,S,SUNBRIGHT,36.24,-84.67
202104,157049,949289,1,0.69,N,HELENWOOD,36.44,-84.53
202104,157049,949291,1,0.0,N,FOGAL,36.47,-84.52
202104,157049,949292,1,0.0,N,CLAIRFIELD,36.55,-83.95
202104,157049,949295,1,0.69,N,KILSYTH,36.44,-84.08
202104,157049,949297,1,2.35,NNE,ONEIDA,36.53,-84.5
202104,157049,949296,1,0.69,S,SUNBRIGHT,36.24,-84.67
202104,157049,949306,1,1.31,S,CORDELL,36.3112,-84.4537
202104,157049,949306,2,0.39,NNE,BULL CREEK,36.3349,-84.4164
202104,157049,949299,1,1.14,NW,NORMA,36.3392,-84.397
202104,157049,949299,2,1.83,N,NORMA,36.356,-84.3859
202104,157049,949300,1,1.52,WNW,DEAN,36.3593,-84.3747
202104,157049,949300,2,2.01,N,DEAN,36.3791,-84.3521
202102,156583,946102,1,2.16,NNW,ROCK SPGS,35.9759,-86.5714
202102,156583,946102,2,1.48,NW,ROCK SPGS,35.9675,-86.5654
202102,156583,946102,3,0.76,W,SMYRNA,35.981,-86.5435
202102,156583,946102,4,1.19,WNW,SMYRNA,35.9869,-86.5495
202102,156583,946103,1,0.99,NNW,SOUTH CARTHAGE,36.2634,-85.9563
202102,156583,946103,2,0.7,NNW,CARTHAGE,36.2595,-85.9346
202102,156583,946103,3,0.4,SE,SOUTH CARTHAGE,36.2455,-85.9454
202102,156583,946103,4,0.29,W,SOUTH CARTHAGE,36.2504,-85.9553
202102,156583,946104,1,1.05,NNE,BELLE MEADE,36.1133,-86.8608
202102,156583,946104,2,1.06,NNE,BELLE MEADE,36.1141,-86.8625
202102,156583,946104,3,1.13,NNE,BELLE MEADE,36.1149,-86.8618
202102,156583,946104,4,1.11,NNE,BELLE MEADE,36.114,-86.8601
202102,156583,946106,1,0.75,SSE,PLANT,36.0099,-87.9153
202102,156583,946106,2,0.84,SE,PLANT,36.0101,-87.9114
202102,156583,946107,1,0.46,WNW,MC EWEN,36.1234,-87.637
202102,156583,946107,2,0.31,WNW,MC EWEN,36.1224,-87.6347
202102,156583,946107,3,0.32,NW,MC EWEN,36.1236,-87.6335
202102,156583,946107,4,0.49,NE,MC EWEN,36.125,-87.6237
202102,156583,946107,5,0.57,NE,MC EWEN,36.1265,-87.6235
202102,156583,946107,6,0.44,NW,MC EWEN,36.125,-87.635
202102,156583,946108,1,1.56,SSE,SPRINGFIELD MUNI ARP,36.5086,-86.9111
202102,156583,946108,2,1.33,SSW,SPRINGFIELD,36.482,-86.8885
202102,156583,946108,3,1.47,WSW,BAGGETTSVILLE,36.4738,-86.7454
202102,156583,946108,4,1.07,W,CROSS PLAINS,36.5525,-86.7191
202102,156583,946108,5,0.49,SSW,MT DENSON,36.5431,-86.882
202102,156583,946109,1,1.57,SSE,NASHVILLE,36.1509,-86.7647
202102,156583,946110,1,0.78,S,GREENLAWN,36.2388,-86.5711
202102,156583,946111,1,0.19,W,HENDERSONVILLE,36.2802,-86.6234
202102,156583,946112,1,0.43,ESE,GREENLAWN,36.2472,-86.5631
202102,156583,946113,1,1.95,ESE,HENDERSONVILLE,36.2742,-86.5857
202102,156583,946114,1,2.43,E,HENDERSONVILLE,36.2762,-86.5767
202105,158421,963689,1,0.79,W,IVY PT,36.348,-86.7939
202105,158421,963689,2,3.41,NE,GOODLETTSVILLE,36.358,-86.6808
202102,156583,946115,1,0.5,ENE,LA GUARDO,36.3019,-86.4214
202102,156583,946116,1,0.0,N,GAINESBORO,36.35,-85.65
202102,156583,946117,1,2.52,NE,POLLARD,36.309,-87.6526
202102,156583,946117,2,2.73,WSW,SPRING HILL,36.3132,-87.6443
202102,156583,946117,3,2.71,WSW,SPRING HILL,36.3122,-87.6433
202102,156583,946117,4,2.53,NE,POLLARD,36.3085,-87.6516
202102,156583,946118,1,1.39,SSE,CUMBERLAND HGTS,36.4803,-87.375
202102,156583,946118,2,1.3,WNW,OAKRIDGE,36.4061,-87.4922
202102,156583,946118,3,1.08,NE,LOUISE,36.3793,-87.3842
202102,156583,946118,4,1.96,SSE,SALEM,36.4446,-87.3145
202102,156583,946119,1,0.0,SW,MONROE,36.43,-85.25
202102,156583,946121,1,2.0,SE,LOCKERTSVILLE,36.328,-87.0965
202102,156583,946121,2,2.35,SE,LOCKERTSVILLE,36.3243,-87.0923
202102,156583,946121,3,2.28,WNW,SYCAMORE,36.3265,-87.0902
202102,156583,946121,4,2.01,SE,LOCKERTSVILLE,36.3292,-87.0947
202105,158421,963692,1,1.91,N,CLEARVIEW,36.5776,-86.5997
202105,158421,963692,2,1.96,N,CLEARVIEW,36.5781,-86.5951
202105,158421,963695,1,0.1,WNW,WHITE HOUSE,36.4703,-86.6518
202105,158421,963695,2,0.18,E,WHITE HOUSE,36.4705,-86.6468
202102,156583,946122,1,0.22,NE,OAK GROVE,36.0021,-87.4771
202102,156583,946122,2,3.25,W,OAK GROVE,35.9952,-87.5379
202102,156583,946122,3,2.91,NNW,EDGEWOOD,36.2184,-87.5514
202102,156583,946122,4,2.09,W,VANLEER,36.2314,-87.4875
202102,156583,946123,1,0.56,SSE,GRAY,35.4925,-86.4162
202102,156583,946124,1,0.0,SW,CHRISTIANA,35.72,-86.4
202102,156583,946125,1,1.15,S,GRAY,35.4835,-86.4185
202102,156583,946126,1,0.0,N,WARTRACE,35.53,-86.35
202102,156583,946105,1,3.84,W,DOVER,36.4856,-87.8988
202102,156583,946105,2,3.31,W,DOVER,36.4794,-87.8896
202102,156583,946105,3,1.73,WSW,DOVER,36.4737,-87.8601
202102,156583,946105,4,1.51,W,DOVER,36.4766,-87.8569
202105,158421,963754,1,1.22,N,PAYNES STORE,36.4177,-86.2701
202105,158421,963754,2,1.87,S,TEMPLOW,36.403,-86.228
202105,158421,963755,1,2.82,NNE,GREENBRIER,36.4675,-86.7798
202105,158421,963755,2,1.34,WSW,BAGGETTSVILLE,36.472,-86.742
202105,158421,963757,1,2.65,NNE,GREENBRIER,36.4649,-86.7802
202105,158421,963757,2,2.51,WSW,BAGGETTSVILLE,36.4624,-86.7596
202105,157094,949524,1,1.12,W,ROCKWOOD HILL,36.12,-82.87
202105,157094,949525,1,0.69,N,KINZEL SPGS,35.69,-83.8
202102,156583,946120,1,1.31,SSW,LAGUARDO,36.2823,-86.4585
202102,156583,946127,1,1.35,SE,ANTIOCH,36.254,-85.6362
202102,156583,946127,2,1.24,N,UNION HILL,36.2479,-85.6289
202102,156583,946127,3,1.37,N,UNION HILL,36.2496,-85.6258
202102,156583,946127,4,1.37,SE,ANTIOCH,36.2555,-85.6331
202102,156583,946128,1,2.37,ENE,FLEWELLYN,36.4957,-86.932
202102,156583,946128,2,2.2,S,KINNEY,36.4984,-86.925
202102,156583,946128,3,2.38,S,SPRINGFIELD MUNI ARP,36.4957,-86.9247
202102,156583,946128,4,2.4,ENE,FLEWELLYN,36.4942,-86.9306
202105,157094,949528,1,0.69,N,PIKEVILLE,35.61,-85.2
202105,157094,949530,1,2.88,ESE,WHEAT,35.92,-84.33
202105,157094,949527,1,2.07,S,STOWERS,36.2,-84.82
202105,157094,949531,1,0.0,N,SEVIERVILLE,35.87,-83.57
202105,157094,949532,1,0.56,W,HAPPY VLY,35.62,-83.96
202105,157094,949533,1,0.69,N,PIKEVILLE,35.61,-85.2
202105,157094,953017,1,2.0,N,CHATANOOGA MUNI ARPT,35.209,-85.18
202105,157094,953017,2,2.0,WNW,CHATANOOGA MUNI ARPT,35.1911,-85.2127
202105,157094,953017,3,0.0,N,CHATANOOGA MUNI ARPT,35.18,-85.18
202105,157094,953017,4,1.0,NE,CHATANOOGA MUNI ARPT,35.1902,-85.1675
202105,157099,949539,1,1.49,SSW,SOUTH PITTSBURG,35.01,-85.71
202105,157099,949540,1,1.33,ESE,ANTIOCH,35.01,-85.66
202105,157099,949541,1,0.69,S,JASPER,35.07,-85.63
202105,157099,949542,1,0.89,NW,ALTON PARK,35.01,-85.33
202106,158465,958010,1,0.89,SE,SPRING CITY,35.69,-84.86
202106,158465,958011,1,1.38,N,CLEVELAND,35.19,-84.88
202106,158465,958012,1,0.56,E,MOWBRAY,35.28,-85.22
202106,159731,969531,1,3.32,S,BELDON,36.5519,-87.2211
202106,159736,966155,1,0.89,SE,TENNESSEE CITY,36.09,-87.51
202106,159736,966156,1,0.84,SW,CHARLOTTE,36.1706,-87.3397
202106,159736,966157,1,1.81,WNW,PINNACLE,36.36,-86.96
202106,159736,966158,1,0.89,SW,LIVINGSTON ARPT,36.39,-85.33
202106,159736,966159,1,0.56,W,PULASKI,35.2,-87.03
202106,159736,966160,1,1.62,S,CENTER HILL,35.7769,-85.985
202106,159736,966161,1,0.57,ENE,ONWARD,35.8339,-85.521
202106,159736,966162,1,2.04,S,MOBRA,35.8508,-85.2761
202106,159736,966163,1,0.0,N,MOONEYHAM,35.75,-85.33
202106,159736,966164,1,2.15,SW,VOLUNTEER HGTS,35.9097,-85.059
202106,159736,966165,1,0.69,N,CRAB ORCHARD,35.91,-84.88
202104,157901,954435,1,1.38,N,BELLE MEADE,36.12,-86.87
202104,157902,954429,1,0.0,N,LEWISBURG,35.45,-86.8
202104,157902,954430,1,0.0,N,MURFREESBORO,35.85,-86.42
202104,157902,954431,1,0.05,NE,NORTH XRDS,35.3206,-87.3494
202104,157902,954432,1,0.0,N,FRANKLIN,35.92,-86.9
202104,157902,954434,1,0.0,N,THOMPSONS STATION,35.8,-86.92
202103,157121,949716,1,1.37,SW,WHITE STATION,35.1072,-89.9186
202103,157121,949717,1,0.41,SE,AULON,35.1262,-89.9745
202103,157121,949717,2,0.54,ESE,AULON,35.1258,-89.972
202103,157121,949717,3,0.57,SE,AULON,35.1241,-89.9729
202103,157121,949717,4,0.44,SE,AULON,35.1251,-89.9749
202103,157121,949720,1,1.17,SSE,OAK GROVE,35.2537,-88.2245
202103,157121,949720,2,1.35,SSE,OAK GROVE,35.2509,-88.2245
202103,157121,949720,3,1.45,SSE,OAK GROVE,35.2508,-88.2195
202103,157121,949720,4,1.23,SSE,OAK GROVE,35.2542,-88.22
202104,157901,954425,1,0.0,N,PLEASANT HILL,35.97,-85.18
202104,157901,954428,1,1.12,W,PLEASANT HILL,35.97,-85.2
202104,157901,954428,2,0.89,NW,POMONA RD,36.03,-85.13
202103,157121,949721,1,1.62,SE,SELMER,35.1624,-88.5812
202103,157121,949721,2,1.91,SE,SELMER,35.1609,-88.5754
202103,157121,949721,3,1.86,SE,SELMER,35.1587,-88.5797
202103,157121,949721,4,1.65,SE,SELMER,35.1612,-88.5819
202103,157121,949723,1,1.57,W,MIDDLE FORK,35.53,-88.528
202103,157121,949723,2,1.48,ENE,MIDDLE FORK,35.5398,-88.4765
202103,156881,948196,1,0.69,N,WINCHESTER,35.19,-86.12
202103,157121,949724,1,1.14,N,CENTER HILL,35.5664,-88.398
202103,157121,949739,1,1.88,SSW,SHADY HILL,35.5457,-88.3352
202103,157121,949740,1,0.0,N,SCOTTS HILL,35.52,-88.25
202103,157121,949741,1,1.88,E,CENTER HILL,35.5452,-88.3671
202103,157121,949741,2,2.0,NNW,REAGAN,35.5482,-88.3577
202103,157121,949743,1,2.04,E,LARGO,35.554,-88.064
202103,157121,949743,2,2.48,ENE,LARGO,35.558,-88.057
202103,157121,951418,1,1.24,SE,UNION CROSS,35.7387,-88.4327
202103,157121,951418,2,4.24,WSW,MIDDLE FORK,35.5059,-88.5693
202103,157121,951418,3,1.11,NE,SARDIS,35.4618,-88.2866
202103,157121,951418,4,1.22,SSE,NEW SAFFORD,35.7145,-88.2096
202103,157121,951534,1,5.2,SSW,FORTY FIVE,35.0039,-89.3638
202103,157121,951534,2,4.82,SSE,FORTY FIVE,35.003,-89.2961
202103,155932,948245,1,1.32,ENE,LYNCHBURG,35.29,-86.36
202103,155932,948245,2,2.63,WNW,LYNCHBURG,35.2959,-86.4223
202103,155932,948245,3,3.02,WSW,LYNCHBURG,35.2701,-86.4322
202103,155932,948245,4,1.56,SSE,LYNCHBURG,35.2579,-86.374
202103,155932,948246,1,1.49,SSW,OWL HOLLOW,35.18,-86.19
202103,155932,948246,2,1.39,SSW,OWL HOLLOW,35.1803,-86.1854
202103,155932,948246,3,0.98,SSW,OWL HOLLOW,35.1864,-86.1851
202103,155932,948246,4,1.07,SW,OWL HOLLOW,35.1873,-86.1909
202103,155932,948247,1,0.69,S,DECHERD,35.21,-86.08
202103,155932,948247,2,0.42,SSE,DECHERD,35.2143,-86.0775
202103,155932,948247,3,0.39,SSW,DECHERD,35.2152,-86.0835
202103,155932,948247,4,0.73,SSW,DECHERD,35.2102,-86.0847
202103,156823,947629,1,1.76,NE,BRUNSWICK,35.2875,-89.7572
202103,156823,947629,2,1.54,NE,BRUNSWICK,35.2868,-89.7621
202103,156823,947629,3,1.33,NE,BRUNSWICK,35.284,-89.7638
202103,156823,947629,4,1.58,NE,BRUNSWICK,35.2838,-89.7577
202103,156823,947632,1,1.03,SE,PISGAH HGTS,35.0414,-90.0851
202103,156823,947632,2,0.64,SSE,PISGAH HGTS,35.0414,-90.0959
202103,156823,947632,3,0.8,N,GOODMAN,35.0316,-90.0988
202103,156823,947632,4,0.98,NW,PERSEY,35.0314,-90.0804
202103,157121,949744,1,0.0,N,PARSONS,35.65,-88.13
202103,157383,951654,1,0.45,NNE,BURNT CHURCH,35.1862,-88.1276
202103,157383,951654,2,0.47,N,BURNT CHURCH,35.1868,-88.13
202103,157383,951654,3,0.37,N,BURNT CHURCH,35.1853,-88.1303
202103,157383,951654,4,0.33,NNE,BURNT CHURCH,35.1846,-88.1282
202103,156823,947643,1,1.51,N,FIVE PTS,35.5416,-88.6845
202103,156823,947643,2,2.66,NNE,MEDON,35.5077,-88.8705
202103,156823,947643,3,1.43,S,MEDON,35.4494,-88.8827
202103,156823,947643,4,3.22,SE,FIVE PTS,35.4895,-88.6368
202103,157383,951667,1,2.35,NW,OLIVEHILL,35.289,-88.0646
202103,157383,951667,2,1.96,W,BURNT CHURCH,35.1798,-88.1646
202103,157383,951667,3,2.19,SSE,BURNT CHURCH,35.1499,-88.1178
202103,157383,951667,4,1.14,E,OLIVEHILL,35.2673,-88.0101
202103,157121,950030,1,2.0,N,JACKS CREEK,35.499,-88.53
202103,157121,950031,1,1.87,W,ROY,35.5157,-88.8329
202103,157121,950032,1,6.0,SSE,JACKSON,35.5398,-88.7891
202103,156895,948229,1,0.0,N,PICKWICK DAM,35.05,-88.25
202103,156895,948229,2,3.2,NNE,PICKWICK LAKE,35.0742,-88.1831
202103,156895,948230,4,0.9,NNW,POOR,35.0424,-88.905
202103,156895,948230,1,1.1,N,POOR,35.0456,-88.9034
202103,156895,948230,2,1.34,NNW,POOR,35.0478,-88.9094
202103,156895,948230,3,1.01,NNW,POOR,35.0425,-88.9092
202103,156895,948233,1,0.96,NNE,POCAHONTAS,35.062,-88.8113
202103,156895,948233,2,2.0,N,POCAHONTAS,35.079,-88.82
202103,156895,948233,3,1.58,NNW,POCAHONTAS,35.0713,-88.8304
202103,156895,948233,4,0.57,N,POCAHONTAS,35.0583,-88.8195
202103,157121,950033,1,0.0,N,BEECH BLUFF,35.6,-88.65
202103,157121,950034,1,2.07,N,LURAY,35.61,-88.58
202103,157121,950036,1,5.0,WSW,LEXINGTON,35.6223,-88.4823
202103,156895,948235,1,0.67,E,MEDON,35.4689,-88.8681
202103,156895,948235,2,1.99,NW,MEDON,35.4908,-88.9045
202103,156895,948252,1,0.39,WSW,WILKINSVILLE,35.3974,-89.9261
202103,156895,948252,2,0.55,SW,WILKINSVILLE,35.394,-89.9264
202103,156895,948252,3,0.46,SSE,WILKINSVILLE,35.3939,-89.9165
202103,156895,948252,4,0.31,SE,WILKINSVILLE,35.3969,-89.9161
202103,156895,948253,1,0.7,W,TIPTON,35.4187,-89.8423
202103,156895,948253,2,0.23,WSW,TIPTON,35.4183,-89.8334
202103,156895,948253,3,0.4,SSW,TIPTON,35.4151,-89.8337
202103,156895,948253,4,0.74,WSW,TIPTON,35.4151,-89.8418
202103,157121,950037,1,0.0,N,BRADFORD,36.08,-88.82
202103,157121,950040,1,0.94,E,DECATURVILLE,35.582,-88.1134
202103,157121,950040,2,1.25,ENE,DECATURVILLE,35.5891,-88.1109
202103,157121,950040,3,0.75,NNE,DECATURVILLE,35.5901,-88.1249
202103,157121,950040,4,0.35,NE,DECATURVILLE,35.5836,-88.1258
202103,157121,950043,1,0.8,NNE,PERRYVILLE,35.6311,-88.0457
202103,157121,950043,2,0.85,N,PERRYVILLE,35.6323,-88.0499
202103,157121,950043,3,0.68,N,PERRYVILLE,35.6298,-88.05
202103,157121,950043,4,0.7,NNE,PERRYVILLE,35.6292,-88.0446
202103,156895,948254,1,1.27,NE,MEMPHIS,35.1435,-90.0047
202103,156895,948254,2,1.32,NE,MEMPHIS,35.1436,-90.0035
202103,156895,948254,3,1.25,NE,MEMPHIS,35.1422,-90.0036
202103,156895,948254,4,1.21,NE,MEMPHIS,35.1426,-90.0051
202103,157121,950046,1,0.0,N,JEANETTE,35.73,-88.1
202103,157121,950047,1,0.0,N,TRENTON,35.98,-88.93
202103,157121,950048,1,1.84,SE,COVINGTON,35.5486,-89.6504
202103,157121,950048,2,2.0,SE,COVINGTON,35.5461,-89.65
202103,157121,950048,3,2.02,SE,COVINGTON,35.5467,-89.6484
202103,157121,950048,4,1.91,SE,COVINGTON,35.5487,-89.6485
202103,157121,950049,1,0.9,SE,WINDY CITY,35.742,-88.9073
202103,157121,950051,1,2.83,E,SUNNYHILL,35.5333,-89.2198
202103,157121,950051,2,2.11,NE,BROWNSVILLE,35.6181,-89.2398
202103,157121,950051,3,2.89,N,CUTHBERT SWITCH,35.5718,-89.3232
202103,157121,950051,4,2.25,NNW,MEUX CORNER,35.4589,-89.4386
202103,157121,950051,5,2.02,ENE,MEUX CORNER,35.4425,-89.3875
202103,157121,950053,1,0.6,SSE,COLLIERVILLE,35.0424,-89.6649
202103,157121,950057,1,0.0,N,MOSCOW,35.07,-89.42
202103,157121,950328,1,0.34,E,JACKS CREEK,35.4703,-88.524
202103,157121,950328,2,0.43,ESE,JACKS CREEK,35.4678,-88.5229
202103,157121,950328,3,0.7,E,JACKS CREEK,35.469,-88.5176
202103,157121,950328,4,0.64,E,JACKS CREEK,35.4715,-88.5188
202103,157121,950332,1,5.0,SW,SALTILLO,35.3288,-88.2827
202103,156997,948996,1,0.0,N,FINGER,35.37,-88.6
202103,156997,948997,1,2.68,ESE,FALCON,35.1397,-88.5742
202103,156997,948998,1,2.46,SSW,MARTIN CAMP,35.1682,-88.5196
202103,156997,948999,1,0.0,N,STANTONVILLE,35.17,-88.43
202103,156997,949000,1,0.0,N,SAVANNAH,35.23,-88.25
202101,155893,940420,1,5.0,NW,DYERSBURG,36.0812,-89.4433
202101,155891,940424,1,2.54,SSW,GERMANTOWN,35.049,-89.8441
202101,155891,940425,1,0.0,N,WHITEHAVEN,35.02,-90.03
202101,155891,940426,1,1.07,NNW,FOREST HILL,35.0843,-89.7772
202101,155891,940427,1,3.5,ENE,CAPLEVILLE,35.0314,-89.8597
202101,155891,940428,1,1.7,E,CAPLEVILLE,35.0208,-89.89
202101,155891,940429,1,1.41,W,ELBA,35.1176,-89.6047
202101,155891,940429,2,0.44,NW,ELBA,35.1252,-89.5844
202101,156047,941590,1,4.48,ENE,BELDON,36.62,-87.1431
202101,156047,941591,1,0.0,N,KIMMINS,35.62,-87.55
202101,156047,941592,1,1.51,WNW,MT OLIVE,35.8847,-86.4763
202101,156047,941593,1,0.0,N,CENTERVILLE,35.78,-87.47
202105,157100,949546,1,0.56,E,FENNEL STORE,36.17,-83.61
202105,157100,949548,1,0.89,SW,SHARPS CHAPEL,36.34,-83.81
202105,157825,953955,1,1.49,NNE,MORRISTOWN ARPT,36.2,-83.36
202105,157825,953947,1,0.69,S,LEINART,36.11,-84.18
202105,157825,953949,1,3.11,WNW,ALPHA,36.2,-83.43
202105,157825,953950,1,2.66,NW,ALPHA,36.21,-83.41
202105,157825,953951,1,0.89,NW,NEW LINE,36.21,-83.34
202105,157825,953952,1,0.69,N,HAMPTON,36.29,-82.17
202105,157825,953954,1,1.31,WSW,ALPHA,36.17,-83.4
202103,157248,951891,1,0.47,ENE,BETHEL,35.8032,-87.1127
202103,157248,951891,2,0.78,NE,BETHEL,35.8092,-87.1119
202103,157248,951891,3,1.72,E,THETA,35.7804,-87.0193
202103,157248,951891,4,0.57,ENE,SPRING HILL,35.7525,-86.9202
202103,157248,951891,5,0.89,SSE,SPRING HILL,35.7387,-86.9223
202103,157248,951927,1,0.73,S,MT JULIET,36.1895,-86.5188
202106,158464,958009,1,1.78,SW,WHITE PINE,36.1,-83.3
202105,156776,958311,1,0.89,NE,PROSPECT,35.09,-86.57
202105,156776,958312,1,0.89,NE,WINCHESTER,35.19,-86.11
202105,158423,957680,1,1.02,SSW,RUDDERVILLE,35.8373,-86.7593
202105,158423,957680,2,0.55,SSE,RUDDERVILLE,35.8424,-86.7468
202105,158424,957709,1,0.66,W,WILHITE,36.1309,-85.5318
202105,158424,957709,2,0.71,NNE,SHADY GROVE,36.19,-85.3168
202105,158424,957710,1,1.01,N,OKALONA,36.3346,-85.3294
202105,158424,957710,2,0.85,NW,BETHLEHEM,36.3378,-85.3118
202105,158420,957681,1,0.91,WNW,ST BETHLEHEM,36.5866,-87.3142
202103,157247,950508,1,1.98,WSW,GAITHERVILLE,35.2365,-87.401
202103,157247,950508,2,1.87,SW,GAITHERVILLE,35.2339,-87.3966
202103,157247,950508,3,2.19,SW,GAITHERVILLE,35.2303,-87.4005
202103,157247,950508,4,2.33,WSW,GAITHERVILLE,35.2331,-87.4057
202103,157247,950509,1,0.61,SE,HENRYVILLE,35.3937,-87.3925
202103,157247,950509,2,0.63,ESE,HENRYVILLE,35.3956,-87.3903
202103,157247,950509,3,1.08,SE,HENRYVILLE,35.3895,-87.3859
202103,157247,950509,4,1.62,SE,HENRYVILLE,35.381,-87.3832
202103,157247,950509,5,1.59,SSE,HENRYVILLE,35.3799,-87.3864
202106,158467,958017,1,0.0,N,CONCORD,35.87,-84.13
202106,158468,958018,1,0.89,SE,LUTHER,36.46,-83.24
202106,158468,958019,1,1.38,N,SHADY GROVE,36.12,-84.67
202106,158468,958020,1,2.07,N,WARTBURG,36.13,-84.6
202105,158420,957682,1,0.84,NNE,COLESBURG,36.0817,-87.3456
202105,158420,957683,1,0.0,N,GORMAN,36.1,-87.7
202105,158420,957685,1,0.0,N,PORT ROYAL,36.55,-87.15
202105,158420,963679,1,0.0,N,ETHRIDGE,35.32,-87.32
202105,158420,963680,1,0.0,N,LAWRENCEBURG,35.25,-87.33
202105,158420,963681,1,1.33,SE,BETHEL,35.7879,-87.1016
202105,158420,957687,1,1.1,NNW,SPRINGFIELD,36.5155,-86.8841
202105,158421,963752,1,1.6,NNE,CASTALIAN SPGS,36.4226,-86.3137
202105,158421,963752,2,2.3,SSE,CHIPMAN,36.4177,-86.2701
202105,158421,957919,1,1.08,SW,MC ALLISTERS XRDS,36.3397,-87.3647
202103,157247,950510,1,2.92,SSE,HENRYVILLE,35.3631,-87.375
202103,157247,950510,2,2.94,NNW,NORTH XRDS,35.3582,-87.373
202103,157247,950510,3,2.81,NW,NORTH XRDS,35.3507,-87.3827
202103,157247,950510,4,3.16,NW,NORTH XRDS,35.354,-87.3875
202103,157247,950513,1,2.07,NNW,NORTH XRDS,35.3468,-87.3665
202103,157247,950513,2,2.17,N,NORTH XRDS,35.3509,-87.357
202103,157247,950513,3,2.12,N,NORTH XRDS,35.3506,-87.3527
202103,157247,950513,4,1.84,N,NORTH XRDS,35.3465,-87.3532
202103,157247,950513,5,1.9,NNW,NORTH XRDS,35.3446,-87.3649
202103,157247,950516,1,1.01,SE,WAYNESBORO,35.3081,-87.7597
202103,157247,950516,2,1.02,SE,WAYNESBORO,35.3082,-87.7592
202103,157247,950516,3,1.05,SE,WAYNESBORO,35.3077,-87.7589
202103,157247,950516,4,1.04,SE,WAYNESBORO,35.3076,-87.7595
202103,157247,950525,1,1.85,NNE,BRACE,35.3952,-87.3091
202103,157247,950525,2,1.77,NW,ALEXANDER SPGS,35.3946,-87.3059
202103,157247,950525,4,1.57,NNE,BRACE,35.3907,-87.3088
202103,157247,950525,3,1.6,WNW,ALEXANDER SPGS,35.3907,-87.3052
202103,157247,950526,1,0.64,ESE,HENRYVILLE,35.3948,-87.3905
202103,157247,950526,2,0.69,ESE,HENRYVILLE,35.3945,-87.3898
202103,157247,950526,3,0.69,SE,HENRYVILLE,35.3931,-87.3911
202103,157247,950526,4,0.64,SE,HENRYVILLE,35.3936,-87.3918
202103,157247,950527,1,0.99,SSW,BEREA,35.2561,-86.974
202103,157247,950527,2,0.85,SSE,BEREA,35.2591,-86.963
202103,157247,950527,3,1.32,NNW,WACO,35.3987,-87.0248
202103,157247,950527,4,2.52,N,LIBERTY HILL,35.3658,-87.2087
202103,157247,950527,5,2.73,NW,RIVERSBURG,35.2987,-87.0832
202106,158468,958021,1,0.56,E,BUFFALO,36.13,-84.37
202106,158468,958022,1,3.89,W,YOUNT TOWN,36.43,-83.3
202106,158468,958023,1,0.89,NW,SPEEDWELL,36.46,-83.88
202105,158420,957688,1,1.05,WSW,BLONDY,35.5629,-87.5465
202105,158420,957684,1,0.7,S,CEDAR HILL,36.54,-86.9994
202105,158420,957689,1,0.33,SSW,RIDGETON,36.3956,-86.7723
202105,158420,957690,1,0.16,NNE,DONELSON,36.1719,-86.6485
202105,158420,957686,1,4.01,SSW,COOPERTOWN,36.3778,-86.9815
202105,158420,957691,1,0.57,N,TULIP GROVE,36.2082,-86.6007
202105,158420,957699,1,1.6,N,(BNA)NASHVILLE METRO,36.153,-86.6829
202105,158421,957925,1,0.99,WSW,WHITE HOUSE,36.466,-86.6671
202105,158421,957925,2,1.18,NE,TWO CHESNUT,36.4623,-86.6052
202105,158421,957936,1,0.0,N,HARTSVILLE,36.4,-86.17
202105,158421,957712,1,0.0,N,TIMOTHY,36.48,-85.4
202103,157178,950197,1,1.6,WNW,NASHVILLE CORNELIA F,36.1892,-86.7262
202103,157178,950198,1,1.32,WNW,MT HERMAN,35.38,-86.5
202103,157178,950346,1,2.17,NW,ROCKY FORK,35.95,-86.61
202103,157178,950346,2,1.78,NW,ROCK SPGS,35.97,-86.57
202103,157247,950528,4,1.18,E,HENRYVILLE,35.3977,-87.3792
202103,157247,950528,1,0.58,ESE,HENRYVILLE,35.3955,-87.3912
202103,157247,950528,2,0.74,E,HENRYVILLE,35.4,-87.3869
202103,157247,950528,3,1.18,E,HENRYVILLE,35.4003,-87.3791
202103,157247,950528,5,0.74,ESE,HENRYVILLE,35.3943,-87.389
202103,157247,950532,1,0.7,SE,HENRYVILLE,35.393,-87.391
202103,157247,950532,2,0.71,ESE,HENRYVILLE,35.3943,-87.3894
202103,157247,950532,3,0.64,ESE,HENRYVILLE,35.3952,-87.3903
202103,157247,950532,4,0.61,SE,HENRYVILLE,35.394,-87.392
202103,157247,950534,1,1.84,SE,BODENHAM,35.2127,-87.1452
202103,157247,950534,2,1.54,ESE,BODENHAM,35.2255,-87.1433
202103,157247,950534,3,1.82,ESE,BODENHAM,35.222,-87.1393
202103,157247,950534,4,2.05,SE,BODENHAM,35.2124,-87.1408
202103,157247,950540,1,1.77,NNE,WOODROW,35.1926,-86.8354
202103,157247,950540,2,1.73,NNW,DIANA,35.3014,-86.886
202103,157247,950540,3,1.36,WNW,BIVENS,35.4073,-86.9925
202103,157247,950540,4,3.14,WSW,YOKLEY,35.4056,-87.1728
202103,157247,950540,5,1.59,SE,BODENHAM,35.211,-87.1541
202103,157247,950543,1,0.0,N,LAWRENCEBURG,35.25,-87.33
202103,157248,950548,1,1.78,WNW,AETNA,35.6607,-87.5489
202106,158468,958024,1,1.38,S,ONEIDA SCOTT ARPT,36.43,-84.58
202106,158468,958025,1,1.38,S,DILLEY,36.51,-83.92
202106,158468,958026,1,0.69,S,COPPER RIDGE,36.12,-83.92
202105,158420,957694,1,1.04,NW,MALLORYS,35.9614,-86.8123
202105,158420,957698,1,5.57,NE,BERRYS CHAPEL,36.0328,-86.8175
202105,158420,957701,1,1.91,NNE,WILLIAMS,36.5765,-86.0403
202105,158420,957702,1,1.0,S,HALES CAMP,35.9856,-86.5003
202105,158420,957703,1,0.86,W,SANDHILL,36.0321,-86.5651
202105,158420,957692,1,1.08,E,WEBBER CITY,35.3497,-87.2808
202105,158421,957711,1,2.58,WSW,FAIRVIEW,36.5315,-85.3605
202105,158421,957918,1,0.0,N,DOVER,36.48,-87.83
202105,158421,957921,1,0.0,N,CEDAR HILL,36.55,-87.0
202105,158421,957945,1,2.12,SSE,TALOME,35.8726,-86.0129
202105,158421,957947,1,2.39,WSW,LIVINGSTON,36.3675,-85.36
202105,158421,963884,1,0.9,ENE,BOOZ,36.3246,-85.2149
202103,157178,950347,1,1.78,SE,VESTA,36.05,-86.4
202103,157178,950347,2,1.81,WNW,HURRICANE,36.06,-86.35
202103,157178,950348,1,2.42,W,FORTY EIGHT CREEK BR,35.3338,-87.7127
202103,157178,950348,2,4.96,NNE,NORTH HIGHLAND,35.3989,-87.5754
202106,158468,958027,1,1.12,W,CORINTH,36.07,-83.9
202106,158468,958028,1,2.82,NNE,RIDENOUR,36.27,-83.94
202106,158468,958029,1,0.69,S,AVONDALE SPGS,36.29,-83.5
202106,158468,958030,1,0.69,S,OAK GROVE,36.54,-83.48
202105,158370,963111,1,0.65,N,CROCKETT,36.3094,-89.0293
202105,158420,957693,1,0.66,SW,GAITHERVILLE,35.2428,-87.3777
202105,158420,957695,1,0.9,SW,WESTWOOD,35.5899,-87.0903
202105,158420,957696,1,0.0,N,COLUMBIA,35.62,-87.05
202105,158421,957920,1,1.49,NNE,FREDONIA,36.45,-87.21
202105,158421,957929,1,0.0,N,HAMPSHIRE,35.6,-87.3
202105,158421,957931,1,0.0,N,GALLATIN,36.4,-86.45
202105,158421,957948,1,2.0,N,HENSLEYS CHAPEL,35.9488,-85.5264
202105,158421,957948,2,0.87,SSW,FINDLAY,35.9386,-85.4865
202105,158421,957949,1,1.96,S,RAGSDALE,35.4718,-86.024
202105,158421,957950,1,0.48,ENE,RED HILL,35.452,-86.0418
202103,157178,950349,1,3.54,S,VOORHIES,35.3989,-87.5754
202103,157178,950349,2,2.03,ENE,NAPIER,35.4444,-87.4486
202103,157178,950350,1,3.99,WNW,BARNESVILLE,35.4444,-87.4486
202103,157178,950350,2,2.62,NW,BARNESVILLE,35.4578,-87.4116
202106,158468,958031,1,0.56,E,DILLEY,36.53,-83.91
202106,158468,958032,1,1.32,WNW,LAKESIDE,35.63,-84.3
202106,158468,958033,1,0.89,NE,SINGLETON,35.86,-83.96
202106,158468,958034,1,0.69,S,LANIER,35.61,-84.1
202105,157094,953016,1,2.0,E,PIGEON FORGE,35.78,-83.5143
202105,157094,953016,2,1.5,S,PIGEON FORGE,35.7583,-83.55
202105,157094,953016,3,2.0,W,PIGEON FORGE,35.78,-83.5857
202105,157094,953016,4,2.0,NW,PIGEON FORGE,35.8005,-83.5752
202105,157094,953016,5,3.0,NNE,PIGEON FORGE,35.8201,-83.5295
202105,158420,957697,1,1.02,S,RALLY HILL,35.6553,-86.8315
202105,158420,957700,1,0.0,N,LYNNVILLE,35.38,-87.0
202105,158420,957706,1,0.28,ENE,ASHWOOD,35.5817,-87.1455
202105,158420,957704,1,0.0,N,FLAT CREEK,35.4,-86.42
202105,158420,957705,1,1.33,E,TULLAHOMA,35.3729,-86.2067
202105,158421,957932,1,2.62,NW,SUMMERTOWN,35.4541,-87.3358
202105,158421,957933,1,0.0,N,TULIP GROVE,36.2,-86.6
202105,158421,963691,1,1.89,NNE,HUBERTVILLE,36.5732,-86.7618
202105,158421,963691,2,1.11,W,REUBENSVILLE,36.5776,-86.5997
202105,158421,957951,1,0.0,N,PLEASANT HILL,35.97,-85.18
202105,158421,957952,1,1.43,NE,PEAVINE,36.042,-84.879
202105,158421,957953,1,1.54,S,CLOUSE HILL,35.2581,-85.7952
202105,158421,957953,2,1.55,SW,SUMMERFIELD,35.2552,-85.7906
202103,157178,950351,1,4.3,ENE,NAPIER,35.4578,-87.4116
202103,157178,950351,2,7.39,ENE,NAPIER,35.4762,-87.3615
202103,157180,950154,1,0.0,N,CENTERVILLE,35.78,-87.47
202103,157247,950505,1,4.26,N,HOUSTON,35.3117,-87.931
202103,157247,950505,2,3.6,N,HOUSTON,35.302,-87.9343
202103,157247,950505,3,3.64,NNE,HOUSTON,35.3014,-87.9155
202103,157247,950505,4,4.39,N,HOUSTON,35.3124,-87.9152
202103,157247,950506,1,1.78,NW,SOUTH HIGHLAND,35.25,-87.77
202103,157247,950506,2,2.29,NNW,SOUTH HIGHLAND,35.2594,-87.7689
202103,157247,950506,3,2.13,NNW,SOUTH HIGHLAND,35.2593,-87.7618
202103,157247,950506,4,1.13,NW,SOUTH HIGHLAND,35.242,-87.7637
202106,158468,958035,1,0.0,N,ROCKWOOD,35.87,-84.68
202106,158469,958037,1,1.32,WSW,BIG CREEK,35.46,-84.32
202106,158469,958038,1,0.89,NW,TAZEWELL,36.46,-83.58
202106,158469,958039,1,1.77,SW,SAND LICK,36.38,-83.69
202106,158469,958040,1,0.89,SE,HICKORY STAR LNDG,36.27,-83.81
202106,158469,958041,1,2.15,SSW,NEW LOYSTON,36.2,-83.93
202106,158469,958042,1,0.56,E,CLINTON,36.12,-84.12
202105,158421,963688,1,2.14,WSW,FOREST GROVE,36.3534,-86.9124
202105,158421,963688,2,2.82,NE,JOELTON,36.3474,-86.8324
202105,158421,963686,1,0.61,ENE,PINNACLE,36.3537,-86.92
202105,158421,963686,2,1.01,ENE,PINNACLE,36.3534,-86.9124
202105,158421,957928,1,1.57,NNE,CLEARVIEW,36.5723,-86.5942
202105,158421,957928,2,2.4,SW,PORTLAND,36.5573,-86.5527
202105,158421,957935,1,0.93,ENE,ANTIOCH,36.3559,-86.2549
202105,158421,957939,1,1.76,NE,GLADEVILLE,36.1344,-86.3938
202105,158421,957713,1,1.25,S,YOUNGVILLE,36.5621,-86.8271
202105,158421,957713,2,0.9,NNE,LAKEVIEW,36.5627,-86.7961
202105,158421,957714,1,1.76,NNE,SAUNDERSVILLE,36.3542,-86.5601
202105,158421,957714,2,1.52,ESE,PEYTONA,36.3604,-86.4954
202103,157247,950507,1,1.31,ESE,ETHRIDGE,35.3147,-87.2976
202103,157247,950507,2,1.29,ESE,ETHRIDGE,35.3131,-87.2987
202103,157247,950507,3,0.99,ESE,ETHRIDGE,35.3165,-87.303
202103,157247,950507,4,1.12,E,ETHRIDGE,35.3178,-87.3003
202103,157178,950169,1,1.86,SE,NASHVILLE,36.1482,-86.7604
202103,157178,950169,2,0.29,WSW,MAPLEWOOD,36.2291,-86.7251
202103,157178,950171,1,1.44,NW,INGLEWOOD,36.2321,-86.7511
202106,158469,958043,1,0.56,E,HILLVALE,36.18,-84.09
202106,158469,958044,1,0.69,S,RED ASH,36.31,-84.23
202106,158469,958045,1,1.31,ENE,ELK VLY,36.49,-84.21
202106,158469,958046,1,0.0,N,UNION MC MINN,35.55,-84.57
202105,156778,958348,1,0.0,N,FAYETTEVILLE ARPT,35.07,-86.57
202105,158421,957946,1,0.0,N,SMITHVILLE,35.97,-85.85
202105,158421,957940,1,0.87,SSW,HOLTS CORNER,35.6686,-86.6867
202105,158421,957941,1,1.82,NNW,VANNATTA,35.6447,-86.4912
202105,158421,957715,1,1.62,S,GALLATIN MUNI ARPT,36.3567,-86.4174
202105,158421,957715,2,2.42,SSE,CASTALIAN SPGS,36.3697,-86.298
202105,158421,957716,1,1.96,SSW,BEECH GROVE,36.3945,-86.1153
202105,158421,957716,2,0.92,NW,CATO,36.3797,-86.0613
202105,158421,957720,1,1.82,NNW,FINDLAY,35.9738,-85.4938
202105,158421,957720,2,0.94,N,FINDLAY,35.9635,-85.4786
202103,157178,950172,1,1.08,WNW,NASHVILLE CORNELIA F,36.1837,-86.7188
202103,157178,950174,1,2.26,WSW,NASHVILLE CORNELIA F,36.168,-86.7377
202103,157178,950178,1,1.61,ESE,NASHVILLE,36.1623,-86.7527
202103,157178,950179,1,0.0,N,GOODLETTSVILLE,36.32,-86.72
202106,160010,967176,1,5.0,SW,CHATTANOOGA,34.9988,-85.3425
202106,160010,967176,2,3.0,NW,CHATTANOOGA,35.0807,-85.3175
202106,160010,967176,3,3.0,NE,CHATTANOOGA,35.0807,-85.2425
202106,160010,967176,4,5.0,SE,CHATTANOOGA,34.9988,-85.2175
202106,160010,967176,5,4.5,S,CHATTANOOGA,34.9849,-85.28
202106,160010,967177,1,0.0,W,CHATTANOOGA,35.05,-85.28
202106,160010,967177,2,2.0,WNW,CHATTANOOGA,35.0611,-85.3127
202106,160010,967177,3,2.5,WSW,CHATTANOOGA,35.0362,-85.3208
202106,160010,967177,4,2.0,S,CHATTANOOGA,35.0211,-85.28
202105,158421,957942,1,1.83,ENE,VANNATTA,35.6274,-86.4487
202105,158421,957943,1,2.86,N,DEASON,35.6412,-86.4261
202105,158421,957719,1,1.53,N,SMITHVILLE MUNI ARPT,36.0021,-85.8028
202105,158421,957719,2,2.28,SE,BUCKNERS,35.9735,-85.7256
202105,158421,957718,1,1.6,S,ALEXANDRIA,36.0571,-86.0347
202105,158421,957718,2,1.71,SSE,ALEXANDRIA,36.058,-86.0161
202103,157178,950181,1,1.09,E,OAK HILL,36.1011,-86.8005
202103,157178,950182,1,0.0,N,COTTONTOWN,36.45,-86.53
202103,157178,950186,1,0.51,WSW,MAPLEWOOD,36.2275,-86.7286
202103,157178,950187,1,1.61,NE,OAK HILL,36.1177,-86.8012
202105,158421,963693,1,0.12,SSE,WHITE HOUSE,36.4684,-86.6593
202105,158421,963693,2,0.46,E,WHITE HOUSE,36.4703,-86.6518
202103,157178,950191,1,1.24,NW,CORINTH,36.5942,-86.4436
202103,157178,950191,2,1.49,NNW,HIGHLAND,36.6512,-86.4255
202103,157178,950194,1,2.06,E,NASHVILLE,36.1654,-86.7435
202103,157178,950193,1,0.59,NW,BERRY HILL,36.1247,-86.7787
202105,158421,957717,1,1.09,E,BRATTONTOWN,36.5314,-86.0504
202105,158421,957717,2,0.71,S,LAFAYETTE,36.5097,-86.0288
202103,157178,950195,1,2.9,SSE,CHERRY MOUND ARPT,36.4942,-86.593
202103,157178,950196,1,0.0,N,PORTLAND,36.58,-86.52
202103,157179,950153,1,1.0,S,ST JOSEPH,35.0355,-87.5
202103,157248,950549,1,2.29,SW,PLEASANT VIEW,36.3752,-87.0573
202103,157248,950550,1,4.99,NE,MALLORYS,36.0063,-86.7443
202103,157248,950551,1,0.36,NNW,RURAL HILL,36.0747,-86.633
202103,157248,950552,1,0.0,N,FAIRVIEW,35.98,-87.12
202103,157248,950554,1,0.0,N,LEBANON,36.22,-86.3
202103,157248,950555,1,2.34,E,LEBANON,36.2199,-86.2581
202103,157248,950556,1,0.0,N,FAIRVIEW,35.98,-87.12
202103,157248,950557,1,0.0,N,THOMPSONS STATION,35.8,-86.92
202103,157248,950559,1,0.0,N,CLARKRANGE,36.18,-85.02
202103,157248,950560,1,0.0,N,COLUMBIA,35.62,-87.05
202103,157248,950561,1,0.0,N,SPRING HILL,35.75,-86.93
202103,157248,950562,1,3.0,SE,SPRING HILL,35.7193,-86.8922
202103,157248,950563,1,1.05,NW,BETHESDA,35.7818,-86.8118
202103,157248,950564,1,2.32,W,DUPLEX,35.7527,-86.8913
202103,157248,950565,1,0.0,N,BETHESDA,35.77,-86.8
202103,157248,950566,1,0.0,N,COLLEGE GROVE,35.78,-86.68
202103,157248,950567,1,7.0,NW,CHAPEL HILL,35.7016,-86.7882
202103,157248,950568,1,0.0,N,EAGLEVILLE,35.75,-86.65
202103,157248,950569,1,2.41,NNE,PLAINVIEW,35.7301,-86.3483
202103,157248,950570,1,0.0,N,BEECH GROVE,35.63,-86.25
202103,157248,950571,1,2.34,NNE,SHEYBOGAN,35.78,-86.0508
202103,157248,950573,1,0.0,N,HOLLOW SPGS,35.68,-86.13
202103,157248,950574,1,0.0,N,LOBELVILLE,35.78,-87.75
202103,157248,950575,1,0.0,N,TUCKERS XRDS,36.2,-86.18
202103,157248,950576,1,1.69,SW,SPRING HILL,35.7341,-86.9529
202103,157248,951888,1,0.25,NNE,SPRING HILL,35.7531,-86.9278
202103,157248,951888,2,0.49,ENE,SPRING HILL,35.7529,-86.9221
202103,157248,951888,3,0.47,ENE,SPRING HILL,35.7522,-86.9221
202103,157248,951888,4,0.2,NNE,SPRING HILL,35.7527,-86.9285
202103,157248,951889,1,0.7,NNW,ROCKVALE,35.7599,-86.5525
202103,157248,951889,2,1.0,ESE,ROCKVALE,35.7461,-86.5329
202103,157248,951889,4,2.59,S,MURFREESBORO,35.8126,-86.4207
202103,157248,951889,3,1.68,ENE,BARFIELD,35.7931,-86.4247
202103,157248,951890,1,1.78,SW,OVERALL,35.7991,-86.4988
202103,157248,951890,2,2.12,SSW,OVERALL,35.7925,-86.4968
202103,157248,951890,3,1.62,SE,OVERALL,35.8032,-86.4598
202103,157248,951890,4,0.66,SE,MURFREESBORO,35.8421,-86.4132
202103,157248,951890,5,0.56,SW,MURFREESBORO ARPT,35.8742,-86.387
202103,157248,951890,6,0.69,SW,MURFREESBORO ARPT,35.8742,-86.39
202103,157248,951901,1,1.58,NW,AETNA,35.6646,-87.5418
202103,157248,951901,2,1.82,NW,AETNA,35.6689,-87.5425
202103,157248,951901,3,0.8,SSE,HORNERTOWN,35.6593,-87.5947
202103,157248,951901,4,1.26,SSE,HORNERTOWN,35.6545,-87.5881
202103,157248,951903,1,1.07,ESE,GASSAWAY,35.9258,-85.9817
202103,157248,951903,2,2.31,WNW,AUBURNTOWN,35.9603,-86.1394
202103,157248,951903,3,2.28,W,AUBURNTOWN,35.9553,-86.1402
202103,157248,951903,4,0.9,SE,GASSAWAY,35.9203,-85.9893
202103,157248,950572,1,2.36,NNE,SHEYBOGAN,35.78,-86.05
202103,157178,950155,1,3.0,NE,MORRISON,35.6307,-85.8822
202103,157248,951904,1,1.53,E,CUMMINGS,35.8773,-85.4229
202103,157248,951904,2,2.24,E,CUMMINGS,35.88,-85.41
202103,157248,951904,3,2.18,WNW,LOST CREEK,35.8904,-85.3867
202103,157248,951904,4,0.75,NNW,FINDLAY,35.9601,-85.4851
202103,157248,951904,5,1.51,ENE,HENSLEYS CHAPEL,35.9266,-85.5042
202103,157248,951905,4,0.75,WNW,WILHITE,36.1352,-85.5317
202103,157248,951905,1,1.81,WNW,COOKEVILLE,36.1835,-85.5279
202103,157248,951905,2,0.87,NNE,COOKEVILLE,36.1823,-85.4964
202103,157248,951905,3,1.33,ENE,WILHITE,36.1344,-85.4969
202103,157248,951907,1,1.0,SW,OAK GROVE,35.9894,-87.4921
202103,157248,951907,2,0.69,SE,IRON HILL,35.9719,-87.3128
202103,157248,951907,3,2.45,ESE,EAST SIDE,36.0208,-87.2277
202103,157248,951907,4,2.7,W,DULL,36.2195,-87.3284
202103,157248,951907,5,0.57,SSW,SYLVIA,36.1726,-87.4244
202103,157248,951908,3,0.05,SW,JAMESTOWN,36.4294,-84.9205
202103,157248,951908,1,1.28,WSW,JAMESTOWN,36.4219,-84.9407
202103,157248,951908,2,1.06,S,JAMESTOWN,36.4147,-84.9222
202103,157248,951908,4,0.55,SSE,PINE HAVEN,36.4425,-84.9268
202103,157248,951908,5,0.69,SW,PINE HAVEN,36.4437,-84.9397
202103,157248,951910,1,0.0,N,CELINA,36.55,-85.5
202103,157248,951910,2,3.39,NNW,FREE HILL,36.6129,-85.5096
202103,157248,951910,3,2.7,NNW,HERMITAGE SPGS,36.6182,-85.78
202103,157248,951910,4,0.64,NNE,BAKERTON,36.5278,-85.7939
202103,157248,951910,5,1.5,ESE,MILES XRDS,36.525,-85.7036
202103,157248,951910,6,1.69,SSE,BAPTIST RIDGE,36.4566,-85.5113
202103,157248,951911,2,0.89,SSE,SHACKLETT,36.118,-87.0941
202103,157248,951911,3,1.02,SSE,SHACKLETT,36.1161,-87.0941
202103,157248,951911,4,0.52,ESE,KINGSTON SPGS,36.0968,-87.1115
202103,157248,951911,1,0.76,W,KINGSTON SPGS,36.0995,-87.1337
202103,157248,951923,1,2.35,SSW,SILVER SPGS,36.168,-86.4645
202103,157248,951923,2,2.7,S,MT JULIET,36.1609,-86.5182
202103,157248,951923,3,0.5,SSE,GREEN HILL,36.2238,-86.5454
202103,157248,951923,4,1.41,NW,BECKWITH,36.2329,-86.4895
202103,157248,951926,1,2.93,NNW,SUGGS CREEK,36.1573,-86.5249
202103,157248,951926,2,2.59,SSW,SILVER SPGS,36.165,-86.4662
202103,157248,951926,3,1.98,NNW,BECKWITH,36.2444,-86.4888
202103,157248,951926,4,0.45,SSE,GREENLAWN,36.2445,-86.5658
202103,157248,951926,5,2.04,W,MT JULIET,36.1948,-86.5561
202103,157248,951928,1,1.41,NE,MT JULIET,36.2121,-86.4998
202103,157248,951928,3,1.55,NE,MT JULIET,36.2135,-86.4977
202103,157248,951928,4,1.45,NE,MT JULIET,36.2135,-86.5001
202103,157248,951928,2,1.49,NE,MT JULIET,36.212,-86.4979
202103,157178,950156,1,1.87,SW,CLAY HILL,35.5546,-86.7072
202103,157178,950157,1,0.0,N,BENDING CHESTNUT,35.87,-87.1
202103,157248,951938,1,0.93,ENE,CLOVERCROFT,35.9369,-86.7657
202103,157248,951938,2,1.38,SSE,FOREST HOME,35.9608,-86.9234
202103,157248,951938,3,3.75,NW,FOREST HOME,36.0218,-86.9728
202103,157248,951938,4,4.95,N,FOREST HOME,36.0517,-86.9291
202103,157248,951938,5,5.96,N,MALLORYS,36.0356,-86.7874
202103,157248,951938,6,3.51,NNW,NOLENSVILLE,35.9979,-86.7011
202103,157248,951940,1,1.15,NW,SULPHUR SPGS,36.2636,-87.0618
202103,157248,951940,2,1.17,SSE,ASHLAND CITY,36.2642,-87.0626
202103,157248,951940,3,1.17,S,ASHLAND CITY,36.2633,-87.0666
202103,157248,951940,4,1.23,NW,SULPHUR SPGS,36.2623,-87.066
202103,157248,951940,5,1.13,NW,SULPHUR SPGS,36.2624,-87.0631
202103,157248,951909,1,0.67,NNW,GAINESBORO,36.3581,-85.6566
202103,157248,951909,2,0.6,NNW,GAINESBORO,36.3573,-85.6558
202103,157248,951909,3,0.55,NW,GAINESBORO,36.3565,-85.6557
202103,157248,951909,4,0.58,NW,GAINESBORO,36.3565,-85.6566
202103,157248,951909,5,0.66,NW,GAINESBORO,36.3576,-85.6573
202105,156776,958310,1,0.0,N,PROSPECT,35.08,-86.58
202105,158422,957708,1,1.69,NNW,FREDONIA,35.5524,-86.1322
202105,158422,957708,2,1.81,N,FREDONIA,35.5561,-86.1183
202105,158422,963677,1,1.27,S,THOMPSONS STATION,35.7817,-86.9209
202105,158422,963677,2,2.07,SW,HARPETH,35.7797,-86.8771
202105,158422,963677,3,1.27,W,DUPLEX,35.747,-86.8724
202105,158422,963677,4,2.58,SSW,THOMPSONS STATION,35.7649,-86.9357
202105,158422,963678,1,0.68,SSE,SPRING HILL,35.7405,-86.9268
202105,158422,963678,2,0.37,SW,SPRING HILL,35.7467,-86.9351
202105,158422,963678,3,0.26,SW,SPRING HILL,35.7475,-86.9336
202105,158422,963678,4,0.66,SSE,SPRING HILL,35.742,-86.9237
202105,158422,963678,5,1.03,N,KEDRON,35.7147,-86.9172
202105,158422,963678,6,0.86,N,KEDRON,35.7123,-86.9178
202105,158422,963678,7,1.28,NNW,KEDRON,35.7181,-86.9247
202103,157178,950159,1,2.07,N,BERRYS CHAPEL,35.9996,-86.8857
202103,157178,950163,1,0.0,N,FOREST HILLS,36.07,-86.85
202103,157178,950162,1,1.57,WNW,FRANKLIN,35.9255,-86.9272
202103,157178,950164,1,0.53,NE,OAK HILL,36.1059,-86.8139
202103,157248,951956,1,0.26,NW,STONE RIVER,36.183,-86.6027
202103,157248,951956,2,1.55,S,NASHVILLE,36.1477,-86.778
202103,157248,951956,3,1.04,ENE,RICHLAND,36.1541,-86.8621
202103,157248,951956,4,0.87,SE,BELLEVUE,36.063,-86.9172
202103,157248,951956,5,0.54,NNW,BRENTWOOD,36.0375,-86.7829
202103,157248,951956,6,1.45,WSW,BROOKLIN,36.0414,-86.6437
202103,157248,951956,7,0.76,NNW,UNA,36.0902,-86.6251
202103,157248,951945,1,2.78,E,NUNNELLY,35.873,-87.4304
202103,157248,951945,2,2.78,E,NUNNELLY,35.8673,-87.4305
202103,157248,951945,3,4.0,NE,PRIMM SPGS,35.8676,-87.2294
202103,157248,951945,4,3.25,S,TIDWELL,35.8836,-87.2205
202103,157248,951945,5,2.97,S,TIDWELL,35.8875,-87.2212
202103,157248,951945,6,2.78,S,TIDWELL,35.89,-87.2246
202103,157248,951887,1,1.38,NE,KEDRON,35.712,-86.9002
202103,157248,951887,2,1.41,ENE,KEDRON,35.7091,-86.8976
202103,157248,951887,3,2.66,NE,KEDRON,35.7227,-86.8817
202103,157248,951887,4,2.64,NE,KEDRON,35.7235,-86.8829
202103,157248,951906,1,0.81,SW,WHITE BLUFF,36.1109,-87.2291
202103,157248,951906,2,0.65,S,WHITE BLUFF,36.1106,-87.2206
202103,157248,951906,3,0.88,SSE,WHITE BLUFF,36.108,-87.2146
202103,157248,951906,4,1.47,SSE,WHITE BLUFF,36.0992,-87.214
202103,157248,951906,5,1.47,SSW,WHITE BLUFF,36.1002,-87.2298
202103,157248,950558,1,0.0,N,LOVEJOY,36.2,-85.17
202103,157121,950330,1,1.03,SSE,MEDON,35.4571,-88.8709
202103,157121,950330,2,1.37,NNW,PINSON,35.4988,-88.7381
202103,157121,950330,3,2.56,NE,BEECH BLUFF,35.626,-88.6176
202103,157121,950330,4,0.31,SSW,WESTOVER,35.6157,-88.8819
202103,157121,949718,1,1.38,NE,ADAMSVILLE,35.2437,-88.3824
202103,157121,949718,2,1.56,NE,ADAMSVILLE,35.2448,-88.3792
202103,157121,949718,3,1.49,NE,ADAMSVILLE,35.2421,-88.3781
202103,157121,949718,4,1.37,NE,ADAMSVILLE,35.2418,-88.3806
202103,157121,949719,1,0.77,W,BOX ELDER,35.2499,-88.3337
202103,157121,949719,2,0.91,WSW,BOX ELDER,35.2453,-88.3351
202103,157121,949719,3,0.65,SW,BOX ELDER,35.2427,-88.3274
202103,157121,949719,4,0.35,WSW,BOX ELDER,35.248,-88.3257
202103,157121,949748,1,0.56,E,MIDDLE FORK,35.53,-88.49
202103,157121,949748,2,2.83,E,MIDDLE FORK,35.535,-88.45
202103,157121,950027,1,3.77,SSW,KEYES PT,35.6676,-89.9387
202103,157121,950027,2,2.52,SSW,GOLDDUST,35.6976,-89.8708
202103,157121,950042,1,1.64,SSW,MIFFLIN,35.5301,-88.5959
202103,157121,949722,1,0.0,N,JACKS CREEK,35.47,-88.53
202103,157121,949722,2,3.11,ENE,HENDERSON,35.4411,-88.6165
202103,157121,950331,1,1.15,SW,SELMER,35.1685,-88.6148
202103,157121,950331,2,2.16,ESE,SELMER,35.1722,-88.5629
202103,157121,950329,1,6.0,N,MIDDLETON,35.1568,-88.9
202103,157121,950327,1,0.91,WSW,GRAND JCT,35.046,-89.1954
202103,157121,950327,2,1.06,ENE,GRAND JCT,35.0551,-89.1624
202107,161664,976077,1,2.22,S,WINDY CITY,35.7181,-88.9248
202107,161760,976665,1,1.72,SSW,NAUVOO,36.0786,-89.4358
202107,161760,976667,1,1.11,WSW,CEDAR GROVE,35.8112,-88.6166
202107,161760,976668,1,0.0,N,BLUE GOOSE,35.7,-88.58
202107,161760,976668,2,0.59,SE,DOLEN,35.6139,-88.2128
202107,161760,976669,1,1.74,ESE,CENTER HILL,35.5372,-88.3734
202107,161664,976702,1,0.17,ENE,MT MORIAH,35.9706,-88.047
202107,161733,976365,1,0.5,E,HALLS XRDS,36.08,-83.9211
202107,161733,976365,2,0.5,NE,HALLS XRDS,36.0851,-83.9237
202107,161733,976365,3,0.5,N,HALLS XRDS,36.0872,-83.93
202107,161733,976365,4,0.25,SW,HALLS XRDS,36.0774,-83.9332
202107,161736,976373,1,3.0,S,STEPHENS,36.0266,-84.43
202107,161736,976373,2,3.0,W,STEPHENS,36.07,-84.4837
202107,161736,976373,3,1.0,N,STEPHENS,36.0845,-84.43
202107,161736,976373,4,1.0,E,STEPHENS,36.07,-84.4121
202107,161738,976375,1,2.0,SE,DECATUR,35.4995,-84.7749
202107,161738,976375,2,3.0,SW,DECATUR,35.4893,-84.8377
202107,161738,976375,3,2.0,SW,BIG SPG,35.3795,-84.9451
202107,161738,976375,4,2.0,SE,BIG SPG,35.3795,-84.8949
202107,161742,976385,1,1.0,NE,CEDAR BLUFF,35.9302,-84.0874
202107,161742,976385,2,1.0,ESE,CEDAR BLUFF,35.9145,-84.0835
202107,161742,976385,3,1.0,S,CEDAR BLUFF,35.9055,-84.1
202107,161742,976385,4,1.0,NNW,CEDAR BLUFF,35.9334,-84.1068
202107,161655,976054,1,1.87,N,MALLORY,35.1271,-90.0686
202107,161655,976054,2,1.91,N,MALLORY,35.1273,-90.0651
202107,161655,976054,3,1.83,N,MALLORY,35.1262,-90.0656
202107,161655,976054,4,1.74,N,MALLORY,35.1252,-90.0699
202107,161747,976430,1,1.64,SSW,FRIENDSHIP,35.8996,-89.2448
202107,161747,976440,1,0.2,SSW,BROWNSVILLE,35.5974,-89.2717
202107,161747,976445,1,1.0,NE,GADSDEN,35.7902,-88.9874
202107,161684,976243,1,1.48,E,NEW PROVIDENCE,36.5461,-87.3739
202107,161684,976243,2,1.62,WSW,NEW PROVIDENCE,36.5436,-87.4281
202107,161684,976243,3,2.77,NW,HILLTOP,36.5006,-87.4321
202107,161684,976243,4,0.66,SSW,CLARKSVILLE,36.5207,-87.3525
202107,161684,976244,1,2.17,NW,J PERCY PRIEST RES N,36.14,-86.63
202107,161684,976244,2,1.72,SSE,DONELSON,36.1459,-86.6426
202107,161684,976244,3,1.79,ENE,(BNA)NASHVILLE METRO,36.1352,-86.6486
202107,161684,976244,4,1.78,NW,J PERCY PRIEST RES N,36.1346,-86.6263
202107,161747,976456,1,1.31,NE,EADS,35.213,-89.6532
202107,161747,976456,2,1.54,NE,EADS,35.2132,-89.6481
202107,161747,976456,3,1.36,ENE,EADS,35.2083,-89.6482
202107,161747,976456,4,1.16,ENE,EADS,35.2084,-89.6523
202107,161687,976583,1,1.13,W,BELLEVUE,36.0697,-86.9502
202107,161687,976583,2,0.81,NNE,BRENTWOOD,36.0404,-86.7735
202107,161687,976583,3,1.46,N,WOODBINE,36.1411,-86.7179
202107,161687,976583,4,1.39,NE,WEST MEADE,36.133,-86.901
202107,161687,976567,1,1.57,WNW,OAK HILL,36.1105,-86.845
202107,161760,976666,1,0.0,N,BRAZIL,35.92,-89.07
202107,161760,976666,2,0.0,N,HUMBOLDT,35.82,-88.92
202107,161681,976248,1,1.26,N,IRON CITY,35.038,-87.577
202107,161681,976248,2,1.4,NNE,IRON CITY,35.0371,-87.5668
202107,161681,976248,3,0.36,ENE,IRON CITY,35.0212,-87.5737
202107,161681,976248,4,0.83,SSE,IRON CITY,35.0093,-87.5734
202107,161681,976248,5,0.79,S,IRON CITY,35.0086,-87.5814
202107,161681,976248,6,0.29,N,IRON CITY,35.0242,-87.5803
202107,161686,976247,1,1.24,W,SUMMERTOWN,35.4311,-87.3219
202107,161685,976245,1,1.1,WSW,FOUR CORNERS,36.0429,-86.5977
202107,161685,976246,1,1.67,W,HOPEWELL,36.23,-86.66
202107,161683,976240,1,0.8,S,RAMAH,35.0685,-87.3289
202107,161683,976240,2,0.79,SSE,RAMAH,35.0688,-87.3269
202107,161683,976240,3,1.05,SSE,RAMAH,35.0652,-87.3256
202107,161683,976240,4,1.03,S,RAMAH,35.0651,-87.3279
202107,161683,976241,1,1.79,NE,LIBERTY GROVE,35.05,-87.36
202107,161683,976241,2,1.85,NNE,LIBERTY GROVE,35.0526,-87.3627
202107,161683,976241,3,1.66,NNE,LIBERTY GROVE,35.051,-87.3655
202107,161683,976241,4,1.63,NE,LIBERTY GROVE,35.0486,-87.3621
202107,161683,976242,1,0.52,WSW,UPPER MOCKESON,35.0663,-87.308
202107,161683,976242,2,0.96,WSW,UPPER MOCKESON,35.065,-87.3158
202107,161683,976242,3,0.98,W,UPPER MOCKESON,35.0687,-87.3173
202107,161683,976242,4,0.58,W,UPPER MOCKESON,35.0706,-87.3103
202107,161687,976550,1,0.0,N,SPRINGFIELD,36.5,-86.88
202107,161682,976239,1,1.44,WSW,ROCKY MOUND,36.5902,-86.2028
202107,161687,976551,1,0.0,N,HICKORY PT,36.43,-87.25
202107,161687,976552,1,0.98,E,GREENBRIER,36.2805,-87.1024
202107,161687,976554,1,1.65,W,RICHLAND,36.1477,-86.9094
202107,161687,976555,1,2.61,NNW,BRENTWOOD,36.0666,-86.7916
202107,161687,976555,2,2.57,NW,OGLESBY,36.0715,-86.7674
202107,161687,976556,1,1.85,ESE,OAK HILL,36.087,-86.7911
202107,161687,976569,1,0.0,N,DOVER,36.48,-87.83
202107,161687,976570,1,0.0,N,BURNS,36.05,-87.32
202107,161687,976571,1,2.17,SE,EAST SIDE,36.01,-87.24
202107,161687,976572,1,0.94,ESE,NASHVILLE,36.1635,-86.7652
202107,161687,976572,2,1.06,ESE,NASHVILLE,36.1634,-86.763
202107,161687,976572,3,1.12,ESE,NASHVILLE,36.1619,-86.7627
202107,161687,976572,4,0.97,SE,NASHVILLE,36.1622,-86.7656
202107,161687,976573,1,2.15,WSW,NASHVILLE CORNELIA F,36.1718,-86.7372
202107,161687,976574,1,3.09,ENE,SPRING HILL,35.7719,-86.882
202107,161687,976576,1,2.16,E,REEDS STORE,35.7207,-86.7315
202107,161687,976578,1,0.6,SSE,RICHLAND,36.1427,-86.8742
202107,161687,976578,2,0.61,ESE,RICHLAND,36.1459,-86.8703
202107,161687,976578,3,0.56,ESE,RICHLAND,36.1465,-86.871
202107,161687,976578,4,0.54,SSE,RICHLAND,36.1433,-86.875
202107,161687,976579,1,0.99,E,SHELBYVILLE,35.4786,-86.4525
202107,161687,976581,1,0.0,N,LINDEN,35.62,-87.85
202107,161687,976582,1,1.02,ENE,BLACK JACK,35.4367,-86.1039
202107,161687,977252,1,0.0,SW,WHITE HOUSE,36.47,-86.66
202108,160736,970825,1,0.89,NW,ARLINGTON,36.01,-83.96
202108,160736,983693,1,0.0,E,CEDAR BLUFF,35.92,-84.1
202108,160736,983693,2,0.5,N,CEDAR BLUFF,35.9272,-84.1
202108,160736,983693,3,1.0,NE,CEDAR BLUFF,35.9302,-84.0874
202108,160736,983693,4,1.0,SE,CEDAR BLUFF,35.9098,-84.0874
202108,160736,983696,1,0.5,N,BALL CAMP,35.9572,-84.12
202108,160736,983696,2,0.5,W,BALL CAMP,35.95,-84.1289
202108,160736,983696,3,0.5,S,BALL CAMP,35.9428,-84.12
202108,160736,983696,4,1.0,ESE,BALL CAMP,35.9445,-84.1035
202108,160735,970822,1,0.89,NE,POWELL,36.04,-84.02
202108,160735,983699,1,3.0,WSW,CLEVELAND,35.1534,-84.9291
202108,160735,983699,2,2.0,S,ANNADALE,35.1411,-84.9
202108,160735,983699,3,1.0,SW,CLEVELAND,35.1598,-84.8925
202108,160735,983699,4,2.0,WNW,CLEVELAND,35.1811,-84.9127
202108,160735,983699,5,1.5,W,ANNADALE,35.17,-84.9266
202108,162902,983700,1,0.0,NE,HUNTER,36.37,-82.17
202108,162902,983700,2,1.0,ESE,HUNTER,36.3645,-82.1534
202108,162902,983700,3,3.0,ENE,HUNTER,36.3866,-82.1202
202108,162902,983700,4,3.0,NE,HUNTER,36.4007,-82.1319
202108,162902,983701,1,1.0,SSW,SADIE,36.4166,-82.0769
202108,162902,983701,2,1.0,SE,SADIE,36.4198,-82.0573
202108,162902,983701,3,0.75,ESE,SADIE,36.4259,-82.0575
202108,162902,983701,4,0.5,SSW,SADIE,36.4233,-82.0734
202108,160737,970826,1,1.78,NE,PAYNE SPG,35.6,-84.98
202108,160737,983684,1,1.5,SW,FARRAGUT,35.8647,-84.1889
202108,160737,983684,2,0.75,WNW,FARRAGUT,35.8842,-84.1824
202108,160737,983684,3,0.75,ENE,FARRAGUT,35.8842,-84.1576
202108,160737,983684,4,1.5,SE,FARRAGUT,35.8647,-84.1511
202108,160737,983685,1,2.9,ENE,MORGANTOWN,35.51,-84.97
202108,160737,983685,2,2.0,E,MORGANTOWN,35.5,-84.9844
202108,160737,983685,3,3.0,ENE,DAYTON,35.4966,-84.9707
202108,160737,983685,4,4.0,ENE,DAYTON,35.5022,-84.9543
202107,162123,978836,1,1.34,SE,FLINTVILLE,35.0587,-86.4109
202107,162123,978838,1,0.56,E,FAYETTEVILLE,35.15,-86.57
202104,157817,953919,1,2.0,SW,RIPLEY,35.7095,-89.5752
202108,160737,983691,1,1.0,E,TELLICO PLAINS,35.37,-84.2823
202108,160737,983691,2,5.0,ENE,TELLICO PLAINS,35.3977,-84.218
202108,160737,983691,3,9.0,E,TELLICO PLAINS,35.37,-84.1403
202108,160737,983691,4,7.0,SE,TELLICO PLAINS,35.2984,-84.2122
202108,160737,983691,5,4.0,S,TELLICO PLAINS,35.3121,-84.3
202108,162903,983702,1,0.0,NW,CLEVELAND,35.17,-84.88
202108,162903,983702,2,4.0,SSE,CLEVELAND,35.1165,-84.8529
202108,162903,983702,3,4.0,SSW,CLEVELAND,35.1165,-84.9071
202108,162903,983702,4,2.0,SW,CLEVELAND,35.1495,-84.905
202104,157848,954125,1,1.62,WSW,NOBLES,36.3642,-88.2582
202104,157848,954125,2,1.72,ESE,OAK GROVE,36.3899,-88.1418
202104,157817,953928,1,0.0,N,BROWNSVILLE,35.6,-89.27
202108,160732,970809,1,2.78,E,CAVE SPG,36.5,-83.5
202108,160732,970810,1,1.31,ENE,FRISCO,36.59,-82.61
202108,160732,970811,1,0.89,NW,TUCKAHOE,35.96,-83.69
202108,160732,970812,1,0.89,NE,WHITES VLG,35.94,-83.87
202108,160732,970813,1,0.56,E,WHITES VLG,35.93,-83.87
202108,160732,983680,1,0.5,SE,TELLICO PLAINS,35.3649,-84.2937
202108,160732,983680,2,0.75,SSE,TELLICO PLAINS,35.36,-84.2949
202108,160732,983680,3,0.5,S,TELLICO PLAINS,35.3628,-84.3
202108,160732,983680,4,0.25,SSE,TELLICO PLAINS,35.3667,-84.2983
202108,160732,983682,1,2.0,SSW,KNOXVILLE,35.9433,-83.9437
202108,160732,983682,2,0.5,WSW,KNOXVILLE,35.9672,-83.9383
202108,160732,983682,3,2.0,ENE,KNOXVILLE,35.9811,-83.897
202108,160732,983682,4,2.0,ESE,KNOXVILLE,35.9589,-83.897
202108,159989,978835,1,0.91,SE,FLINTVILLE,35.0621,-86.4172
202108,160658,970640,1,1.82,ESE,MADISONVILLE,35.51,-84.34
202108,160659,970641,1,0.89,NE,BURLINGTON,36.01,-83.84
202108,160659,970642,1,1.38,S,STRAWBERRY PLAINS,36.05,-83.68
202108,160659,970643,1,0.89,NE,BURLINGTON,36.01,-83.84
202108,160659,970644,1,0.0,N,FALL BRANCH,36.42,-82.62
202108,160659,970645,1,0.89,NE,SEVIERVILLE ARPT,35.86,-83.52
202108,160659,970646,1,0.89,NE,OLDHAM,35.78,-83.47
202108,160659,970647,1,1.31,ESE,OAK HILL,35.99,-82.96
202108,160726,970784,1,0.0,N,ROCKWOOD,35.87,-84.68
202108,160726,970785,1,0.89,NW,RICEVILLE,35.39,-84.71
202108,160726,970786,1,0.56,E,MADISONVILLE,35.52,-84.36
202108,160726,970787,1,3.45,ESE,SOUTH CENTER,35.37,-84.21
202108,160726,970788,1,0.69,S,WORLEY,35.02,-85.15
202108,160730,970803,1,2.15,SSE,BIRD XRD,35.89,-83.34
202108,160730,970804,1,1.12,W,IRISH CUT,36.0,-83.2
202108,160730,970805,1,0.69,S,MARSHALL,36.57,-82.65
202108,160724,970782,1,0.69,S,SUNBRIGHT,36.24,-84.67
202108,160728,970793,1,1.38,N,BARTON SPGS,36.25,-83.25
202108,160728,970796,1,0.89,NE,CHARLESTON,35.29,-84.76
202108,160728,970797,1,3.97,ESE,BENTON SPGS,35.12,-84.57
202108,160728,970798,1,3.96,NW,GRASSY CREEK,35.04,-84.53
202108,160728,970799,1,0.69,S,CATLETTSBURG,35.89,-83.58
202108,160728,970800,1,0.89,SW,GRAY,36.41,-82.48
202108,160728,970801,1,0.89,SW,GRAY,36.41,-82.48
202110,163999,990093,1,2.62,S,SWEETGUM,35.7421,-85.4014
202110,163999,990093,2,1.8,S,SWEETGUM,35.7543,-85.395
202110,163999,990093,3,1.88,SSE,SWEETGUM,35.7538,-85.391
202110,163999,990093,4,3.08,S,SWEETGUM,35.7362,-85.3897
202110,163999,990093,5,3.02,S,SWEETGUM,35.7367,-85.3925
202110,163999,990093,6,2.64,S,SWEETGUM,35.7421,-85.3948
202110,163999,990094,4,0.37,SSE,IVYTON,36.3955,-85.1664
202110,163999,990094,1,0.47,W,IVYTON,36.3997,-85.1785
202110,163999,990094,2,0.66,WSW,IVYTON,36.3952,-85.1802
202110,163999,990094,3,0.48,SSE,IVYTON,36.3939,-85.1658
202110,163999,990078,1,1.43,NNW,CROSSVILLE,35.9684,-85.0417
202110,163999,990081,1,2.08,ESE,CRESTON,36.0135,-85.0337
202110,163999,990081,2,2.16,ENE,CRESTON,36.0277,-85.0326
202110,163999,990177,1,2.91,S,SWEETGUM,35.7379,-85.399
202110,163999,990177,2,5.75,E,PHIFERES,35.6607,-85.3481
202110,163999,990177,3,3.83,SSE,MOONEYHAM,35.6971,-85.3095
202110,163999,990177,4,2.24,S,SWEETGUM,35.7479,-85.3946
202110,163999,990096,1,0.39,NNE,RIVER HILL,35.8249,-85.4167
202110,163999,990096,2,0.33,NE,RIVER HILL,35.824,-85.4166
202110,163999,990096,3,0.3,N,RIVER HILL,35.8244,-85.4202
202110,163999,990096,4,1.24,NNW,RIVER HILL,35.8357,-85.4308
202110,163999,990096,5,1.23,NNW,RIVER HILL,35.8363,-85.4287
202110,163999,990096,6,0.37,N,RIVER HILL,35.8254,-85.4192
202109,163323,986505,1,0.71,W,TUSCULUM,36.0716,-86.7326
202109,163323,986505,2,0.88,WNW,TUSCULUM,36.0728,-86.7354
202109,163323,986505,3,0.32,WNW,PROVIDENCE,36.0811,-86.7256
202109,163323,986505,4,0.2,W,PROVIDENCE,36.08,-86.7236
202109,163323,986506,4,1.57,SSE,NORMANDY,35.4283,-86.2719
202109,163323,986506,1,1.41,SSE,NORMANDY,35.4315,-86.2696
202109,163323,986506,2,1.52,SSE,NORMANDY,35.4311,-86.2662
202109,163323,986506,3,1.66,SSE,NORMANDY,35.428,-86.2679
202109,163323,986507,1,1.51,SSE,FAIRVIEW,35.4112,-86.2163
202109,163323,986507,2,1.54,SSE,FAIRVIEW,35.4111,-86.2155
202109,163323,986507,3,1.92,E,FLOWERTOWN,35.4024,-86.2161
202109,163323,986507,4,1.89,E,FLOWERTOWN,35.4024,-86.2166
202109,163323,986904,1,2.78,NNW,HOLLADAY,36.1861,-85.5518
202109,163323,986904,2,2.68,NNW,HOLLADAY,36.1854,-85.5497
202109,163323,986904,3,2.63,NNW,HOLLADAY,36.184,-85.5511
202109,163323,986904,4,2.64,NNW,HOLLADAY,36.184,-85.5517
202109,163323,986905,1,0.16,NE,BELLE MEADE,36.1018,-86.8682
202109,163323,986905,2,0.17,NE,BELLE MEADE,36.1016,-86.8676
202109,163323,986905,3,0.16,NE,BELLE MEADE,36.1013,-86.8677
202109,163323,986905,4,0.14,NE,BELLE MEADE,36.1014,-86.8682
202109,163324,986508,1,2.6,SE,BON AQUA,35.9228,-87.298
202109,163324,986508,2,2.6,SE,BON AQUA,35.9234,-87.2972
202109,163324,986508,3,3.12,SE,BON AQUA,35.9183,-87.2902
202109,163324,986508,4,3.36,SE,BON AQUA,35.9143,-87.2892
202109,163324,986508,5,3.34,SE,BON AQUA,35.9138,-87.2904
202109,163324,986509,1,0.39,WSW,HAMPSHIRE,35.5973,-87.3061
202109,163324,986509,2,0.79,S,HAMPSHIRE,35.5886,-87.3001
202109,163324,986509,3,1.32,ESE,HAMPSHIRE,35.5952,-87.2772
202109,163324,986509,4,1.0,ENE,HAMPSHIRE,35.6051,-87.2834
202110,163999,990084,1,2.62,WNW,PRIMM SPGS,35.8322,-87.3142
202110,163999,990086,1,0.0,N,LYLES,35.92,-87.37
202110,163999,990089,1,0.46,WSW,MT SINAI,35.9982,-87.4079
202110,163999,990087,1,0.62,WSW,MT SINAI,35.9975,-87.4107
202110,163999,990083,1,0.0,N,RINNIE,36.15,-85.03
202110,163999,990099,1,2.32,S,ANTHONY HILL,35.0964,-87.1184
202110,163999,990099,2,2.34,S,ANTHONY HILL,35.0964,-87.1161
202110,163999,990099,3,2.41,S,ANTHONY HILL,35.0953,-87.1162
202110,163999,990099,4,2.4,S,ANTHONY HILL,35.0953,-87.1184
202110,163999,990090,1,0.0,N,RINNIE,36.15,-85.03
202109,163324,986510,1,0.38,E,BON AQUA,35.9499,-87.3233
202109,163324,986510,2,0.34,E,BON AQUA,35.9495,-87.324
202109,163324,986510,3,0.25,NNE,BON AQUA,35.9531,-87.3278
202109,163324,986510,4,0.29,NNW,BON AQUA,35.9538,-87.3322
202109,163324,986510,5,0.58,NNE,BON AQUA,35.9578,-87.3262
202109,163324,986512,1,1.92,SSW,BOMAR ARPT,35.5437,-86.4613
202109,163324,986512,2,1.88,SSW,BOMAR ARPT,35.5438,-86.459
202109,163324,986512,3,2.19,SSW,BOMAR ARPT,35.5391,-86.4585
202109,163324,986512,4,2.22,SSW,BOMAR ARPT,35.5391,-86.4609
202109,163324,986513,1,2.64,WNW,CARTERS CREEK,35.7369,-87.0422
202109,163324,986513,2,2.59,WNW,CARTERS CREEK,35.7366,-87.0413
202109,163324,986513,3,2.64,WNW,CARTERS CREEK,35.7286,-87.0458
202109,163324,986513,4,2.72,WNW,CARTERS CREEK,35.7292,-87.0471
202109,163324,986515,2,1.12,NE,DARKS MILL,35.6915,-87.0059
202109,163324,986515,3,0.97,NE,DARKS MILL,35.6884,-87.006
202109,163324,986515,4,0.77,NE,DARKS MILL,35.6887,-87.0116
202109,163324,986515,1,0.96,NNE,DARKS MILL,35.6917,-87.0108
202109,163324,986516,1,2.18,NW,KLEBURNE,35.7683,-87.0117
202109,163324,986516,2,2.13,WNW,KLEBURNE,35.7666,-87.0119
202109,163324,986516,3,1.63,ESE,THETA,35.7691,-87.0242
202109,163324,986516,4,0.34,E,THETA,35.7805,-87.044
202109,163324,986516,5,2.27,NNW,THETA,35.8082,-87.0709
202109,163324,986516,6,2.28,NNW,THETA,35.8093,-87.0686
202109,163324,986516,7,1.71,N,THETA,35.8044,-87.0551
202109,163324,986517,1,2.27,WNW,NORTH XRDS,35.3303,-87.3882
202109,163324,986517,2,2.0,WNW,NORTH XRDS,35.3301,-87.3833
202109,163324,986517,3,1.96,WNW,NORTH XRDS,35.3261,-87.384
202109,163324,986517,4,2.08,WNW,NORTH XRDS,35.3266,-87.386
202109,163324,986518,1,0.97,N,IRON CITY,35.034,-87.5812
202109,163324,986518,2,0.97,N,IRON CITY,35.034,-87.5797
202109,163324,986518,3,0.55,N,IRON CITY,35.0279,-87.581
202109,163324,986518,4,0.56,NNW,IRON CITY,35.0279,-87.5827
202109,163324,986518,5,0.7,NNW,IRON CITY,35.0299,-87.583
202109,163324,986519,1,0.88,NE,CARTERS CREEK,35.73,-86.9903
202109,163324,986519,2,0.66,NW,NEAPOLIS,35.7277,-86.9868
202109,163324,986519,3,0.62,WNW,NEAPOLIS,35.7245,-86.9896
202109,163324,986519,4,0.81,NE,CARTERS CREEK,35.7288,-86.9905
202109,163567,987539,1,2.0,NW,LEES STATION,35.5705,-85.2752
202109,163567,987539,2,1.0,NE,LUSK,35.5102,-85.2874
202109,163567,987539,3,2.0,NW,PAILO,35.4905,-85.3451
202109,163567,987539,4,5.0,NW,PAILO,35.5212,-85.3829
202109,163567,987539,5,5.0,WNW,LEES STATION,35.5777,-85.3322
202109,163567,987544,1,1.5,NNE,DUNLAP,35.4001,-85.3698
202109,163567,987544,2,2.5,NNE,DUNLAP,35.4134,-85.363
202109,163567,987544,3,3.0,N,DUNLAP,35.4234,-85.38
202109,163567,987544,4,2.0,NNW,DUNLAP,35.4067,-85.3936
202109,163567,987546,1,2.0,NNW,DUNLAP,35.4067,-85.3936
202109,163567,987546,2,1.5,NNE,DUNLAP,35.4001,-85.3698
202109,163567,987546,3,2.5,NNE,DUNLAP,35.4134,-85.363
202109,163567,987546,4,3.0,N,DUNLAP,35.4234,-85.38
202109,163567,987550,1,0.0,WNW,EAST BRAINERD,35.02,-85.17
202109,163567,987550,2,1.0,S,EAST BRAINERD,35.0055,-85.17
202109,163567,987550,3,1.0,E,EAST BRAINERD,35.02,-85.1523
202109,163567,987550,4,1.5,NE,EAST BRAINERD,35.0354,-85.1513
202110,163999,990102,1,2.81,SSW,GRIMSLEY,36.2332,-85.0013
202110,163999,990102,2,2.73,SSW,GRIMSLEY,36.233,-84.9971
202110,163999,990102,3,3.14,NNE,CLARKRANGE,36.2222,-84.9989
202110,163999,990102,4,3.06,NNE,CLARKRANGE,36.2229,-85.0066
202110,163999,990106,1,1.27,E,ELMORE,36.1196,-85.0572
202110,163999,990106,2,1.25,E,ELMORE,36.119,-85.0577
202110,163999,990106,3,1.0,E,ELMORE,36.1196,-85.0621
202110,163999,990106,4,0.78,E,ELMORE,36.1203,-85.0661
202110,163999,990106,5,0.79,E,ELMORE,36.1211,-85.0658
202110,163999,990108,1,0.58,WNW,WELCH,36.0727,-85.2298
202110,163999,990108,2,3.34,SW,MAYLAND,36.0135,-85.239
202110,163999,990108,3,1.65,N,ERASMUS,35.9038,-85.1677
202110,163999,990108,4,1.91,NNE,ERASMUS,35.9049,-85.1553
202110,163999,990108,5,2.79,NNE,ERASMUS,35.9158,-85.147
202110,163999,990108,6,1.09,WSW,POMONA RD,36.0125,-85.1371
202110,163999,990104,1,1.3,NE,RAYS,36.2336,-85.3039
202110,163999,990104,2,1.27,S,OAK HILL,36.2517,-85.328
202110,163999,990104,3,0.86,NE,HANGING LIMB,36.237,-85.1571
202110,163999,990104,4,0.27,E,HARGISS,36.2198,-85.1652
202110,163999,990104,5,0.72,NNW,LOVEJOY,36.2097,-85.1751
202110,163999,990100,1,0.99,W,ELMORE,36.1206,-85.0978
202110,163999,990100,2,0.83,W,ELMORE,36.1192,-85.0948
202110,163999,990100,3,0.85,W,ELMORE,36.1183,-85.095
202110,163999,990100,4,1.03,W,ELMORE,36.1201,-85.0984
202110,163568,987562,1,4.0,NNE,DUNLAP,35.4335,-85.3528
202110,163568,987562,2,0.0,N,DUNLAP,35.38,-85.38
202110,163568,987562,3,3.0,WNW,DUNLAP,35.3966,-85.4292
202110,163568,987562,4,8.0,NW,DUNLAP,35.4619,-85.4805
202110,163568,987562,5,8.0,NNW,DUNLAP,35.487,-85.4344
202110,163568,987562,6,5.0,N,DUNLAP,35.4524,-85.38
202109,163324,986520,1,1.12,N,SANTA FE,35.7461,-87.1327
202109,163324,986520,2,3.06,E,SANTA FE,35.7337,-87.0757
202109,163324,986520,3,0.71,W,TIMMONS,35.68,-87.0926
202109,163324,986520,4,2.31,SW,SANTA FE,35.7091,-87.1621
202109,163324,986521,1,1.21,WNW,SUMMERTOWN,35.4388,-87.3186
202109,163324,986521,2,1.08,NW,SUMMERTOWN,35.4389,-87.3159
202109,163324,986521,3,0.7,WNW,SUMMERTOWN,35.4346,-87.311
202109,163324,986521,4,0.83,WNW,SUMMERTOWN,35.4335,-87.3141
202109,163324,986521,5,1.13,WNW,SUMMERTOWN,35.4371,-87.3181
202109,163324,986522,1,0.53,WNW,CHARTERSVILLE,35.7234,-87.2784
202109,163324,986522,2,0.6,WNW,CHARTERSVILLE,35.7239,-87.2796
202109,163324,986522,3,0.69,NNW,CHARTERSVILLE,35.7291,-87.2753
202109,163324,986522,4,0.64,NNW,CHARTERSVILLE,35.7286,-87.2741
202109,163324,986522,5,0.48,NW,CHARTERSVILLE,35.7252,-87.2756
202109,163325,985943,1,1.69,SSW,NASHVILLE,36.1491,-86.7957
202109,163325,985943,2,1.7,NNE,OAK HILL,36.1209,-86.8039
202109,163325,985943,3,0.6,SSE,RICHLAND,36.1419,-86.8763
202109,163325,985943,4,0.57,E,RICHLAND,36.1487,-86.8699
202109,163325,985943,5,1.43,E,RICHLAND,36.1518,-86.8544
202109,163529,987257,1,1.79,SW,HUNTLAND,35.03,-86.29
202109,163529,987257,2,1.64,SSW,HUNTLAND,35.0271,-86.2776
202109,163529,987257,3,2.28,SSW,HUNTLAND,35.0213,-86.2899
202109,163529,987257,4,2.22,SW,HUNTLAND,35.0291,-86.2998
202109,163529,987258,1,0.69,S,BEANS CREEK,35.06,-86.25
202109,163529,987258,2,0.43,SE,BEANS CREEK,35.0656,-86.2446
202109,163529,987258,3,1.5,SE,BEANS CREEK,35.054,-86.2321
202109,163529,987258,4,1.14,E,HUNTLAND,35.051,-86.2499
202109,163529,987263,1,2.65,WNW,ESTILL SPGS ARPT,35.29,-86.19
202109,163529,987263,2,2.25,NW,ESTILL SPGS ARPT,35.291,-86.1805
202109,163529,987263,3,1.81,WNW,ESTILL SPGS ARPT,35.2831,-86.1778
202109,163529,987263,4,2.67,WNW,ESTILL SPGS ARPT,35.2834,-86.1944
202110,163999,990110,1,3.46,SSE,WAVERLY,36.0349,-87.7729
202110,163999,990110,2,3.4,SSE,WAVERLY,36.0359,-87.7731
202110,163999,990110,3,3.04,ENE,LONELY,36.0348,-87.7989
202110,163999,990110,4,2.02,ENE,LONELY,36.0313,-87.8166
202110,163999,990110,5,1.95,ENE,LONELY,36.0287,-87.8167
202110,163999,990091,1,0.0,N,OLD ZION,35.97,-85.57
202110,163999,990182,1,2.32,SW,WAVERLY,36.055,-87.8276
202110,163999,990182,2,1.34,SE,LONELY,36.0085,-87.8308
202110,163999,990182,3,1.33,NE,HURRICANE MILLS,35.9833,-87.7628
202110,163999,990182,4,1.82,NE,HURRICANE MILLS,35.988,-87.7562
202110,163999,990182,5,3.41,SSE,WAVERLY,36.0357,-87.773
202109,163529,987264,1,1.32,ENE,CENTER GROVE,35.33,-86.21
202109,163529,987264,2,1.84,ENE,CENTER GROVE,35.3275,-86.1986
202109,163529,987264,3,1.16,E,CENTER GROVE,35.3182,-86.2096
202109,163529,987264,4,0.9,NE,CENTER GROVE,35.3292,-86.2188
202109,163529,987265,1,0.89,NW,VANNTOWN,35.03,-86.48
202109,163529,987265,2,0.82,NNW,VANNTOWN,35.0314,-86.4739
202109,163529,987265,3,1.41,N,VANNTOWN,35.0403,-86.473
202109,163529,987265,4,1.59,NNW,VANNTOWN,35.0411,-86.4811
202109,163529,987267,1,0.89,NE,LINCOLN,35.03,-86.51
202109,163529,987267,2,1.25,NE,LINCOLN,35.0329,-86.5046
202109,163529,987267,3,1.41,NNE,LINCOLN,35.0384,-86.5093
202109,163529,987267,4,1.13,N,LINCOLN,35.0363,-86.5187
202109,163529,987270,1,0.69,S,FLINTVILLE,35.06,-86.43
202109,163529,987270,2,0.8,SE,FLINTVILLE,35.0608,-86.4215
202109,163529,987270,3,1.06,SE,FLINTVILLE,35.0577,-86.4188
202109,163529,987270,4,0.96,S,FLINTVILLE,35.0562,-86.4282
202109,163529,987272,1,0.89,NE,BELLEVIEW,35.06,-86.59
202109,163529,987272,2,0.77,WSW,FAYETTEVILLE ARPT,35.0657,-86.5826
202109,163529,987272,3,0.9,SE,SKINEM,35.0694,-86.5907
202109,163529,987272,4,0.92,NNE,BELLEVIEW,35.0628,-86.5955
202109,163529,987273,1,0.89,NE,FAYETTEVILLE ARPT,35.08,-86.56
202109,163529,987273,2,1.08,NE,FAYETTEVILLE ARPT,35.0791,-86.5544
202109,163529,987273,3,0.84,E,FAYETTEVILLE ARPT,35.0708,-86.5552
202109,163529,987273,4,0.5,NNE,FAYETTEVILLE ARPT,35.0768,-86.5672
202109,163529,987274,1,2.15,NNE,BLAKEVILLE,35.3,-86.67
202109,163529,987274,2,2.68,NNE,BLAKEVILLE,35.307,-86.6659
202109,163529,987274,3,2.45,NNE,BLAKEVILLE,35.3005,-86.6576
202109,163529,987274,4,1.88,NNE,BLAKEVILLE,35.2939,-86.6643
202109,163529,987276,1,1.33,ESE,LINCOLN,35.01,-86.5
202109,163529,987276,2,1.24,ESE,LINCOLN,35.016,-86.4986
202109,163529,987276,3,0.9,ESE,LINCOLN,35.0168,-86.5046
202109,163529,987276,4,0.96,SE,LINCOLN,35.0105,-86.5077
202109,163529,987278,1,1.79,NW,VANNTOWN,35.04,-86.49
202109,163529,987278,2,1.59,NNW,VANNTOWN,35.0402,-86.4834
202109,163529,987278,3,1.29,NNW,VANNTOWN,35.0362,-86.4812
202109,163529,987278,4,1.61,NW,VANNTOWN,35.0358,-86.4909
202109,163529,987279,1,0.89,SW,HOWELL,35.22,-86.63
202109,163529,987279,2,0.77,SSE,HOWELL,35.22,-86.614
202109,163529,987279,3,0.4,ESE,HOWELL,35.2277,-86.6135
202109,163529,987279,4,0.61,WSW,HOWELL,35.2276,-86.6304
202110,163999,990112,1,0.64,NE,WAVERLY,36.0873,-87.7931
202110,163999,990112,2,0.57,NE,WAVERLY,36.0864,-87.7936
202110,163999,990112,3,0.48,NNW,WAVERLY,36.0867,-87.8022
202110,163999,990112,4,1.27,WNW,WAVERLY,36.0849,-87.8219
202110,163999,990112,5,1.3,WNW,WAVERLY,36.0861,-87.822
202110,163999,990112,6,0.56,NNW,WAVERLY,36.0878,-87.803
202110,163999,990112,7,0.58,NNE,WAVERLY,36.088,-87.7969
202110,163999,990178,1,0.66,ENE,SHELBYVILLE,35.4846,-86.4598
202110,163999,990178,2,0.54,NE,SHELBYVILLE,35.4849,-86.4626
202110,163999,990178,3,1.09,ENE,SHELBYVILLE,35.4885,-86.4536
202110,163999,990178,4,1.17,ENE,SHELBYVILLE,35.4882,-86.4518
202110,163999,990180,1,0.37,NNW,FLAT WOOD,35.4852,-87.8314
202110,163999,990180,2,3.58,E,FLAT WOOD,35.4829,-87.7666
202110,163999,990180,3,3.76,ESE,FLAT WOOD,35.4647,-87.7659
202110,163999,990180,4,0.8,SSW,FLAT WOOD,35.4696,-87.8363
202110,163999,990181,1,0.46,ENE,KITTRELL,35.8225,-86.2423
202110,163999,990181,2,0.48,ENE,KITTRELL,35.8223,-86.2418
202110,163999,990181,3,0.7,ENE,KITTRELL,35.8254,-86.2394
202110,163999,990181,4,0.99,NE,KITTRELL,35.8308,-86.2385
202110,163999,990181,5,1.09,SE,HALLS HILL,35.8579,-86.2376
202110,163999,990181,6,0.78,SE,HALLS HILL,35.8626,-86.2396
202110,163999,990181,7,0.72,SE,HALLS HILL,35.8626,-86.241
202110,163997,990063,1,3.4,SW,MT JULIET,36.1625,-86.5594
202110,163997,990063,2,0.91,SW,MT JULIET,36.1917,-86.5326
202110,163998,990065,1,1.62,WNW,LORETTO,35.0931,-87.4739
202110,163998,990065,2,1.33,WNW,LORETTO,35.0905,-87.4698
202110,163998,990065,3,1.37,WNW,LORETTO,35.0889,-87.4717
202110,163998,990065,4,1.69,WNW,LORETTO,35.0915,-87.4764
202110,163998,990069,1,1.5,S,ST JOSEPH,35.0283,-87.4981
202110,163998,990069,2,1.43,SSE,ST JOSEPH,35.0297,-87.4949
202110,163998,990069,3,1.56,SSE,ST JOSEPH,35.028,-87.4933
202110,163998,990069,4,1.6,S,ST JOSEPH,35.027,-87.4968
202110,163998,990071,1,1.43,NE,DEERFIELD,35.3132,-87.4606
202110,163998,990071,2,1.68,ENE,DEERFIELD,35.3131,-87.4549
202110,163998,990071,3,1.63,ENE,DEERFIELD,35.3115,-87.4548
202110,163998,990071,4,1.36,NE,DEERFIELD,35.3117,-87.4606
202110,163998,990073,1,1.14,N,ST JOSEPH,35.0663,-87.4962
202110,163998,990073,2,1.35,NNE,ST JOSEPH,35.0665,-87.487
202110,163998,990073,3,0.91,NNW,SOUTH FAIRVIEW,35.0624,-87.4754
202110,163998,990073,4,0.77,NNW,SOUTH FAIRVIEW,35.0597,-87.4767
202110,163998,990073,5,1.13,NE,ST JOSEPH,35.0636,-87.4889
202110,163998,990073,6,0.95,NNE,ST JOSEPH,35.0634,-87.496
202110,163998,990075,1,1.1,E,LORETTO,35.08,-87.4306
202110,163999,990176,1,1.53,ESE,LONEWOOD,35.7623,-85.2744
202110,163999,990176,2,1.93,ESE,LONEWOOD,35.7608,-85.2675
202110,163999,990176,3,1.93,ESE,LONEWOOD,35.7594,-85.2682
202110,163999,990176,4,1.51,ESE,LONEWOOD,35.7609,-85.2755
202109,163320,985944,1,0.0,N,FLATWOODS,35.3,-87.35
202109,163321,985945,1,1.16,S,LINDEN,35.6033,-87.851
202109,163321,985945,2,1.36,SSE,LINDEN,35.6027,-87.8386
202109,163321,985945,3,3.6,ENE,CHESTNUT GROVE,35.6536,-87.7628
202109,163321,985945,4,2.9,S,BEARDSTOWN,35.6781,-87.8155
202109,163322,985946,1,0.4,SW,PINE VIEW,35.7263,-87.9355
202109,163322,985946,2,0.13,WNW,PINE VIEW,35.7305,-87.9323
202109,163322,985946,3,0.68,WNW,PINE VIEW,35.7349,-87.9404
202109,163322,985946,4,0.74,W,PINE VIEW,35.7308,-87.9431
202109,163323,986500,1,2.34,NW,COOKEVILLE,36.1898,-85.5342
202109,163323,986500,2,2.56,NW,COOKEVILLE,36.193,-85.5359
202109,163323,986500,3,1.86,WNW,COOKEVILLE ARPT,36.2101,-85.5109
202109,163323,986500,4,1.76,WNW,COOKEVILLE ARPT,36.2088,-85.5096
202109,163323,986501,1,1.49,SSE,OAK HILL,36.0815,-86.8064
202109,163323,986501,2,2.26,WNW,BRENTWOOD,36.042,-86.8176
202109,163323,986501,3,0.78,N,BRENTWOOD,36.0413,-86.7795
202109,163323,986501,4,0.86,WSW,OGLESBY,36.044,-86.7435
202109,163323,986501,5,0.15,ENE,PROVIDENCE,36.0808,-86.7176
202109,163323,986502,1,0.51,W,COOKEVILLE ARPT,36.1994,-85.4891
202109,163323,986502,2,0.07,SE,COOKEVILLE ARPT,36.1993,-85.4793
202109,163323,986502,3,0.1,SSE,COOKEVILLE ARPT,36.1987,-85.4792
202109,163323,986502,4,0.52,W,COOKEVILLE ARPT,36.1988,-85.4893
202109,163323,986503,1,2.2,NNE,BELLE MEADE,36.1269,-86.8489
202109,163323,986503,2,2.22,NE,BELLE MEADE,36.1256,-86.8458
202109,163323,986503,3,1.28,NE,BELLE MEADE,36.1129,-86.8535
202109,163323,986503,4,1.16,NNE,BELLE MEADE,36.1155,-86.862
202106,159731,965642,1,1.45,WNW,DOVER,36.4845,-87.8554
202106,159731,965642,2,0.47,NNE,DOVER,36.4861,-87.8261
202106,159731,965642,3,0.1,SW,DOVER,36.4788,-87.8312
202106,159731,965642,4,1.76,W,DOVER,36.4763,-87.8613
202112,164521,993233,1,4.7,SSW,ELVA,36.52,-84.67
202112,164521,993235,1,3.89,W,BLACK OAK,36.48,-84.67
202112,164521,993237,1,0.69,N,OSWEGO,36.58,-84.13
202112,164521,993238,1,0.89,SW,SOUTH PITTSBURG,35.02,-85.71
202112,164521,993240,1,1.33,ESE,GLOVER HILL,35.06,-85.63
202112,164521,993243,1,0.56,E,CARDIFF,35.88,-84.62
202112,164521,993244,1,1.32,ENE,HIXON,35.16,-85.21
202112,164521,993246,1,1.49,SSW,BYRDS CHAPEL,35.9,-84.18
202112,164521,993247,1,0.56,E,OLD ENGLEWOOD,35.42,-84.49
202112,164521,993248,1,0.0,N,BEAVER RIDGE,35.98,-84.12
202112,164521,993249,1,0.69,S,WILLIAMSBURG,35.34,-84.53
202112,164521,993251,1,0.0,N,HALLS XRDS,36.08,-83.93
202112,164521,993252,1,1.32,WSW,WILDWOOD,35.79,-83.89
202112,164521,993253,1,0.89,SE,HOPEWELL SPGS,35.52,-84.27
202112,164521,993254,1,0.56,W,NEW MARKET,36.1,-83.56
202112,164521,993255,1,0.89,SE,BENTON,35.17,-84.66
202112,164521,993256,1,1.49,SSW,CHEROKEE LAKE,36.23,-83.39
202112,164521,993258,1,0.69,S,CATLETTSBURG,35.89,-83.58
202112,164524,993262,1,0.0,N,HICKS CHAPEL,35.22,-85.47
202112,164524,993263,1,0.89,SW,RED HILL,35.22,-85.53
202112,164524,993264,1,1.32,WSW,PINE GROVE,35.86,-84.59
202112,164524,993265,1,0.57,W,SOUTH CLEVELAND,35.13,-84.93
202112,164493,993068,1,3.47,SE,ELK VLY,36.45,-84.18
202106,159732,965649,1,1.39,SW,FOREST MILL,35.5034,-86.0641
202106,159737,965654,1,0.0,N,BURNS,36.05,-87.32
202112,164521,993242,1,1.69,E,LEE,35.53,-85.2
202112,164493,993067,1,1.11,W,NEW HAVEN,36.5,-84.6
202112,164493,993069,1,1.12,E,DILL,35.58,-85.18
202112,164493,993070,1,2.35,WNW,WATTS BAR DAM,35.63,-84.84
202106,159737,965653,1,0.56,E,SUNRISE,35.68,-87.44
202106,159733,965651,1,1.79,SE,MC GLAMERYS STAND,35.13,-87.73
202106,159735,966146,1,1.18,NE,SHELBYVILLE,35.4905,-86.4535
202106,159735,966147,1,1.18,NNE,SHELBYVILLE,35.4966,-86.4653
202106,159735,966148,1,1.35,ESE,BIVENS,35.3907,-86.9489
202106,159735,966149,1,2.88,W,PULASKI,35.2078,-87.0701
202106,159735,966150,1,1.35,NNE,OSTELLA,35.3386,-86.7929
202106,159735,966150,2,1.32,N,OSTELLA,35.3389,-86.7963
202106,159735,966150,3,1.46,N,OSTELLA,35.341,-86.7961
202106,159735,966150,4,1.46,WNW,ARCHER,35.3406,-86.7925
202106,159735,966151,1,1.17,N,SILVER CREEK,35.5168,-86.8834
202106,159735,966152,1,0.95,NNW,WHITEHEAD,35.4929,-86.8059
202106,159735,966153,1,2.56,NW,COLUMBIA HILL,36.23,-85.227
202106,159735,966154,1,0.0,N,DOVER,36.48,-87.83
202106,159731,965646,1,0.71,SE,CLARKSVILLE,36.5232,-87.3405
202205,168111,1017607,1,0.89,NW,SPURGEON,36.44,-82.46
202205,168111,1017608,1,1.49,NNW,BACCHUS,36.54,-83.61
202210,174126,1056120,1,5.9,N,MALLORYS,36.0343,-86.7831
202210,174126,1056120,2,0.59,SSW,EWINGVILLE,35.9117,-86.8724
202210,174126,1056121,1,0.89,SE,DUNN,35.19,-87.34
202210,174126,1056123,1,1.73,NE,NASHVILLE,36.185,-86.7551
202210,174126,1056124,1,2.67,NE,MALLORYS,35.98,-86.77
202210,174126,1056136,1,1.15,NNE,MANCHESTER,35.496,-86.0746
202210,174126,1056136,2,1.19,NNE,MANCHESTER,35.4948,-86.0691
202210,174126,1056192,1,1.01,W,MT HERMAN,35.3699,-86.498
202210,174126,1056193,1,0.96,E,HIMESVILLE,35.4275,-86.4333
202210,174126,1056116,1,1.54,SW,FAIRVIEW,35.9619,-87.1361
202210,174126,1056134,1,0.69,S,MANCHESTER,35.47,-86.08
202210,174126,1056130,1,1.32,ESE,COLDWELL,35.49,-86.36
202210,174126,1056115,1,2.63,ESE,BON AQUA,35.93,-87.29
202210,174126,1056125,1,1.38,S,NOLENSVILLE,35.93,-86.68
202210,174126,1056126,1,0.69,S,HENRYVILLE,35.39,-87.4
202210,174126,1056127,1,1.78,SE,SUMMERTOWN,35.41,-87.28
202210,174126,1056128,1,1.0,E,NORMANDY,35.452,-86.2625
202210,174126,1056117,1,2.56,NE,CRAIGFIELD,35.9456,-87.1469
202210,174126,1056118,1,1.49,SSE,FAIRVIEW,35.96,-87.11
202210,174126,1056119,1,0.07,WNW,FOREST HOME,35.9802,-86.9312
202210,174126,1056129,1,0.56,W,MC MINNVILLE ARPT FL,35.7,-85.84
202210,174126,1056132,1,0.22,SW,MANCHESTER,35.4777,-86.0828
202210,174126,1056133,1,2.14,NW,MANCHESTER,35.499,-86.11
202210,174126,1056135,1,0.59,NNE,MANCHESTER,35.488,-86.0764
202210,174126,1056122,1,1.67,S,PEYTONA,36.3461,-86.5248
202210,174126,1056131,1,1.67,SW,FAIRVIEW,35.9606,-87.1378
202201,166170,1004574,1,0.29,W,CEDAR HILL,36.5499,-87.0052
202201,166170,1004575,1,0.0,N,GREENBRIER,36.43,-86.8
202201,166170,1004576,1,0.0,N,CHAPMANSBORO,36.35,-87.17
202201,166170,1004577,1,1.56,ESE,LITTLE CREEK,36.2694,-86.7554
202201,166170,1004578,1,1.07,S,GOODLETTSVILLE,36.3048,-86.7171
202201,166170,1004579,1,1.87,N,MAPLEWOOD,36.2571,-86.7212
202201,166170,1004580,1,2.24,SE,THORNE STORE,34.9969,-87.1023
202201,166170,1004580,2,0.87,WSW,ELKTON,35.0459,-86.9145
202201,166170,1004581,1,5.38,E,PHIFERES,35.655,-85.356
202201,165205,998152,1,2.35,ENE,SAMPSON,35.68,-85.23
202201,165205,998153,1,0.56,E,EUREKA,35.83,-84.67
202201,165205,998154,1,0.89,NW,SILVERDALE,35.08,-85.16
202201,165205,998155,1,0.89,NW,SILVERDALE,35.08,-85.16
202201,166103,1004256,1,0.93,ESE,CAT CORNER,36.2126,-89.406
202201,166105,1004257,1,0.86,SSW,BERCLAIR,35.139,-89.927
202201,166105,1004257,2,1.34,SSW,SHELBY FARMS,35.151,-89.875
202201,166105,1004258,1,2.0,WSW,MILLINGTON,35.3389,-89.9328
202201,166105,1004259,1,0.0,N,MILLINGTON NAS,35.28,-89.93
202201,166105,1004260,1,1.76,NNW,CORDOVA,35.1732,-89.793
202201,166105,1004261,1,2.0,N,SOMERVILLE,35.279,-89.35
202201,166106,1004263,1,2.43,SE,COVINGTON,35.5417,-89.6443
202201,166106,1004263,2,2.17,SSE,COVINGTON,35.5421,-89.6524
202201,166106,1004263,3,2.5,SSE,COVINGTON,35.5365,-89.6532
202201,166106,1004263,4,2.63,SSE,COVINGTON,35.538,-89.6446
202205,168111,1017610,1,0.89,NE,CHURCH HILL,36.53,-82.71
202202,166886,1009710,1,1.0,SE,OLIVER SPGS,36.0398,-84.3173
202202,166886,1009710,2,2.0,SE,OLIVER SPGS,36.0295,-84.3047
202202,166886,1009710,3,2.0,SSE,OLIVER SPGS,36.0233,-84.3163
202202,166886,1009710,4,1.75,S,OLIVER SPGS,36.0247,-84.33
202202,166886,1009710,5,1.0,S,OLIVER SPGS,36.0355,-84.33
202202,166886,1009711,1,1.5,SSW,LUTTRELL,36.1799,-83.7403
202202,166886,1009711,2,1.5,SW,LUTTRELL,36.1847,-83.749
202202,166886,1009711,3,0.5,SW,LUTTRELL,36.1949,-83.7363
202202,166886,1009711,4,1.0,SSW,LUTTRELL,36.1866,-83.7369
202202,166886,1009712,1,5.0,N,MIDWAY,36.2524,-82.98
202202,166886,1009712,2,5.0,E,MIDWAY,36.18,-82.8904
202202,166886,1009712,3,5.0,S,MIDWAY,36.1076,-82.98
202202,166886,1009712,4,5.0,W,MIDWAY,36.18,-83.0697
202202,166886,1009713,1,5.0,WNW,SURGOINSVILLE,36.4977,-82.9332
202202,166886,1009713,2,5.0,NW,SURGOINSVILLE,36.5212,-82.9137
202202,166886,1009713,3,3.0,NW,SURGOINSVILLE,36.5007,-82.8882
202202,166886,1009713,4,4.0,W,SURGOINSVILLE,36.47,-82.922
202202,166886,1009716,1,0.0,N,WHITE HORN,36.28,-83.05
202202,166886,1009716,2,0.0,N,BULLS GAP,36.25,-83.08
202202,166886,1009716,3,1.0,NW,BULLS GAP,36.2602,-83.0927
202202,166886,1009716,4,8.0,NNW,BULLS GAP,36.357,-83.135
202202,166886,1009716,5,8.0,NNE,BULLS GAP,36.357,-83.025
202202,166886,1009718,1,1.0,N,BAILEYTON,36.3445,-82.83
202202,166886,1009718,2,1.0,NE,JEAROLDSTOWN,36.3802,-82.6873
202202,166886,1009718,3,5.0,SE,TUSCULUM,36.1188,-82.6866
202202,166886,1009718,4,0.0,SE,ST JAMES,36.03,-82.95
202202,166886,1009718,5,2.0,W,MOHAWK,36.2,-83.0859
202202,166886,1009719,1,1.0,E,ARCADIA,36.58,-82.432
202202,166886,1009719,2,3.0,NNW,KINGSPORT,36.5901,-82.5707
202202,166886,1009719,3,8.0,SSW,KINGSPORT,36.443,-82.6051
202202,166886,1009719,4,2.0,S,COLONIAL HGTS,36.4511,-82.5
202202,166886,1009719,5,2.0,S,BLUFF CITY,36.4511,-82.27
202202,166886,1009719,6,2.0,E,BLUFF CITY,36.48,-82.234
202202,166886,1009723,1,0.56,W,ENTERPRISE,36.35,-82.93
202202,166886,1009723,2,2.6,ESE,MC CLOUD,36.3556,-82.9268
202202,166886,1009723,3,3.0,ESE,MC CLOUD,36.3534,-82.9202
202202,166886,1009723,4,0.5,WSW,ENTERPRISE,36.3472,-82.9283
202202,166886,1009723,5,0.7,WSW,ENTERPRISE,36.3461,-82.9316
202202,166886,1009720,1,1.5,N,BYBEE,36.0717,-83.18
202202,166886,1009720,2,1.6,NNW,BYBEE,36.0714,-83.191
202202,166886,1009720,3,0.5,S,BYBEE,36.0428,-83.18
202202,166886,1009720,4,0.5,SE,BYBEE,36.0449,-83.1737
202202,166886,1009721,1,1.0,N,BAILEYTON,36.3445,-82.83
202202,166886,1009721,2,1.0,NE,JEAROLDSTOWN,36.3802,-82.6873
202202,166886,1009721,3,5.0,SE,TUSCULUM,36.1188,-82.6866
202202,166886,1009721,4,0.0,SE,ST JAMES,36.03,-82.95
202202,166886,1009721,5,2.0,W,MOHAWK,36.2,-83.0859
202202,166886,1009722,1,3.0,WSW,MORRISTOWN,36.2034,-83.3297
202202,166886,1009722,2,3.5,W,MORRISTOWN,36.22,-83.3428
202202,166886,1009722,3,4.0,W,MORRISTOWN,36.22,-83.3518
202202,166886,1009722,4,1.0,W,NEW LINE,36.2,-83.3479
202202,166886,1009724,1,0.7,E,HANSARD MILL,36.15,-83.9675
202202,166886,1009724,2,2.0,SSW,HANSARD MILL,36.1233,-83.9937
202202,166886,1009724,3,2.0,SW,HANSARD MILL,36.1295,-84.0054
202202,166886,1009724,4,0.25,NW,HANSARD MILL,36.1526,-83.9832
202202,166886,1009725,1,1.9,NNE,MORRISTOWN ARPT,36.2054,-83.357
202202,166886,1009725,2,1.5,NNE,MORRISTOWN ARPT,36.2001,-83.3597
202202,166886,1009725,3,2.5,NNW,MORRISTOWN ARPT,36.2134,-83.3872
202202,166886,1009725,4,2.5,N,MORRISTOWN ARPT,36.2162,-83.37
202202,166886,1009726,1,1.0,N,LAUREL BLOOMERY,36.5845,-81.77
202202,166886,1009726,2,1.5,ESE,LAUREL BLOOMERY,36.5617,-81.745
202202,166886,1009726,3,2.0,S,LAUREL BLOOMERY,36.5411,-81.77
202202,166886,1009726,4,1.5,WSW,LAUREL BLOOMERY,36.5617,-81.795
202202,166886,1009706,1,2.0,N,SODDY DAISY,35.309,-85.17
202202,166886,1009706,2,2.0,SSE,COLLEGEDALE,35.0233,-85.0365
202202,166886,1009706,3,6.0,SW,CHATTANOOGA,34.9886,-85.355
202202,166886,1009706,4,2.0,N,SIGNAL MTN,35.159,-85.35
202202,166886,1009707,1,5.0,N,SEVIERVILLE,35.9424,-83.57
202202,166886,1009707,2,5.0,E,SEVIERVILLE,35.87,-83.4807
202202,166886,1009707,3,5.0,SE,SEVIERVILLE,35.8188,-83.5069
202202,166886,1009707,4,5.0,S,SEVIERVILLE,35.7976,-83.57
202202,166886,1009707,5,5.0,SW,SEVIERVILLE,35.8188,-83.6331
202202,166886,1009707,6,5.0,W,SEVIERVILLE,35.87,-83.6593
202202,166886,1009709,1,0.89,SW,THORNGROVE,35.99,-83.69
202202,166886,1009709,2,1.5,WSW,THORNGROVE,35.9917,-83.7048
202202,166886,1009709,3,2.0,SW,THORNGROVE,35.9795,-83.7053
202202,166886,1009709,4,2.0,S,THORNGROVE,35.9711,-83.68
202202,167083,1011063,1,0.0,N,BOMAR ARPT,35.57,-86.45
202202,166886,1009708,1,0.89,NE,CARTWRIGHT,35.28,-85.46
202202,166886,1009705,1,2.0,NW,LONE OAK,35.2205,-85.3951
202202,166886,1009705,2,1.0,N,LONE OAK,35.2145,-85.37
202202,166886,1009705,3,1.0,S,LONE OAK,35.1855,-85.37
202202,166886,1009705,4,1.0,W,LONE OAK,35.2,-85.3877
202202,166886,1009714,1,1.0,N,GRAY,36.4345,-82.47
202202,166886,1009714,2,1.0,E,GRAY,36.42,-82.452
202202,166886,1009714,3,1.5,S,GRAY,36.3983,-82.47
202202,166886,1009714,4,1.5,W,GRAY,36.42,-82.497
202202,166886,1009715,1,3.0,WSW,MALONEYVILLE,36.0634,-83.8796
202202,166886,1009715,2,1.5,SW,CORINTH,36.0547,-83.899
202202,166886,1009715,3,1.0,N,CORINTH,36.0845,-83.88
202202,166886,1009715,4,1.5,NNE,CORINTH,36.0901,-83.8697
202202,166886,1009715,5,1.0,NE,CORINTH,36.0802,-83.8673
202202,166886,1009717,1,3.0,SE,BUFFALO SPGS,36.1893,-83.532
202202,166886,1009717,2,5.0,E,BUFFALO SPGS,36.22,-83.4803
202202,166886,1009717,3,0.0,E,RUTLEDGE,36.28,-83.5
202202,166886,1009717,4,0.0,E,POWDER SPGS,36.25,-83.67
202202,166886,1009717,5,1.0,E,BLAINE,36.15,-83.6821
202202,165281,1007374,1,0.69,S,LYNCHBURG,35.27,-86.38
202202,165281,1007374,2,0.56,ESE,LYNCHBURG,35.2761,-86.3713
202202,165281,1007374,3,0.02,ESE,LYNCHBURG,35.2799,-86.3797
202202,165281,1007374,4,0.8,SSW,LYNCHBURG,35.2701,-86.3875
202202,165281,1007375,1,1.49,NNW,LOIS,35.25,-86.38
202202,165281,1007375,2,1.79,SSW,LYNCHBURG,35.2561,-86.3924
202202,165281,1007375,3,1.41,SSW,LYNCHBURG,35.2608,-86.3882
202202,165281,1007375,4,1.71,N,LOIS,35.2544,-86.3758
202202,165281,1007376,1,2.64,ESE,CUMBERLAND SPGS,35.31,-86.26
202202,165281,1007376,2,3.1,ESE,CUMBERLAND SPGS,35.3093,-86.2512
202202,165281,1007376,3,3.19,SE,CUMBERLAND SPGS,35.3037,-86.2535
202202,165281,1007376,4,2.71,SE,CUMBERLAND SPGS,35.3047,-86.2633
202202,165281,1007377,1,4.15,N,CUMBERLAND SPGS,35.39,-86.3
202202,165281,1007377,2,3.52,N,CUMBERLAND SPGS,35.3807,-86.3057
202202,165281,1007377,3,4.05,N,RAYSVILLE,35.3887,-86.3209
202202,165281,1007377,4,4.63,N,RAYSVILLE,35.3968,-86.3132
202202,165281,1007379,1,0.89,SW,HOWELL,35.22,-86.63
202202,165281,1007379,2,0.6,WSW,HOWELL,35.2266,-86.6298
202202,165281,1007379,3,0.35,E,HOWELL,35.229,-86.6139
202202,165281,1007379,4,0.87,SSE,HOWELL,35.2187,-86.6134
202202,165281,1007380,1,2.36,ESE,BLAKEVILLE,35.26,-86.64
202202,165281,1007380,2,2.32,E,BLAKEVILLE,35.2715,-86.6389
202202,165281,1007380,3,1.29,E,BLAKEVILLE,35.2711,-86.6571
202202,165281,1007380,4,2.16,NW,HOWELL,35.2542,-86.6443
202202,166943,1010264,1,0.0,N,TIPTONVILLE,36.38,-89.48
202202,166943,1010265,1,2.25,N,UNION CITY,36.4523,-89.0443
202202,165281,1007381,1,1.13,E,HARMS,35.15,-86.65
202202,165281,1007381,2,0.98,E,HARMS,35.1524,-86.6529
202202,165281,1007381,3,1.22,ENE,HARMS,35.1548,-86.6492
202202,165281,1007381,4,1.4,E,HARMS,35.1514,-86.6453
202202,165281,1007382,1,1.32,ENE,HARMS,35.16,-86.65
202202,165281,1007382,2,1.19,W,HARMS,35.1533,-86.6907
202202,165281,1007382,3,0.81,ENE,PEARL CITY,35.1345,-86.6867
202202,165281,1007382,4,1.66,E,HARMS,35.1496,-86.6407
202202,167083,1011059,1,0.72,SSW,MT DENSON,36.5413,-86.887
202202,167083,1011059,2,1.63,W,SPRINGFIELD,36.4977,-86.9092
202202,167083,1011059,3,1.66,W,RIDGETON,36.4035,-86.7996
202202,167083,1011059,4,0.31,ESE,WHITE HOUSE,36.4688,-86.6547
202202,167083,1011060,1,2.37,SW,NASHVILLE,36.1461,-86.8105
202202,167083,1011060,2,2.28,SW,NASHVILLE,36.1468,-86.8091
202202,167083,1011060,3,2.29,SW,NASHVILLE,36.1465,-86.809
202202,167083,1011060,4,2.38,SW,NASHVILLE,36.1459,-86.8103
202202,167083,1011061,1,1.04,E,SIMS SPG,35.5208,-86.6116
202202,166847,1009455,1,1.32,ESE,BROWNSVILLE,35.59,-89.25
202202,166847,1009460,1,0.46,SE,ROSSVILLE,35.046,-89.5435
202202,166847,1009463,1,0.57,W,LA GRANGE,35.05,-89.23
202202,166847,1009465,1,0.69,S,BOLIVAR,35.26,-89.0
202202,167085,1011088,1,1.46,E,LOUISE,36.3667,-87.3741
202202,167085,1011090,1,2.88,E,SOUTHSIDE,36.3817,-87.2483
202202,167085,1011091,1,0.42,NNE,DOVER,36.4857,-87.8276
202202,167085,1011091,2,0.4,NE,DOVER,36.4843,-87.8253
202202,167085,1011091,3,0.35,NE,DOVER,36.4839,-87.8259
202202,167085,1011091,4,0.36,NNE,DOVER,36.4851,-87.8282
202202,167085,1011092,1,1.0,N,LORETTO,35.0945,-87.45
202202,167085,1011095,7,2.58,NNE,UPPER MOCKESON,35.1017,-87.276
202202,167085,1011095,1,2.67,NE,UPPER MOCKESON,35.0953,-87.2644
202202,167085,1011095,2,0.96,NNE,PEACH,35.062,-87.2212
202202,167085,1011095,3,0.51,SE,PEACH,35.0447,-87.2238
202202,167085,1011095,4,1.6,NE,UPPER MOCKESON,35.0892,-87.2842
202202,167085,1011095,5,0.49,NNE,CENTER PT,35.1066,-87.3268
202202,167085,1011095,6,0.84,NE,CENTER PT,35.1079,-87.3187
202202,167085,1011362,1,2.01,WNW,LOST CREEK,35.8891,-85.384
202202,167085,1011362,2,1.92,SE,CUMMINGS,35.8618,-85.424
202202,167085,1011362,3,1.5,WSW,SPARTA,35.9244,-85.4958
202202,167085,1011362,4,0.32,NNW,FINDLAY,35.9544,-85.4818
202202,167085,1011364,3,3.33,E,RICHMOND,35.3823,-86.5409
202202,167085,1011364,4,0.46,NE,RICHMOND,35.3849,-86.5945
202202,167085,1011364,1,2.73,SE,WHITAKER,35.4241,-86.5934
202202,167085,1011364,2,3.86,SSW,SHELBYVILLE MILLS,35.4211,-86.5332
202202,167085,1011365,1,0.18,SW,FLAT CREEK,35.3979,-86.4218
202202,167085,1011365,2,1.44,ESE,FLAT CREEK,35.3942,-86.3954
202202,167085,1011365,3,1.69,SE,FLAT CREEK,35.38,-86.4028
202202,167085,1011365,4,1.46,S,FLAT CREEK,35.3789,-86.4207
202202,167085,1011363,1,2.22,E,TULLAHOMA,35.3747,-86.191
202202,167085,1011363,2,2.24,E,TULLAHOMA,35.3741,-86.1905
202202,167085,1011363,3,2.27,E,TULLAHOMA,35.3743,-86.1901
202202,167085,1011363,4,2.25,E,TULLAHOMA,35.3749,-86.1906
202205,168104,1017562,1,0.89,SW,FARRAGUT,35.87,-84.18
202205,168104,1017563,1,0.0,N,PINE GROVE,35.82,-83.58
202205,168104,1017564,1,0.69,S,CHANDLER,35.82,-83.98
202205,168104,1017565,1,1.49,SSW,HARDIN CHAPEL,36.2,-82.84
202205,168104,1017566,1,0.89,NE,CHESTNUT HILL,35.93,-83.34
202205,168104,1017567,1,1.31,WNW,LUTTRELL,36.21,-83.75
202205,168104,1017568,1,0.56,W,MAYNARDVILLE,36.25,-83.81
202205,168104,1017569,1,0.89,SW,SHARPS CHAPEL,36.34,-83.81
202205,168104,1017570,1,0.89,SW,BRIDWELL HGTS,36.54,-82.46
202205,168104,1017571,1,0.89,SE,GREENEVILLE,36.16,-82.82
202205,168104,1017572,1,1.38,S,POPLAR GROVE,36.53,-83.53
202205,168104,1017574,1,0.89,NW,SPEAR SPGS,36.39,-83.03
202205,168104,1017575,1,0.69,N,ROTHERWOOD,36.53,-82.73
202205,168104,1017576,1,0.69,N,ROTHERWOOD,36.53,-82.73
202205,168104,1017577,1,1.77,SW,AUSTIN SPGS,36.35,-82.35
202205,168104,1017578,1,1.31,ESE,FRIENDSHIP,36.54,-82.01
202205,168113,1017618,1,0.0,N,DEL RIO,35.92,-83.03
202205,168113,1017619,1,1.12,E,TUSCULUM,36.17,-82.73
202205,168113,1017620,1,0.56,W,GROSS XRD,36.45,-82.36
202205,167310,1025596,1,2.48,WSW,MIMOSA,35.2004,-86.5668
202205,168111,1017599,1,0.89,SW,GOSHEN,36.46,-82.74
202205,168111,1017600,1,0.55,W,LYNN GARDEN,36.58,-82.58
202205,168111,1017601,1,0.89,SW,HOWARD HILL,36.54,-82.58
202205,168111,1017602,1,0.89,NW,BLOCK CITY,36.51,-82.68
202205,168111,1017604,1,0.56,E,LONG IS,36.5,-82.56
202205,168111,1017605,1,1.81,ENE,KINCHELOE MILL,36.43,-82.52
202205,168111,1017606,1,0.89,SW,GRAY,36.41,-82.48
202205,168111,1017593,1,0.89,NE,CHURCH HILL,36.53,-82.71
202205,168111,1017594,1,0.55,W,MARSHALL,36.58,-82.66
202205,168111,1017595,1,0.0,N,LYNN GARDEN,36.58,-82.57
202205,168111,1017596,1,1.77,SW,SNEEDVILLE,36.51,-83.24
202205,168111,1017597,1,1.38,N,LEAMAN,36.55,-83.13
202205,168111,1017598,1,0.0,N,CHURCH HILL,36.52,-82.72
202205,168104,1017535,1,0.89,NW,POWELLS XRD,35.21,-85.51
202205,168104,1017536,1,0.69,N,MARYVILLE,35.76,-83.97
202205,168104,1017537,1,0.56,W,KODAK,35.97,-83.63
202205,168104,1017538,1,1.11,W,RUTLEDGE,36.28,-83.52
202205,168104,1017539,1,0.56,E,SILVER RIDGE,35.8,-84.29
202205,168104,1017540,1,1.38,N,PIONEER,36.44,-84.32
202205,168104,1017541,1,0.69,N,NIOTA,35.53,-84.57
202205,168104,1017542,1,1.12,W,NORWOOD,35.98,-84.0
202205,168104,1017543,1,0.0,N,TREADWAY,36.42,-83.23
202205,168104,1017544,1,2.64,ENE,ACORN,35.49,-84.19
202205,168104,1017546,1,0.0,N,TREADWAY,36.42,-83.23
202205,168104,1017547,1,0.89,SW,EVENSVILLE,35.56,-84.96
202205,168104,1017548,1,1.38,N,PIONEER,36.44,-84.32
202205,168104,1017549,1,4.14,WSW,ALPHA,36.16,-83.45
202205,168104,1017550,1,0.57,W,CHICKAMAUGA,35.07,-85.26
202205,168104,1017551,1,0.57,W,CHICKAMAUGA,35.07,-85.26
202205,168104,1017552,1,0.69,N,HILLS VIEW,35.39,-84.8
202205,168104,1017554,1,2.64,ENE,ACORN,35.49,-84.19
202205,168104,1017555,1,0.69,N,HILLS VIEW,35.39,-84.8
202205,168104,1017556,1,0.0,N,(CHA)LOVELL FLD CHAT,35.03,-85.2
202205,168104,1017557,1,0.0,N,BUCKTOWN,35.78,-84.28
202205,168104,1017558,1,0.0,N,HIGHLAND PARK,35.8,-84.27
202205,168104,1017559,1,0.0,N,MOSHEIM,36.2,-82.95
202205,168104,1017560,1,0.0,N,VASPER,36.27,-84.2
202205,168104,1017561,1,0.0,N,MARYVILLE,35.75,-83.97
202204,169110,1024422,1,0.0,N,ST BETHLEHEM,36.58,-87.3
202204,169110,1024425,1,1.7,NW,YOUNGVILLE,36.5976,-86.8514
202204,169110,1024426,1,0.0,N,CUMBERLAND FURNACE,36.27,-87.37
202204,169110,1024427,1,0.47,NW,CLARKSVILLE,36.5351,-87.3556
202204,169110,1024429,1,0.8,ESE,LINDEN,35.6177,-87.8361
202204,169110,1024431,1,1.01,NNE,WAYNESBORO,35.3338,-87.7639
202204,169110,1024432,1,0.0,N,COLLINWOOD,35.18,-87.75
202204,169110,1024434,1,0.58,N,TWOMEY,35.7783,-87.4485
202204,169110,1024438,1,2.48,WNW,GAITHERVILLE,35.2579,-87.4129
202204,169110,1024439,1,0.04,ESE,NORTH XRDS,35.3197,-87.3493
202204,169110,1024440,1,0.44,NE,LAWRENCEBURG,35.255,-87.3252
202204,169110,1024441,1,1.68,W,GAITHERVILLE,35.2502,-87.3998
202204,169110,1024443,1,0.57,NNW,GAITHERVILLE,35.2576,-87.3739
202204,169110,1024781,1,0.0,N,COLUMBIA,35.62,-87.05
202204,169110,1024782,1,2.26,NW,KLEBURNE,35.7755,-87.0052
202204,169110,1024783,1,1.14,WNW,MALLORYS,35.9543,-86.8198
202204,169110,1024784,1,5.8,N,MALLORYS,36.0334,-86.7887
202204,169110,1024785,1,5.06,N,MALLORYS,36.0231,-86.7945
202204,169110,1024786,1,0.75,NNE,NOLENSVILLE,35.9592,-86.6729
202204,169110,1024787,1,0.93,SE,GLENCLIFF,36.1106,-86.6881
202204,169110,1024789,1,0.0,N,HERMITAGE,36.18,-86.62
202204,169110,1024790,1,0.0,N,CHAPEL HILL,35.63,-86.7
202204,169110,1024791,1,0.64,S,GLADEVILLE,36.111,-86.4222
202204,169110,1024792,1,0.0,N,SMYRNA ARPT,36.0,-86.52
202204,167454,1013370,1,2.65,WSW,COLLEGEDALE,35.03,-85.09
202204,167454,1013371,1,0.0,N,HAMPTON,36.28,-82.17
202204,167454,1013372,1,0.0,N,HAMPTON,36.28,-82.17
202204,167454,1013373,1,1.32,WNW,LINE SPG,35.71,-83.67
202204,167454,1013374,1,0.57,W,EAST BRAINERD,35.02,-85.18
202204,169110,1024793,1,0.0,N,LEBANON,36.22,-86.3
202204,169110,1024794,1,1.53,ESE,LEBANON ARPT,36.1755,-86.2932
202204,169110,1024795,1,7.0,WSW,ELKTON,35.0112,-87.0143
202204,169110,1024796,1,1.98,E,MURFREESBORO,35.8444,-86.3853
202204,169110,1024797,1,2.0,ESE,MURFREESBORO,35.8389,-86.387
202204,169110,1024798,1,1.07,S,SHILOH,35.8547,-86.3527
202204,167454,1013375,1,1.33,ESE,ANTIOCH,35.01,-85.66
202204,167455,1013376,1,1.12,E,TIPTOP,35.63,-85.2
202204,167455,1013377,1,1.8,WNW,NEW HAVEN,36.51,-84.61
202204,169110,1024799,1,0.0,N,SHELBYVILLE,35.48,-86.47
202204,169110,1024800,1,3.0,WSW,LEBANON,36.2034,-86.3497
202204,169110,1024801,1,0.0,N,CARTHAGE,36.25,-85.93
202204,169110,1024802,1,0.89,NE,FAIRVIEW,35.4398,-86.2196
202204,169110,1024803,1,0.77,NW,MANCHESTER,35.488,-86.0895
202204,169110,1024804,1,0.0,N,DAVENPORT,35.75,-85.97
202204,169110,1024805,1,0.57,WNW,MC MINNVILLE ARPT FL,35.7032,-85.8394
202204,169110,1024807,1,0.0,N,COOKEVILLE,36.17,-85.5
202204,169110,1024808,1,0.0,N,LIVINGSTON,36.38,-85.32
202204,169110,1024810,1,1.92,NNE,HENSLEYS CHAPEL,35.9465,-85.5195
202204,169110,1024814,1,0.0,N,WHITE CITY,35.25,-85.72
202204,169110,1024816,1,0.0,N,CROSSVILLE,35.95,-85.03
202205,170493,1034300,1,1.35,ENE,OAKLAND,36.2801,-86.3293
202205,170493,1034301,1,0.0,N,RINNIE,36.15,-85.03
202205,170493,1034302,1,3.08,NNE,CATO,36.4088,-86.0226
202205,170493,1034303,1,0.0,N,EAGLEVILLE,35.75,-86.65
202205,170493,1034304,1,0.0,N,ROCKVALE,35.75,-86.55
202205,170493,1034305,1,0.46,S,UNA,36.0734,-86.6187
202205,170493,1034306,1,1.69,ENE,MITCHELVILLE,35.812,-86.1238
202205,170493,1034306,2,1.96,ENE,MITCHELVILLE,35.8135,-86.1192
202205,170493,1034307,1,0.0,N,WOODBURY,35.83,-86.08
202205,170493,1034308,1,1.49,NE,SHADY GROVE,35.9177,-85.5647
202205,170493,1034309,1,0.94,ENE,CASSVILLE,35.9565,-85.5852
202205,170493,1034310,1,0.24,NE,STAR PT,36.572,-85.1465
202205,170493,1034311,1,0.0,N,BON AIR,35.93,-85.38
202205,170493,1034312,1,1.09,SSE,BON AIR,35.9155,-85.3723
202205,170493,1034313,1,1.67,WSW,CLARKTOWN,35.9211,-85.3477
202205,170493,1034314,1,1.8,ENE,BON AIR,35.9398,-85.3502
202205,170493,1034315,1,0.6,W,CLARKTOWN,35.9309,-85.3307
202205,170493,1034316,1,0.59,W,CLARKTOWN,35.9307,-85.3305
202205,170493,1034317,1,0.0,N,PLEASANT HILL,35.97,-85.18
202205,170493,1034318,1,1.58,WSW,PALL MALL,36.5446,-84.9977
202205,170495,1034284,1,0.88,ESE,MURFREESBORO,35.8462,-86.405
202205,170495,1034285,1,0.0,N,MURFREESBORO,35.85,-86.42
202205,170495,1034286,1,0.0,N,CLARKSVILLE,36.53,-87.35
202205,170495,1034287,1,2.32,NNW,OAK HILL,36.1317,-86.8336
202205,170496,1034010,1,0.0,N,LAWRENCEBURG,35.25,-87.33
202205,170496,1034011,1,0.0,N,LAWRENCEBURG,35.25,-87.33
202205,170496,1034012,1,1.05,NE,LAWRENCEBURG,35.2586,-87.3146
202205,170496,1034281,1,0.0,N,DOVER,36.48,-87.83
202205,170496,1034282,1,2.02,N,RILEY CREEK,35.4987,-86.2133
202205,170494,1034319,1,2.52,E,LANTANA,35.8724,-85.0551
202205,170494,1034320,1,2.11,SW,VOLUNTEER HGTS,35.9104,-85.0588
202205,170494,1034321,1,0.0,N,ANTIOCH,36.07,-86.67
202205,170494,1034322,1,1.79,ESE,BAXTER,36.1408,-85.6
202205,170494,1034323,1,0.0,N,ANTIOCH,36.07,-86.67
202205,170494,1034324,1,0.41,ENE,HOPEWELL,36.2315,-86.6229
202205,170494,1034325,1,0.51,WSW,EGAN,36.2263,-86.358
202205,168638,1021046,1,2.18,NW,MIFFLIN,35.57,-88.61
202205,168638,1021048,1,1.49,SSW,BLUE GOOSE,35.68,-88.59
202205,168638,1021049,1,1.69,E,BEECH BLUFF,35.6,-88.62
202205,168638,1021050,1,1.73,NE,FIVE PTS,35.5402,-88.6618
202205,170497,1034326,1,0.0,N,MC EWEN,36.12,-87.63
202205,170497,1034327,1,0.66,SSE,WAYNESBORO,35.3111,-87.7657
202205,170497,1034328,1,1.05,S,LAWRENCEBURG,35.2349,-87.3279
202205,170497,1034329,1,0.0,N,LAWRENCEBURG,35.25,-87.33
202205,170497,1034330,1,0.56,E,HOHENWALD,35.55,-87.56
202205,170497,1034331,1,0.2,ESE,ALEXANDER SPGS,35.3794,-87.2766
202205,170497,1034332,1,1.68,SE,SUMMERTOWN,35.4103,-87.2823
202205,168638,1021052,1,1.78,NW,BUCKTOWN,35.29,-88.27
202205,168638,1021047,1,1.82,ENE,HENDERSON,35.44,-88.64
202205,170497,1034333,1,0.0,N,SUMMERTOWN,35.43,-87.3
202205,170497,1034334,1,2.0,W,SPRING HILL,35.75,-86.9657
202205,170497,1034335,1,3.48,NE,KETTLE MILLS,35.7201,-87.2624
202205,170497,1034336,1,0.0,N,CENTERVILLE,35.78,-87.47
202205,170497,1034337,1,0.79,NE,SNOWS HILL,35.9874,-85.8693
202205,168720,1021568,1,0.89,NE,DARDEN,35.64,-88.22
202205,168773,1022100,1,1.38,N,EAST JCT,35.09,-90.03
202205,168773,1022101,1,0.69,N,JACKSON,35.63,-88.83
202205,168773,1022103,1,0.34,N,EUREKA,35.2249,-88.2491
202205,168779,1022126,1,2.36,SSW,SOLO,35.55,-89.62
202205,168779,1022127,1,0.56,E,TIPTONVILLE,36.38,-89.47
202205,168773,1022102,1,1.32,WNW,OLIVET,35.23,-88.22
202205,168779,1022121,1,0.56,E,SOLO,35.58,-89.59
202205,168779,1022120,1,0.26,ESE,SOMERVILLE,35.249,-89.3456
202205,168806,1022466,1,0.53,S,PARIS,36.2925,-88.3182
202205,168806,1022467,1,1.49,SSW,INDIA,36.31,-88.28
202205,168806,1022468,1,1.11,E,OBION,36.27,-89.18
202205,168806,1022469,1,0.93,N,MILLINGTON,35.3633,-89.8973
202205,168806,1022474,1,1.32,ENE,BARTLETT,35.2046,-89.8572
202205,168806,1022475,1,1.31,ENE,DYERSBURG,36.04,-89.36
202205,168806,1022476,1,1.38,N,BUCHANAN,36.45,-88.22
202205,168806,1025082,1,0.84,E,DYERSBURG,36.0278,-89.3652
202205,168806,1022473,1,0.0,N,GLEASON,36.22,-88.62
202205,168806,1022471,1,0.0,N,SHARON,36.23,-88.83
202205,168806,1022470,1,0.0,N,SARDIS,35.45,-88.3
202205,170491,1034008,1,1.16,W,BEDFORD,35.4701,-86.6006
202205,170491,1034009,1,1.26,WSW,TEMPLOW,36.4209,-86.2496
202203,167824,1015624,1,2.37,NW,COLLINWOOD,35.201,-87.7831
202203,167824,1015624,2,2.01,NNW,SOUTH HIGHLAND,35.257,-87.7634
202204,169111,1024419,1,0.42,SSW,SHILOH,35.8643,-86.3526
202204,169111,1024420,1,2.15,SSW,MURFREESBORO,35.82,-86.43
202204,169110,1024812,1,0.65,SE,FINDLAY,35.9427,-85.4727
202203,167824,1015625,1,2.55,S,FALLRIVER,35.0931,-87.22
202204,169110,1024424,1,0.0,N,CLARKSVILLE,36.53,-87.35
202204,169110,1024433,1,1.02,SSW,TWOMEY,35.7557,-87.4546
202204,169110,1024442,1,1.35,W,GAITHERVILLE,35.2471,-87.3936
202203,167825,1017750,1,2.04,ESE,FT HENRY,36.4656,-87.988
202203,167825,1017751,1,0.0,N,LOBELVILLE,35.78,-87.75
202203,167825,1017752,1,0.0,N,CENTERVILLE,35.78,-87.47
202203,167825,1017753,1,2.0,NNW,DEERFIELD,35.3242,-87.4996
202203,167825,1017754,1,1.04,SSE,FLATWOODS,35.2854,-87.3453
202203,167825,1017755,1,0.91,NE,LEWISBURG,35.4583,-86.7874
202203,167825,1017755,2,2.02,SSW,FARMINGTON,35.4721,-86.7308
202203,167825,1017756,1,0.95,N,FRANKLIN,35.9336,-86.8982
202203,167825,1017757,1,1.8,NNW,TROUSDALE,36.4254,-86.407
202203,167825,1017758,1,0.83,NW,BLANTON CHAPEL,35.5098,-86.1587
202205,168779,1022128,1,2.18,SW,HEBRON,35.38,-89.45
202205,168779,1022125,1,1.83,WSW,SOMERVILLE,35.24,-89.38
202205,168779,1022123,1,2.64,ENE,HEBRON,35.42,-89.38
202205,167310,1025595,1,2.51,SE,HOWELL,35.2008,-86.5935
202203,166314,1013052,1,1.13,W,LOIS,35.23,-86.39
202203,166314,1013053,1,1.32,WSW,BAKERTOWN,35.24,-86.35
202203,166314,1013054,1,2.18,NW,LYNCHBURG,35.3,-86.41
202203,166314,1013055,1,0.69,N,RAYSVILLE,35.34,-86.32
202203,166314,1013056,1,1.38,N,CUMBERLAND SPGS,35.35,-86.3
202203,166476,1006949,1,0.69,S,KNOXVILLE,35.96,-83.93
202203,166477,1006956,1,1.49,SSW,LEES STATION,35.53,-85.26
202203,166477,1006957,1,1.82,ENE,LEE,35.54,-85.2
202208,172568,1047478,1,2.25,W,CENTER PT,35.62,-84.72
202208,172568,1047479,1,0.56,E,SPRING CITY,35.7,-84.86
202208,172568,1047481,1,1.49,SSE,ROCKY BRANCH,35.71,-83.84
202208,172568,1047482,1,1.38,N,NORWOOD,36.0,-83.98
202208,172568,1047483,1,1.81,ESE,BETHEL,36.16,-84.04
202208,172569,1047484,1,1.49,SSW,BYRDS CHAPEL,35.9,-84.18
202208,172570,1047485,1,0.89,SW,CHUCKEY,36.21,-82.69
202208,172570,1047486,1,0.89,SW,BELL BRIDGE,36.01,-84.06
202208,172570,1047487,1,0.89,NW,LOUDON,35.74,-84.36
202208,172570,1047488,1,0.56,E,MADISONVILLE,35.52,-84.36
202208,172570,1047489,1,0.89,NE,CHURCH HILL,36.53,-82.71
202208,172570,1047490,1,1.32,WSW,FAIRVIEW,35.71,-84.02
202208,172570,1047491,1,0.57,E,RED HILL,35.07,-84.89
202208,172570,1047492,1,1.38,S,MILLER COVE,35.7,-83.8
202208,172575,1047503,1,2.36,NNE,PENNINE,35.66,-84.88
202208,172575,1047504,1,1.11,E,WHITESBURG,36.27,-83.11
202208,172575,1047505,1,2.25,W,RICEVILLE,35.38,-84.74
202208,172575,1047506,1,3.12,WSW,SCARBORO,35.96,-84.27
202208,172575,1047507,1,1.49,NNE,JEFFERSON CITY,36.14,-83.47
202208,172575,1047508,1,1.49,NNE,JEFFERSON CITY,36.14,-83.47
202208,172575,1047510,1,1.31,ENE,TAZEWELL,36.46,-83.55
202208,172581,1047512,1,1.31,WSW,HOLSTON VLY,36.56,-82.09
202208,172582,1047513,1,1.82,ESE,OAK HILL,35.72,-84.6
202208,172582,1047514,1,1.49,SSE,MILLERTOWN,36.01,-83.82
202208,172570,1054909,1,3.0,S,MADISONVILLE,35.4766,-84.37
202208,172570,1054909,2,3.0,W,MADISONVILLE,35.52,-84.4234
202208,172570,1054909,3,4.0,NNE,MADISONVILLE,35.5735,-84.3428
202208,172570,1054909,4,4.0,ENE,MADISONVILLE,35.5422,-84.3043
202208,173943,1055002,1,2.5,NNW,HAMPTON,36.3134,-82.1872
202208,173943,1055002,2,1.5,NW,HAMPTON,36.2954,-82.189
202208,173943,1055002,3,2.5,WNW,HAMPTON,36.2939,-82.2115
202208,173943,1055002,4,2.75,NW,HAMPTON,36.3081,-82.2049
202208,172574,1047500,1,0.0,N,SOLWAY,35.98,-84.18
202208,172574,1047501,1,0.69,S,HARRISON,35.11,-85.15
202208,172574,1054911,1,1.0,ESE,CHATTANOOGA,35.0445,-85.2637
202208,172574,1054911,2,1.25,SE,CHATTANOOGA,35.0372,-85.2644
202208,172574,1054911,3,1.25,SSE,CHATTANOOGA,35.0333,-85.2715
202208,172574,1054911,4,0.75,SSE,CHATTANOOGA,35.04,-85.2749
202208,172574,1054916,1,2.0,SE,BRAINERD,35.0095,-85.205
202208,172574,1054916,2,1.5,WSW,RIDGESIDE,35.0217,-85.2545
202208,172574,1054916,3,1.5,WNW,RIDGESIDE,35.0383,-85.2545
202208,172574,1054916,4,1.5,ENE,RIDGESIDE,35.0383,-85.2055
202208,173839,1054429,1,2.25,ENE,JEFFERSON SPGS,36.0167,-86.4154
202208,173839,1054429,2,2.36,WNW,SILVER HILL,36.0156,-86.4076
202208,173839,1054429,3,2.28,WNW,SILVER HILL,36.0139,-86.4069
202208,173839,1054429,4,2.3,WNW,SILVER HILL,36.0137,-86.4076
202208,173839,1054429,5,2.22,ENE,JEFFERSON SPGS,36.016,-86.4155
202208,173837,1054421,1,1.88,NE,NASHVILLE CORNELIA F,36.2025,-86.6813
202208,173840,1054423,1,1.97,NE,EVINS MILL,35.9533,-85.7597
202208,173841,1054425,1,1.2,SSE,FLATWOODS,35.2832,-87.3447
202208,173841,1054427,1,1.77,NNW,LAWRENCEBURG,35.2738,-87.3414
202208,173841,1054427,2,1.76,NNW,LAWRENCEBURG,35.2739,-87.3409
202208,173841,1054427,3,1.51,NNW,LAWRENCEBURG,35.2702,-87.3402
202208,173841,1054427,4,1.52,NNW,LAWRENCEBURG,35.2702,-87.3408
202208,173843,1054424,1,0.67,W,IVY PT,36.3484,-86.7918
202208,173838,1054433,1,1.75,ESE,LEANNA,35.9163,-86.4237
202208,173838,1054433,2,1.25,S,LASCASSAS,35.912,-86.3182
202208,173838,1054433,3,0.43,NW,DILLTON,35.8047,-86.3351
202208,173838,1054433,4,1.75,ESE,OVERALL,35.8126,-86.4501
202208,173838,1054435,1,9.64,WNW,CENTER PT,35.9311,-85.7803
202208,173838,1054435,2,10.21,WNW,CENTER PT,35.9394,-85.7871
202208,173838,1054435,3,11.49,W,CASSVILLE,35.9523,-85.8055
202208,173838,1054435,4,11.5,WNW,CENTER PT,35.9507,-85.8061
202208,173838,1054435,5,10.84,WNW,CENTER PT,35.9421,-85.7979
202208,173838,1054435,6,9.72,WNW,CENTER PT,35.9307,-85.7821
202208,173838,1054438,1,3.19,N,COOKEVILLE ARPT,36.2457,-85.4718
202208,173838,1054441,1,0.9,NNE,HICKEY,36.1125,-85.6956
202208,173838,1054441,2,1.94,WNW,CANEY FORK,36.1348,-85.4796
202208,173838,1054441,3,2.57,NW,COOKEVILLE ARPT,36.2272,-85.5115
202208,173838,1054441,4,0.89,W,BOMA,36.1284,-85.6958
202208,173838,1054444,1,4.08,NNW,COOKEVILLE ARPT,36.2525,-85.5135
202208,172087,1052555,1,0.49,ENE,EAST JCT,35.0734,-90.0223
202208,172087,1052555,2,0.95,ENE,EAST JCT,35.074,-90.0139
202208,172087,1052555,3,0.82,ESE,EAST JCT,35.0663,-90.0162
202208,172087,1052555,4,0.35,ESE,EAST JCT,35.068,-90.0243
202208,173931,1054905,1,2.0,S,SNEEDVILLE,36.5011,-83.22
202208,173931,1054905,2,2.0,W,SNEEDVILLE,36.53,-83.256
202208,173931,1054905,3,2.0,N,SNEEDVILLE,36.559,-83.22
202208,173931,1054905,4,2.0,E,SNEEDVILLE,36.53,-83.184
202208,173931,1054907,1,2.5,E,CHURCH HILL,36.52,-82.675
202208,173931,1054907,2,2.5,SE,CHURCH HILL,36.4944,-82.6882
202208,173931,1054907,3,0.0,SE,CHURCH HILL,36.52,-82.72
202208,173931,1054907,4,2.0,NE,CHURCH HILL,36.5405,-82.6945
202208,173937,1054924,1,0.0,W,CHATTANOOGA,35.05,-85.28
202208,173937,1054924,2,0.0,W,CHATTANOOGA ARPT,35.03,-85.2
202208,173937,1054924,3,1.0,N,EAST RIDGE,34.9945,-85.22
202208,173937,1054924,4,6.0,SW,CHATTANOOGA,34.9886,-85.355
202208,173937,1054924,5,2.5,W,HIGHLAND PARK,35.03,-85.3242
202208,173937,1054924,6,1.0,W,CHATTANOOGA,35.05,-85.2977
202208,173937,1054926,1,1.0,ESE,GREENEVILLE,36.1645,-82.8134
202208,173937,1054926,2,0.56,E,GREENEVILLE,36.17,-82.82
202208,173937,1054926,3,1.0,ENE,GREENEVILLE,36.1755,-82.8134
202208,173937,1054926,4,1.2,E,GREENEVILLE,36.17,-82.8085
202208,173937,1054993,1,1.5,E,MILLIGAN COLLEGE,36.3,-82.2731
202208,173937,1054993,2,1.65,W,CENTRAL,36.33,-82.3096
202208,173937,1054993,3,1.0,W,MILLIGAN COLLEGE,36.3,-82.318
202208,173937,1054993,4,3.0,SSE,MILLIGAN COLLEGE,36.2599,-82.2794
202208,173937,1054996,1,1.0,E,DOEVILLE,36.38,-81.952
202208,173937,1054996,2,1.0,S,DOEVILLE,36.3655,-81.97
202208,173937,1054996,3,2.0,W,DOEVILLE,36.38,-82.006
202208,173937,1054996,4,2.0,N,DOEVILLE,36.409,-81.97
202208,173944,1055011,1,2.0,E,MORRISTOWN,36.22,-83.2441
202208,173944,1055011,2,1.0,S,MORRISTOWN,36.2055,-83.28
202208,173944,1055011,3,2.0,SSW,MORRISTOWN,36.1933,-83.2937
202208,173944,1055011,4,0.0,E,WITT,36.15,-83.28
202208,173944,1055011,5,2.0,WSW,LOWLAND,36.1589,-83.2331
202208,173944,1055011,6,4.0,S,RUSSELLVILLE,36.1921,-83.2
202208,173944,1055011,7,2.0,SSW,RUSSELLVILLE,36.2233,-83.2137
202208,173944,1055012,1,1.7,SSE,MORRISTOWN,36.1973,-83.2683
202208,173944,1055012,2,1.4,S,MORRISTOWN,36.1997,-83.28
202208,173944,1055012,3,1.7,SSW,MORRISTOWN,36.1973,-83.2917
202208,173944,1055012,4,1.9,S,MORRISTOWN,36.1925,-83.28
202207,172544,1047420,1,1.38,N,POWELL,36.05,-84.03
202207,172077,1044656,1,1.13,SSE,WOODLAND MILLS,36.4845,-89.1139
202207,172802,1049206,1,2.5,ESE,ISHAM,36.5862,-84.4084
202207,172802,1049206,2,2.75,ESE,ISHAM,36.5848,-84.4042
202207,172802,1049206,3,2.5,SE,ISHAM,36.5744,-84.4181
202207,172802,1049206,4,2.25,SE,ISHAM,36.577,-84.4213
202207,172802,1049209,1,1.3,S,POWELL,36.0112,-84.03
202207,172802,1049209,2,2.0,S,POWELL,36.0011,-84.03
202207,172802,1049209,3,2.0,SE,POWELL,36.0095,-84.0047
202207,172802,1049209,4,2.5,ESE,POWELL,36.0162,-83.9887
202207,172802,1049209,5,1.5,ESE,POWELL,36.0217,-84.0052
202207,172802,1049211,1,0.0,S,FOUNTAIN CITY,36.03,-83.93
202207,172802,1049211,2,1.25,SE,FOUNTAIN CITY,36.0172,-83.9142
202207,172802,1049211,3,2.0,S,FOUNTAIN CITY,36.0011,-83.93
202207,172802,1049211,4,1.25,SW,FOUNTAIN CITY,36.0172,-83.9458
202207,171156,1038985,1,1.79,NW,CORDER XRD,35.1,-86.5
202207,171156,1038987,1,2.16,W,BLANCHE,35.0526,-86.8081
202207,172802,1049215,1,4.25,ENE,FOUNTAIN CITY,36.0535,-83.8597
202207,172802,1049215,2,4.0,E,FOUNTAIN CITY,36.03,-83.8584
202207,172802,1049215,3,0.8,SSE,ARLINGTON,35.9893,-83.9445
202207,172802,1049215,4,2.0,WNW,ARLINGTON,36.0111,-83.9831
202207,172802,1049216,1,2.0,SSW,BEVERLY,36.0033,-83.9137
202207,172802,1049216,2,2.0,S,BEVERLY,36.0011,-83.9
202207,172802,1049216,3,4.0,E,FOUNTAIN CITY,36.03,-83.8584
202207,172802,1049216,4,3.25,NE,FOUNTAIN CITY,36.0633,-83.8889
202207,172802,1049216,5,3.0,NNE,FOUNTAIN CITY,36.0701,-83.9095
202207,172802,1049217,1,1.0,E,POWELL,36.03,-84.0121
202207,172802,1049217,2,1.0,ESE,POWELL,36.0245,-84.0135
202207,172802,1049217,3,0.75,SE,POWELL,36.0223,-84.0205
202207,172802,1049217,4,0.35,E,POWELL,36.03,-84.0237
202207,172802,1049218,1,1.25,SSE,RITTA,36.0533,-83.8614
202207,172802,1049218,2,0.6,SE,RITTA,36.0639,-83.8624
202207,172802,1049218,3,0.75,SSW,RITTA,36.06,-83.8751
202207,172802,1049218,4,1.3,S,RITTA,36.0512,-83.87
202207,172786,1049090,1,2.0,SW,LA FOLLETTE,36.3595,-84.1554
202207,172786,1049090,2,2.0,NE,LA FOLLETTE,36.4005,-84.1046
202207,172786,1049090,3,2.0,ENE,LA FOLLETTE,36.3911,-84.0968
202207,172786,1049090,4,2.0,E,LA FOLLETTE,36.38,-84.0941
202207,172786,1049090,5,2.0,S,LA FOLLETTE,36.3511,-84.13
202207,172786,1049091,1,4.0,W,TAZEWELL,36.45,-83.642
202207,172786,1049091,2,4.0,N,TAZEWELL,36.5079,-83.57
202207,172786,1049091,3,4.0,E,TAZEWELL,36.45,-83.498
202207,172786,1049091,4,4.0,S,TAZEWELL,36.3921,-83.57
202207,172795,1049157,1,1.4,S,CASCADES,35.7297,-83.63
202207,172795,1049157,2,1.0,SE,CASCADES,35.7398,-83.6174
202207,172795,1049157,3,0.0,S,CASCADES,35.75,-83.63
202207,172795,1049157,4,1.4,SW,CASCADES,35.7357,-83.6477
202207,172795,1049157,5,2.0,SSW,CASCADES,35.7233,-83.6437
202207,172556,1047443,1,0.69,N,OSWEGO,36.58,-84.13
202207,172556,1047444,1,0.55,E,HARROGATE,36.58,-83.64
202207,172556,1047445,1,0.89,SW,SHARPS CHAPEL,36.34,-83.81
202207,172556,1047446,1,2.35,SSW,SEEBER FLATS,36.14,-84.24
202207,172556,1047447,1,0.0,N,NEW LOYSTON,36.23,-83.92
202207,172556,1047449,1,0.56,W,COSTER,35.98,-83.94
202207,172556,1047450,1,1.38,N,EAGLETON VLG,35.8,-83.93
202207,172556,1049085,1,2.0,WSW,PITTMAN CENTER,35.7589,-83.433
202207,172556,1049085,2,2.0,S,EMERTS COVE,35.7011,-83.42
202207,172556,1049085,3,3.0,ESE,EMERTS COVE,35.7134,-83.3706
202207,172556,1049085,4,1.0,ESE,PITTMAN CENTER,35.7645,-83.3835
202207,172556,1049085,5,4.0,N,EMERTS COVE,35.7879,-83.42
202209,174123,1056104,1,2.17,SW,LITTLE HOPE,35.88,-86.56
202209,174123,1056104,2,1.99,SW,LITTLE HOPE,35.8832,-86.5588
202209,174123,1056104,3,1.88,SW,LITTLE HOPE,35.883,-86.5563
202209,174123,1056104,4,2.03,SW,LITTLE HOPE,35.8801,-86.5566
202209,174123,1056104,5,1.96,W,BLACKMAN,35.8776,-86.555
202209,174123,1056104,6,1.99,W,BLACKMAN,35.8762,-86.5552
202209,174123,1056104,7,2.13,W,BLACKMAN,35.8775,-86.558
202209,174123,1056105,1,0.61,WSW,COLUMBIA,35.6181,-87.0606
202209,174123,1056105,2,0.63,WSW,COLUMBIA,35.6168,-87.0604
202209,174123,1056105,3,0.72,WSW,COLUMBIA,35.6161,-87.0619
202209,174123,1056105,4,0.79,WSW,COLUMBIA,35.6168,-87.0635
202209,174123,1056105,5,0.77,W,COLUMBIA,35.6181,-87.0635
202211,174629,1058566,1,1.06,NE,HAMPTON STATION,36.6309,-87.2165
202211,174629,1058568,1,0.86,NE,OAK GROVE,36.0095,-87.4702
202209,174123,1056106,1,1.32,ENE,GODWIN,35.66,-87.03
202209,174123,1056108,1,2.17,SW,LITTLE HOPE,35.88,-86.56
202209,174123,1056108,2,1.99,SW,LITTLE HOPE,35.8831,-86.5589
202209,174123,1056108,3,1.87,SW,LITTLE HOPE,35.8829,-86.556
202209,174123,1056108,4,2.01,SW,LITTLE HOPE,35.8804,-86.5564
202209,174123,1056108,5,1.92,W,BLACKMAN,35.8763,-86.5539
202209,174123,1056108,6,2.18,W,BLACKMAN,35.8759,-86.5586
202209,174123,1056109,1,0.0,N,EVINS MILL,35.93,-85.78
202209,174123,1056109,2,0.08,NNW,EVINS MILL,35.9311,-85.7806
202209,174123,1056109,3,0.12,WNW,EVINS MILL,35.9307,-85.782
202209,174123,1056109,4,0.07,SW,EVINS MILL,35.9293,-85.781
202209,174123,1056110,1,0.89,SE,STATESVILLE,36.02,-86.12
202209,173355,1052598,1,0.69,N,OAKLAND,35.24,-89.52
202211,174629,1058573,1,0.0,N,DICKSON,36.08,-87.38
202211,174629,1058575,1,1.78,SW,DICKSON,36.06,-87.4
202211,174629,1058579,1,0.85,NW,POMONA,36.0393,-87.3599
202209,174123,1056111,1,0.89,NW,PRAIRIE PLAINS,35.36,-85.98
202209,174123,1056112,1,2.15,NNW,GREENWOOD,36.18,-86.24
202209,174124,1056113,1,1.11,E,SULPHUR,36.3,-85.35
202209,174124,1056114,1,1.11,SSE,BLUE HILL,35.7864,-85.9096
202209,173766,1054208,1,0.56,W,CROSSTOWN,35.45,-89.81
202209,173766,1057695,1,1.8,ENE,CLOPTON,35.479,-89.6499
202211,174629,1058581,1,1.4,WSW,BEARWALLOW,36.2952,-87.0044
202211,174629,1058611,1,2.53,SE,AVONDALE,36.3004,-86.5232
202209,174123,1056107,1,0.86,SE,TULLAHOMA,35.3597,-86.2213
202209,173945,1055014,1,1.3,NW,COOPER MILL,35.6433,-85.1864
202209,173945,1055014,2,2.25,N,PIKEVILLE,35.6326,-85.2
202209,173945,1055014,3,1.5,NNE,PIKEVILLE,35.6201,-85.1898
202209,173945,1055014,4,1.5,NE,PIKEVILLE,35.6154,-85.1811
202209,173854,1054477,1,1.31,ESE,SPRINGDALE,36.51,-82.53
202209,173766,1054206,1,1.32,ESE,COVINGTON,35.56,-89.65
202207,172544,1047413,1,1.31,ENE,AVOCA,36.56,-82.21
202207,172544,1047414,1,1.38,N,BILTMORE,36.4,-82.23
202207,172544,1047415,1,0.0,N,STONY PT,36.48,-82.82
202207,172544,1047416,1,1.31,ESE,CARYVILLE,36.29,-84.2
202207,172544,1047417,1,1.38,N,WINFIELD,36.57,-84.45
202207,172544,1047418,1,1.38,N,WINFIELD,36.57,-84.45
202207,172544,1047419,1,1.31,WNW,TECOY,35.99,-84.07
202207,172544,1047421,1,0.89,NE,CHURCH HILL,36.53,-82.71
202207,172546,1047422,1,0.89,NW,NEW LOYSTON,36.24,-83.93
202207,172546,1047423,1,2.33,ESE,CAVE SPG,36.49,-83.51
202207,172546,1047424,1,0.56,W,MAYNARDVILLE,36.25,-83.81
202207,172546,1047425,1,1.77,SE,SPRUCE PINE,36.36,-83.18
202207,172546,1047426,1,1.78,SE,ANNADEL,36.16,-84.65
202207,172546,1047428,1,0.56,W,PINE GROVE,35.87,-84.58
202207,172546,1047429,1,0.89,SE,COKER CREEK,35.26,-84.29
202207,172551,1047432,1,0.56,W,POWELLS XRD,35.2,-85.51
202207,172551,1047433,1,0.0,N,WALLAND,35.73,-83.82
202207,172553,1047436,1,0.56,E,THREE PTS,36.07,-83.77
202207,172553,1047437,1,2.15,SSE,CHEROKEE LAKE,36.22,-83.37
202207,172553,1047438,1,1.38,S,WHITWELL,35.18,-85.53
202207,172557,1047452,1,1.38,N,ROCKY HILL,35.92,-84.03
202207,172557,1047453,1,1.8,WNW,BRISTOL,36.59,-82.21
202207,172557,1047454,1,0.89,NE,MOUNTAIN CITY,36.49,-81.79
202207,172560,1047457,1,0.56,E,PEAK,36.07,-84.11
202207,172560,1047458,1,0.69,S,DINWOODY MILL,36.04,-83.62
202207,172560,1047459,1,3.63,SSE,HOOP,36.48,-83.41
202207,172561,1047465,1,1.78,SE,MARBLEDALE,35.93,-83.8
202207,172562,1047466,1,0.56,E,DECATUR,35.52,-84.79
202207,172562,1047467,1,1.32,ENE,WASHINGTON,35.54,-84.88
202207,172787,1049100,1,2.0,E,CLAXTON,36.05,-84.0642
202207,172787,1049100,2,2.0,SW,CLAXTON,36.0295,-84.1253
202207,172787,1049100,3,4.0,SE,CLAXTON,36.0091,-84.0494
202207,172787,1049100,4,4.0,ESE,CLAXTON,36.0279,-84.0339
202207,172787,1049104,1,0.56,E,ELZA,36.05,-84.19
202207,172787,1049104,2,4.0,SSE,CLINTON,36.0665,-84.1026
202207,172787,1049104,3,2.0,NE,CLINTON,36.1405,-84.1047
202207,172787,1049104,4,4.0,W,CLINTON,36.12,-84.2017
202207,172787,1049110,1,1.2,SSW,ARLINGTON,35.984,-83.9582
202207,172787,1049110,2,0.7,WSW,ARLINGTON,35.9961,-83.9616
202207,172787,1049110,3,0.2,SE,ARLINGTON,35.998,-83.9475
202207,172787,1049110,4,0.9,SE,ARLINGTON,35.9908,-83.9386
202207,172787,1049111,1,0.0,N,KNOXVILLE,35.97,-83.93
202207,172787,1049111,2,0.3,E,KNOXVILLE,35.97,-83.9246
202207,172787,1049111,3,0.5,SE,KNOXVILLE,35.9649,-83.9237
202207,172787,1049111,4,0.3,S,KNOXVILLE,35.9657,-83.93
202207,172787,1049113,1,1.0,E,POWELL,36.03,-84.0121
202207,172787,1049113,2,2.0,ENE,POWELL,36.0411,-83.9969
202207,172787,1049113,3,2.5,E,POWELL,36.03,-83.9853
202207,172787,1049113,4,1.75,ESE,POWELL,36.0203,-84.0011
202207,172787,1049116,1,2.0,WSW,POWELL ARPT,36.0389,-84.0331
202207,172787,1049116,2,2.2,SW,POWELL ARPT,36.0275,-84.0278
202207,172787,1049116,3,1.0,E,POWELL,36.03,-84.0121
202207,172787,1049116,4,1.0,NE,POWELL,36.0402,-84.0173
202207,172787,1049119,1,1.0,W,CLINTON,36.12,-84.1479
202207,172787,1049119,2,1.5,WSW,CLINTON,36.1117,-84.1548
202207,172787,1049119,3,1.25,SW,CLINTON,36.1072,-84.1458
202207,172787,1049119,4,0.5,SW,CLINTON,36.1149,-84.1363
202207,172787,1049121,1,0.56,E,POWELL ARPT,36.05,-83.99
202207,172787,1049123,1,0.0,N,BELL BRIDGE,36.02,-84.05
202207,172787,1049124,1,1.31,WSW,BELL BRIDGE,36.01,-84.07
202207,172787,1049127,1,1.49,NNE,RIDGEDALE,36.0,-84.02
202207,172787,1049131,1,1.25,SW,KNOXVILLE,35.9572,-83.9458
202207,172787,1049131,2,0.9,SW,KNOXVILLE,35.9608,-83.9414
202207,172787,1049131,3,1.2,SSW,KNOXVILLE,35.954,-83.9382
202207,172787,1049131,4,1.5,SSW,KNOXVILLE,35.9499,-83.9403
202207,172796,1049183,1,2.0,SE,TUSCULUM,36.1495,-82.7247
202207,172796,1049183,2,2.0,SW,GREENEVILLE,36.1495,-82.8554
202207,172796,1049183,3,3.0,NW,GREENEVILLE,36.2007,-82.868
202207,172796,1049183,4,4.0,NE,TUSCULUM,36.2109,-82.6993
202207,172796,1049185,1,0.89,NW,CARDIFF,35.89,-84.64
202207,172796,1049185,2,1.0,NW,CARDIFF,35.8902,-84.6426
202207,172796,1049185,3,0.75,W,CARDIFF,35.88,-84.6434
202207,172796,1049185,4,0.5,S,CARDIFF,35.8728,-84.63
202207,172796,1049185,5,0.5,SE,CARDIFF,35.8749,-84.6237
202207,172796,1049185,6,0.25,E,CARDIFF,35.88,-84.6255
202207,172796,1049187,1,0.2,N,POST OAK,35.8729,-84.63
202207,172796,1049187,2,0.4,WNW,POST OAK,35.8722,-84.6366
202207,172796,1049187,3,0.5,SSW,POST OAK,35.8633,-84.6334
202207,172796,1049187,4,0.75,SSE,POST OAK,35.86,-84.6249
202207,172796,1049187,5,0.5,ESE,POST OAK,35.8672,-84.6218
202207,172796,1049188,4,0.75,NNE,EAST FORK,35.86,-83.3949
202207,172796,1049188,1,1.0,E,EAST FORK,35.85,-83.3821
202207,172796,1049188,2,1.0,S,EAST FORK,35.8355,-83.4
202207,172796,1049188,3,1.0,W,EAST FORK,35.85,-83.4179
202207,172796,1049190,1,2.0,SW,EMORY GAP,35.8995,-84.6053
202207,172796,1049190,2,1.5,W,EMORY GAP,35.92,-84.6068
202207,172796,1049190,3,0.5,NE,EMORY GAP,35.9251,-84.5737
202207,172796,1049190,4,1.0,N,HARRIMAN,35.9445,-84.55
202207,172796,1049190,5,1.0,NE,HARRIMAN,35.9402,-84.5374
202207,172796,1049190,6,1.5,SE,EMORY GAP,35.9047,-84.5611
202212,175957,1068239,1,0.0,N,SODDY DAISY,35.28,-85.17
202212,175957,1068239,2,0.0,N,OOLTEWAH,35.08,-85.07
202212,175957,1068239,3,2.0,S,EAST BRAINERD,34.9911,-85.17
202212,175957,1068239,4,4.0,SSW,CHATTANOOGA,34.9965,-85.3071
202209,173854,1054473,1,0.0,N,CORDELL,36.33,-84.45
202209,173854,1054474,1,2.16,SW,ALANTHUS HILL,36.55,-83.41
202206,169632,1027202,1,0.0,N,JEFFERSON ESTATES,36.15,-83.42
202206,169632,1027203,1,0.69,S,ANDREWS CHAPEL,35.37,-84.67
202206,169632,1027204,1,2.07,S,FAGIN,35.52,-84.32
202206,169632,1027205,1,0.69,S,RUSH SPGS,36.12,-83.37
202206,169632,1027206,1,0.0,N,HALLS XRDS,36.08,-83.93
202206,169636,1027213,1,2.15,NNW,MT HARMONY,35.51,-84.53
202206,169636,1027214,1,1.11,W,AUSTINS MILL,36.35,-83.02
202206,169636,1027215,1,1.12,W,JEFFERSON CITY,36.12,-83.5
202206,169636,1027216,1,0.69,S,EVENSVILLE,35.56,-84.95
202206,169636,1027217,1,0.56,E,LIMESTONE COVE,36.18,-82.26
202206,169636,1027218,1,0.89,NW,KEISTER,36.13,-83.46
202206,169636,1027219,1,4.81,NE,CALDERWOOD,35.54,-83.93
202206,169636,1027220,1,2.34,ENE,OLDTOWN,35.99,-83.13
202206,169636,1027221,1,2.16,SW,COLD SPGS,36.48,-81.85
202206,169636,1027222,1,1.31,ENE,AVOCA,36.56,-82.21
202206,169636,1027224,1,0.69,N,DOEVILLE,36.39,-81.97
202206,169636,1027225,1,0.89,SW,COLD SPGS,36.49,-81.83
202206,169642,1027257,1,1.49,SSW,WHITE PINE,36.1,-83.29
202206,169645,1027259,1,0.0,N,CLAIRFIELD,36.55,-83.95
202206,169645,1027260,1,1.49,NNW,WOOD,35.6,-84.51
202206,169645,1027261,1,1.32,ENE,REAGAN,35.56,-84.51
202209,173854,1054475,1,0.55,E,KYLES FORD,36.57,-83.04
202209,173854,1054478,1,1.77,NW,JOHNSON STORE,36.59,-82.74
202209,173854,1054479,1,0.69,S,HARTFORD,35.81,-83.15
202206,169632,1027371,1,0.39,ENE,EMBREEVILLE JCT,36.3026,-82.3737
202212,174927,1060501,1,0.44,E,SPRING HILL,35.7495,-86.9221
202212,174927,1060501,2,0.41,E,SPRING HILL,35.7491,-86.9228
202212,174927,1060501,3,0.07,NNW,SPRING HILL,35.751,-86.9305
202212,174927,1060501,4,0.09,N,SPRING HILL,35.7512,-86.9302
202212,174927,1060502,1,2.78,S,THOMPSONS STATION,35.7598,-86.9221
202212,174927,1060502,2,2.82,S,THOMPSONS STATION,35.7592,-86.9225
202212,174927,1060502,3,2.71,S,THOMPSONS STATION,35.761,-86.9248
202212,174927,1060502,4,2.66,S,THOMPSONS STATION,35.7616,-86.9239
202212,174927,1060504,4,2.5,NE,FAIRVIEW,36.0095,-87.094
202212,174927,1060504,1,1.72,ENE,FAIRVIEW,35.9917,-87.0927
202212,174927,1060504,2,1.59,ENE,FAIRVIEW,35.9917,-87.0955
202212,174927,1060504,3,2.38,NNE,FAIRVIEW,36.0089,-87.0968
202212,174927,1060504,5,2.1,NE,FAIRVIEW,36.0002,-87.092
202212,174927,1060505,1,1.58,NNE,SPRING HILL,35.7718,-86.9216
202212,174927,1060505,2,1.82,NNE,SPRING HILL,35.7751,-86.92
202212,174927,1060505,3,1.84,NNE,SPRING HILL,35.774,-86.9158
202212,174927,1060505,4,1.6,NNE,SPRING HILL,35.7705,-86.9168
202212,174927,1060506,1,1.32,WSW,RALLY HILL,35.66,-86.85
202212,174927,1060506,2,1.23,WSW,RALLY HILL,35.664,-86.8507
202212,174927,1060506,3,0.43,SW,RALLY HILL,35.6653,-86.835
202212,174927,1060506,4,0.52,SSW,RALLY HILL,35.663,-86.8333
202212,174927,1060507,1,1.17,NE,KEDRON,35.7099,-86.9031
202212,174927,1060507,2,1.43,NE,KEDRON,35.7116,-86.899
202212,174927,1060507,3,1.45,ENE,KEDRON,35.7092,-86.8968
202212,174927,1060507,4,1.41,ENE,KEDRON,35.7085,-86.8972
202212,174927,1060507,5,1.21,ENE,KEDRON,35.7083,-86.901
202212,174927,1060508,1,1.38,N,KIRKLAND,35.84,-86.68
202212,174927,1060508,2,1.53,NE,KIRKLAND,35.838,-86.6641
202212,174927,1060508,3,1.29,NE,KIRKLAND,35.8344,-86.6654
202212,174927,1060508,4,1.53,NNW,KIRKLAND,35.8398,-86.6923
202212,174927,1060508,5,1.61,NNW,KIRKLAND,35.8424,-86.6879
202212,174927,1060509,1,1.73,S,VANNATTA,35.5949,-86.4797
202212,174927,1060509,2,2.07,NW,BOMAR ARPT,35.5893,-86.4783
202212,174927,1060509,3,1.1,SW,DEASON,35.5871,-86.4414
202212,174927,1060509,4,0.91,SW,DEASON,35.5905,-86.4412
202212,174927,1060510,1,2.3,ENE,LONGVIEW,35.6569,-86.4898
202212,174927,1060510,2,1.6,ENE,LONGVIEW,35.6576,-86.5032
202212,174927,1060510,3,1.37,E,LONGVIEW,35.6489,-86.5056
202212,174927,1060510,4,2.24,E,LONGVIEW,35.6514,-86.4902
202212,174927,1060511,3,1.09,SSW,HOLTLAND,35.6866,-86.7103
202212,174927,1060511,4,1.68,WSW,HOLTLAND,35.6885,-86.7264
202212,174927,1060511,5,1.49,WSW,HOLTLAND,35.6907,-86.724
202212,174927,1060511,1,0.52,SE,HOLTLAND,35.6938,-86.6946
202212,174927,1060511,2,0.81,SSE,HOLTLAND,35.6894,-86.694
202301,175501,1064767,1,4.53,NW,NOLENSVILLE,36.0024,-86.7286
202301,175501,1064768,1,0.42,N,PARAGON MILL,36.0861,-86.6999
202301,175501,1064769,1,0.56,E,OGLESBY,36.05,-86.72
202301,175501,1064770,1,2.76,S,BROOKLIN,36.01,-86.62
202301,175501,1064771,1,2.15,SSW,EGAN,36.2,-86.36
202301,175501,1064772,1,1.49,SSW,SILVER HILL,35.98,-86.38
202301,175501,1064773,1,1.32,ENE,LITTLE HOPE,35.91,-86.51
202301,175501,1064774,1,1.4,N,WAYLAND SPGS,35.0902,-87.5815
202301,175501,1064963,1,0.73,NNE,MOORESVILLE,35.4392,-86.9137
202301,176229,1070039,1,1.69,WNW,SHADY GROVE,35.9767,-83.509
202301,176229,1070039,2,1.33,WNW,SHADY GROVE,35.9782,-83.5015
202301,176229,1070040,1,1.49,N,DOUGLAS LAKE NORTH,36.0514,-83.2732
202301,176229,1070040,2,2.03,NNE,DOUGLAS LAKE NORTH,36.0565,-83.2543
202301,176229,1070041,1,3.65,WNW,DAUS,35.34,-85.49
202301,176229,1070042,1,0.0,N,PROSPECT,35.18,-84.93
202301,176229,1070043,1,0.89,NE,LAKE FOREST,35.93,-83.86
202301,176229,1070044,1,0.69,S,MAYNARDVILLE,36.24,-83.8
202301,176229,1070045,1,1.82,ENE,TOWNSEND,35.68,-83.74
202301,175256,1062631,1,1.5,E,CRESTON,36.0226,-85.0433
202301,175256,1062633,1,2.79,N,OAK GROVE,35.4902,-87.5547
202301,176229,1070046,1,0.56,W,TUSCULUM,36.17,-82.76
202301,176229,1070047,1,0.69,S,CHANDLER,35.82,-83.98
202301,176229,1070048,1,0.89,SW,DANDRIDGE,36.01,-83.43
202301,176229,1070049,1,0.0,N,(TRI)TRI CITY ARPT B,36.48,-82.4
202301,176229,1070060,1,0.64,SW,NORTHPORT,35.9625,-83.1867
202301,175256,1062634,1,2.64,ESE,HOHENWALD,35.53,-87.53
202301,175256,1062636,1,0.96,SSE,GLENWYLDE,36.2866,-87.3456
202301,175256,1062640,1,0.56,E,UNIONVILLE,35.62,-86.59
202301,175256,1062643,1,0.98,ENE,FOSTERVILLE,35.6551,-86.4037
202301,175256,1062632,1,2.64,ESE,HOHENWALD,35.53,-87.53
202301,175501,1064765,1,4.29,NNE,MALLORYS,36.01,-86.78
202301,175501,1064766,1,0.89,SW,OGLESBY,36.04,-86.74
202301,176227,1070025,1,0.69,S,CLEVELAND,35.16,-84.88
202301,176227,1070026,1,0.56,E,ATHENS,35.45,-84.59
202301,176227,1070027,1,0.89,SW,SUNRISE,36.06,-83.81
202301,176227,1070028,1,0.56,E,MADISONVILLE,35.52,-84.36
202301,176227,1070029,1,1.49,NNW,TUCKAHOE,35.97,-83.69
202301,176227,1070030,1,1.32,ESE,BENTON,35.17,-84.65
202301,176227,1070031,1,1.32,ESE,TELLICO PLAINS,35.36,-84.28
202301,176227,1070032,1,0.56,W,JEFFERSON CITY,36.12,-83.49
202301,176227,1070033,1,0.0,N,AUSTINS MILL,36.35,-83.0
202301,176227,1070034,1,0.56,W,COLONIAL HGTS,36.48,-82.51
202301,176227,1070035,1,0.0,N,(CHA)LOVELL FLD CHAT,35.03,-85.2
202301,176229,1070038,1,1.45,S,DECATUR,35.4993,-84.8038
202301,176229,1070038,2,1.2,SSE,DECATUR,35.5033,-84.7945
202302,176872,1074860,1,1.13,E,BENTON,35.18,-84.65
202302,176872,1074862,1,0.0,N,TELLICO PLAINS,35.37,-84.3
202302,176872,1074863,1,0.69,S,ALCOA,35.79,-83.98
202302,176872,1074864,1,1.32,WSW,PITNER,35.87,-83.77
202302,176872,1075052,1,1.97,S,WOOD,35.5515,-84.497
202302,176404,1071124,1,3.0,SE,NORMA,36.2993,-84.3419
202302,176404,1071124,2,8.0,E,ONEIDA,36.5,-84.376
202302,176404,1071124,3,3.0,W,ONEIDA,36.5,-84.574
202302,176404,1071124,4,0.0,W,ELGIN,36.33,-84.6
202302,176404,1071126,1,3.0,NNW,HUNTSVILLE,36.4601,-84.5007
202302,176404,1071126,2,2.0,E,NORMA,36.33,-84.3441
202302,176404,1071126,3,3.0,SW,SLICK ROCK,36.2693,-84.5381
202302,176404,1071126,4,3.0,E,ELGIN,36.33,-84.5461
202302,176404,1071127,1,7.0,S,ROGERSVILLE,36.2987,-83.0
202302,176404,1071127,2,8.0,W,ROGERSVILLE,36.4,-83.1439
202302,176404,1071127,3,6.0,NW,SURGOINSVILLE,36.5314,-82.9264
202302,176404,1071127,4,6.0,E,SURGOINSVILLE,36.47,-82.742
202302,176239,1070105,1,1.91,SSE,TRIUNE,35.8434,-86.6603
202302,176239,1070106,1,0.43,NE,YANKEETOWN,35.9835,-85.4236
202302,176239,1070107,1,1.06,ENE,BON AIR,35.938,-85.3638
202302,176239,1070108,1,1.43,NE,SPRING HILL,36.0121,-85.3592
202302,176239,1070110,1,2.35,NNW,NEW HAVEN,36.53,-87.82
202302,176239,1070110,2,2.41,NNW,NEW HAVEN,36.5318,-87.818
202302,176239,1070110,3,2.23,NNW,NEW HAVEN,36.5313,-87.8101
202302,176239,1070110,4,2.1,N,NEW HAVEN,36.5298,-87.8073
202302,176239,1070110,5,1.93,NNW,NEW HAVEN,36.5268,-87.8099
202302,176239,1070110,6,1.88,NNW,NEW HAVEN,36.5249,-87.8136
202302,176239,1070110,7,2.29,NNW,NEW HAVEN,36.5281,-87.8219
202302,176239,1070111,1,6.83,SE,FT HENRY,36.4148,-87.9277
202302,176239,1070111,2,7.02,SE,FT HENRY,36.4108,-87.9276
202302,176239,1070111,3,7.01,SW,DOVER,36.4108,-87.9223
202302,176239,1070111,4,6.55,SW,DOVER,36.414,-87.9146
202302,176239,1070111,5,6.16,SW,DOVER,36.416,-87.9071
202302,176239,1070111,6,6.41,SW,DOVER,36.4167,-87.9144
202302,176239,1070112,1,0.81,W,COLUMBIA,35.6179,-87.0642
202302,176239,1070112,2,0.82,WSW,COLUMBIA,35.6169,-87.0642
202302,176239,1070112,3,0.74,WSW,COLUMBIA,35.6163,-87.0624
202302,176239,1070112,4,0.65,WSW,COLUMBIA,35.6164,-87.0608
202302,176239,1070112,5,0.64,WSW,COLUMBIA,35.6182,-87.0611
202302,176239,1070113,1,2.15,NNE,HURRICANE MILLS,36.0,-87.77
202302,176239,1070114,1,3.5,N,HURRICANE MILLS,36.02,-87.77
202302,176239,1070115,1,2.57,SW,FEW CHAPEL,36.0699,-87.6071
202302,176239,1070117,1,0.77,SW,BERRYVILLE,36.1926,-86.6404
202302,176239,1070118,1,0.0,N,BEDFORD,35.47,-86.58
202302,176239,1070119,1,1.32,ENE,SHELBYVILLE,35.49,-86.45
202302,176239,1070534,1,0.97,W,MT LEBANON,35.2491,-87.4872
202302,176239,1070534,2,2.3,SSW,RED HILL,35.2686,-87.4338
202302,176239,1070535,1,0.89,SE,WEBBER CITY,35.34,-87.29
202302,176239,1070535,2,2.37,ESE,ALEXANDER SPGS,35.3689,-87.2402
202302,176239,1070537,1,0.97,SW,WAYNESBORO,35.3098,-87.7817
202302,176239,1070537,2,0.54,SE,WAYNESBORO,35.3153,-87.7624
202302,176239,1070538,1,2.01,WNW,CENTER,35.3592,-87.4838
202302,176239,1070538,2,0.25,S,IRON CITY,35.0165,-87.5792
202302,176239,1070538,3,0.56,SE,APPLETON,35.0152,-87.222
202302,176239,1070538,4,5.67,E,ALEXANDER SPGS,35.3759,-87.1795
202302,176239,1070539,1,1.98,N,PETERSBURG,35.3484,-86.6546
202302,176239,1070539,2,5.51,SSW,ROBERTSON FORK,35.3022,-86.9512
202302,176239,1070539,3,1.66,WSW,SILVER CREEK,35.4943,-86.9086
202302,176239,1070539,4,0.62,WNW,PALMETTO,35.5021,-86.6807
202302,176239,1070540,1,1.72,WNW,BAKERS XRDS,36.0319,-85.5771
202302,176239,1070540,2,2.62,SW,CASSVILLE,35.9185,-85.626
202302,176239,1070540,3,1.24,NW,DOYLE,35.8627,-85.5158
202302,176239,1070540,4,1.03,SE,STRINGTOWN,35.8687,-85.308
202302,176239,1070540,5,1.15,NE,SPRING HILL,36.0097,-85.3633
202302,176404,1071125,1,4.0,E,NORRIS,36.2,-83.9983
202302,176404,1071125,2,4.0,SE,NORRIS,36.1591,-84.0193
202302,176404,1071125,3,0.0,WSW,CLINTON,36.12,-84.13
202302,176404,1071125,4,1.5,WNW,NORRIS,36.2083,-84.0949
202302,176404,1071128,1,5.0,E,MAYNARDVILLE,36.25,-83.7103
202302,176404,1071128,2,6.0,SW,MAYNARDVILLE,36.1886,-83.8761
202302,176404,1071128,3,7.0,W,MAYNARDVILLE,36.25,-83.9256
202302,176404,1071128,4,5.0,NE,MAYNARDVILLE,36.3012,-83.7365
202302,176404,1071165,1,1.0,E,ARTHUR,36.55,-83.652
202302,176404,1071165,2,1.0,S,ARTHUR,36.5355,-83.67
202302,176404,1071165,3,3.0,SW,CUMBERLAND GAP,36.5693,-83.6882
202302,176404,1071165,4,2.0,WSW,CUMBERLAND GAP,36.5889,-83.6833
202302,176404,1071165,5,1.0,W,CUMBERLAND GAP,36.6,-83.668
202302,176239,1070536,1,1.51,SE,VERONA,35.5158,-86.7595
202302,176239,1070536,2,1.97,NNW,FARMINGTON,35.5249,-86.7371
202302,176768,1074029,1,0.39,W,BERRYS CHAPEL,35.9694,-86.8869
202303,177518,1079902,1,1.77,SSE,CLIFTON,35.356,-88.009
202303,177518,1079902,2,2.32,NE,ASHLAND,35.449,-87.646
202305,178868,1088855,1,1.49,SSW,CLINTON,36.1,-84.14
202305,178868,1088856,1,1.31,ESE,DANTE,36.02,-83.96
202305,178868,1089050,1,2.82,SSE,WHITESBURG,36.23,-83.12
202305,178868,1089055,1,1.2,SSW,CHESTNUT GROVE,36.053,-83.4244
202305,178868,1089057,1,0.89,NW,WHITES VLG,35.94,-83.89
202305,178868,1089059,1,0.89,NW,NORTHPORT,35.98,-83.19
202305,178868,1089062,1,0.89,NE,SULPHUR SPGS,35.18,-85.49
202305,178868,1089064,1,1.79,NE,GUILD,35.07,-85.5
202305,178868,1089068,1,0.94,W,RUSSELLVILLE,36.249,-83.2168
202304,177519,1079917,1,1.11,ENE,RUCKER,35.7554,-86.3814
202304,177519,1079917,2,4.02,E,KITTRELL,35.828,-86.179
202304,177519,1079918,1,0.15,SSE,READYVILLE,35.828,-86.179
202304,177519,1079918,2,2.08,SW,PLEASANT RIDGE,35.8613,-86.0791
202304,177519,1079637,1,0.89,SE,SPRING HILL,35.74,-86.92
202304,177519,1079638,1,0.74,SSE,ELBETHEL,35.5103,-86.5146
202304,177519,1079639,1,2.24,W,HALF ACRE,35.87,-85.97
202304,177519,1079640,1,1.97,NE,EVINS MILL,35.9533,-85.7597
202304,177519,1079643,1,1.38,S,PINEY,35.6,-85.47
202304,178574,1086436,1,0.56,E,COLUMBIA,35.62,-87.04
202304,178866,1088844,1,0.89,SE,FAIRVIEW,35.71,-83.99
202304,178866,1088845,1,0.89,SW,NORTHPORT,35.96,-83.19
202304,178574,1086437,1,0.73,WNW,COOKEVILLE,36.1734,-85.5124
202304,178574,1086445,1,1.56,NE,ARNO,35.8185,-86.734
202304,177519,1079912,1,0.43,SSW,THICK,35.6642,-86.753
202304,177519,1079912,2,1.15,NNW,BEASLEY,35.694,-86.661
202304,177989,1082439,1,0.89,NW,TIPTOP,35.64,-85.23
202304,177989,1082441,1,0.0,N,WEST KNOXVILLE,35.97,-83.95
202304,177989,1082442,1,1.38,S,SOUTH HARRIMAN,35.9,-84.55
202304,177989,1082443,1,1.13,E,DAISY,35.25,-85.18
202304,177989,1082444,1,1.78,NE,MINT,35.65,-84.03
202304,177519,1079914,1,0.65,SE,GREENWOOD,35.694,-86.661
202304,177519,1079914,2,1.71,NNW,EAGLEVILLE ARPT,35.701,-86.636
202304,177519,1079915,1,2.94,NW,ROVER,35.701,-86.636
202304,177519,1079915,2,2.92,NW,ROVER,35.702,-86.634
202304,177989,1082445,1,2.36,NNE,ROGERS STATION,35.41,-84.3
202304,177989,1082446,1,0.89,SE,NORTH ETOWAH,35.34,-84.51
202304,177724,1080886,1,4.51,NNW,NEW HAVEN,35.36,-87.5618
202304,177724,1080887,1,1.64,SW,HENRYVILLE,35.3803,-87.4162
202304,177724,1080888,1,1.52,WSW,MORNY,36.2736,-86.906
202304,177519,1079916,1,1.71,NNW,EAGLEVILLE ARPT,35.702,-86.634
202304,177519,1079916,2,0.82,W,LINK,35.7222,-86.5343
202304,177519,1079641,1,2.41,NW,OLD ZION,35.9962,-85.5984
202304,177724,1080889,1,0.56,W,NASHVILLE TUNE ARPT,36.18,-86.89
202304,177724,1080890,1,1.8,NE,NASHVILLE,36.1902,-86.7597
202304,177724,1080891,1,1.01,SW,SUMMERTOWN,35.418,-87.3101
202304,177724,1080892,1,2.15,NNW,BECKWITH,36.25,-86.48
202304,177519,1079642,1,1.54,SE,BAKERS XRDS,36.0045,-85.5302
202304,177519,1079644,1,1.61,NNE,CAMP NAKAWANA,36.0925,-85.1924
202304,177724,1080893,1,4.76,N,PINEWOOD,35.9885,-87.4898
202304,177724,1080894,1,1.37,NE,ALEXANDER SPGS,35.3913,-87.2599
202304,177989,1082440,1,0.74,SW,SUNBRIGHT,36.243,-84.68
202304,177989,1082440,2,0.72,ENE,SUNBRIGHT,36.254,-84.658
202305,180474,1099294,1,1.31,ENE,JOPPA,36.24,-83.6
202305,180474,1099295,1,1.31,WSW,RUTLEDGE,36.27,-83.52
202305,180474,1099296,1,4.47,SSW,OAK RIDGE,35.96,-84.3
202305,180474,1099297,1,0.56,W,SHADY VLY,36.52,-81.93
202305,180474,1099298,1,1.49,NNW,ALPHA,36.2,-83.39
202305,180474,1099299,1,0.89,NE,CLEVELAND,35.18,-84.87
202305,180474,1099300,1,0.69,S,BENTON STATION,35.17,-84.68
202305,180474,1099301,1,0.0,N,BENTON,35.18,-84.67
202305,178575,1086438,1,1.81,NNW,VANLEER,36.2552,-87.4589
202305,178575,1086439,1,0.69,S,ANTIOCH,36.06,-86.67
202305,178575,1086440,1,1.33,SW,DICKSON,36.0674,-87.3979
202305,178575,1086441,1,1.66,E,KENWOOD,36.58,-87.37
202305,178575,1086442,1,0.56,E,WILHITE,36.13,-85.51
202305,178575,1086443,1,2.82,NNE,MALLORYS,35.99,-86.79
202305,178575,1086444,1,1.03,ENE,OAK HILL,36.1078,-86.8043
202305,178576,1086446,1,0.98,SE,LEBANON,36.2099,-86.2877
202305,178795,1088206,1,2.3,W,BIG SPGS,35.7219,-86.321
202305,178902,1089070,1,1.78,SE,BEVERLY,36.01,-83.88
202305,178902,1089071,1,0.8,SW,PARK CITY,35.9604,-83.9081
202305,178902,1089079,1,0.69,N,CARTER MILL,36.03,-83.72
202305,180474,1099278,1,0.89,NW,MALONEYVILLE,36.09,-83.84
202305,180474,1099279,1,1.67,W,ZACHARYTOWN,36.13,-83.76
202305,178795,1088213,1,1.38,N,POPLAR GROVE,36.1698,-85.417
202305,178795,1088213,2,0.38,SSE,POPLAR GROVE,36.1446,-85.4183
202305,178795,1088213,3,1.19,SW,HOLLADAY,36.1379,-85.5452
202305,178795,1088213,4,1.8,NE,COOKEVILLE ARPT,36.2201,-85.4596
202305,178795,1088213,5,0.68,SSW,JEREMIAH,36.2211,-85.4052
202305,178795,1088215,1,0.48,SSW,WOODBURY,35.8234,-86.0828
202305,178795,1088215,2,0.33,SSW,WOODBURY,35.8256,-86.0822
202305,178795,1088215,3,0.45,S,WOODBURY,35.8236,-86.0791
202305,178795,1088215,4,0.74,SSE,WOODBURY,35.8211,-86.0728
202305,178795,1088215,5,0.83,SSE,WOODBURY,35.8189,-86.0742
202304,177535,1092808,1,2.39,SSE,LINCOLN,34.991,-86.497
202304,177535,1092808,2,1.15,SSE,ELORA,35.0039,-86.3648
202305,180474,1099280,1,1.68,E,BATLEY,36.03,-84.22
202305,180474,1099281,1,0.89,SE,FOUNTAIN CITY,36.02,-83.92
202305,180474,1099282,1,0.56,E,NEW VICTORY,36.23,-82.51
202305,180474,1099288,1,1.78,NW,ALPHA,36.2,-83.4
202305,180474,1099289,1,0.0,N,NORWOOD,35.98,-83.98
202305,180474,1099291,1,0.56,E,OLD ENGLEWOOD,35.42,-84.49
202305,180474,1099292,1,0.69,S,FINCASTLE,36.41,-84.05
202305,180474,1099293,1,0.69,S,CATLETTSBURG,35.89,-83.58
202305,180474,1099302,1,2.07,S,BEVERLY,36.0,-83.9
202305,180474,1099303,1,0.56,E,NEW VICTORY,36.23,-82.51
202305,180474,1099304,1,1.11,W,MAYDAY,36.22,-82.5
202305,180474,1099306,1,0.89,SW,LOWLAND,36.16,-83.21
202305,180474,1099308,1,0.69,S,ELZA,36.04,-84.2
202303,177338,1078240,1,1.49,SSW,PROSPECT,35.01,-87.01
202303,177338,1078241,1,2.64,NNW,NASHVILLE,36.2035,-86.8027
202303,177518,1079630,1,2.62,ENE,JOELTON,36.34,-86.83
202303,177518,1079631,1,1.38,S,GALLATIN,36.38,-86.45
202303,177518,1079632,1,1.49,NNW,BULL RUN,36.27,-86.93
202303,177518,1079633,1,1.31,ESE,ROGANA,36.44,-86.31
202303,177518,1079634,1,0.55,E,HARTSVILLE,36.4008,-86.1601
202303,176742,1074024,1,2.11,N,GUM SPGS,35.2305,-87.2981
202303,177518,1079635,1,2.02,ESE,HARTSVILLE,36.3873,-86.1373
202303,177518,1079636,1,2.16,SW,WEBBTOWN,36.48,-85.98
202303,176742,1074023,1,0.56,E,MONTEREY,36.15,-85.26
202303,176742,1074014,1,2.07,N,ABERNATHY ARPT,35.18,-87.05
202303,176742,1074015,1,1.49,SSW,PROSPECT,35.01,-87.01
202303,176742,1074016,1,1.67,W,NASHVILLE,36.17,-86.81
202303,177518,1079906,1,2.63,ESE,HILLSDALE,36.431,-86.029
202303,177518,1079906,2,1.17,SW,UNION CAMP,36.4592,-85.9463
202303,176973,1075435,1,1.18,ESE,ETHRIDGE,35.316,-87.2997
202303,176973,1075435,2,1.12,ESE,ETHRIDGE,35.3152,-87.301
202303,176973,1075435,3,1.3,ESE,ETHRIDGE,35.3133,-87.2985
202303,176973,1075435,4,1.32,ESE,ETHRIDGE,35.3142,-87.2977
202303,176742,1074020,1,3.41,SSW,CORNERSVILLE,35.3231,-86.8688
202303,176742,1074017,1,0.45,ENE,GOODLETTSVILLE,36.322,-86.7123
202303,177518,1079903,1,1.47,W,RIVERSIDE,35.449,-87.646
202303,177518,1079903,2,5.28,SE,GORDONSBURG,35.521,-87.358
202303,177338,1078231,1,0.14,NNW,DICKSON,36.0819,-87.3807
202303,177338,1078232,1,2.12,NE,BELLE MEADE,36.1248,-86.8476
202303,177338,1078233,1,0.73,S,NOLENSVILLE,35.9394,-86.6799
202303,176742,1074018,1,2.19,SSW,MILLERSVILLE,36.3394,-86.71
202303,176742,1074019,1,0.0,N,GOODLETTSVILLE,36.32,-86.72
202303,177518,1079905,1,2.98,E,BEECH GROVE,36.4204,-86.0464
202303,177518,1079905,2,4.02,E,BEECH GROVE,36.431,-86.029
202303,177338,1078234,1,1.1,NE,NASHVILLE,36.182,-86.7671
202303,177338,1078235,1,1.82,SW,ANTIOCH,36.0504,-86.6918
202303,177338,1078236,1,2.22,E,BORDEAUX,36.2061,-86.811
202303,176742,1074021,1,0.89,NW,JEFFERSON,35.99,-86.48
202303,176742,1074022,1,0.56,W,IVY BLUFF,35.67,-86.06
202303,177338,1078237,1,1.94,SE,SMYRNA,35.9602,-86.5054
202303,177338,1078238,1,1.81,WSW,AMQUI,36.27,-86.71
202303,177338,1078239,1,1.54,WNW,TURNERSVILLE,36.5094,-87.0551
202303,177338,1078230,1,1.94,WSW,LOBELVILLE,35.7694,-87.7821
202306,181462,1105265,1,3.24,NNE,SYLCO,35.07,-84.59
202306,181462,1105278,1,2.36,SSW,DUNLAP,35.35,-85.4
202306,181462,1105279,1,2.83,E,GUILD,35.05,-85.47
202306,181499,1105317,1,0.69,S,FOSTER XRDS,36.57,-84.55
202306,181499,1105318,1,1.31,ESE,PINE HILL,36.49,-84.43
202306,181499,1105319,1,0.56,W,RED HILL,36.5,-83.73
202306,181499,1105320,1,2.15,SSW,CLAIRFIELD,36.52,-83.96
202306,181499,1105321,1,0.89,SW,LA FOLLETTE,36.37,-84.14
202306,179659,1093905,1,1.65,NNE,DOUGLAS,35.8909,-86.8556
202306,179659,1093906,1,1.33,N,DOUGLAS,35.8893,-86.8691
202306,179659,1093907,1,2.75,SW,COLLEGE GROVE,35.7556,-86.7188
202306,179659,1093908,1,2.7,E,REEDS STORE,35.7207,-86.722
202306,180014,1096612,1,0.0,N,HERMITAGE SPGS,36.58,-85.77
202306,180014,1096613,1,1.68,NNE,RAYS,36.2419,-85.3071
202306,180223,1098009,1,2.32,ENE,TROUSDALE,36.4099,-86.3602
202306,180223,1098010,1,0.9,NE,BETHPAGE,36.4878,-86.3071
202306,180223,1098011,1,0.11,SE,BARREN PLAIN,36.5991,-86.9184
202306,180223,1098023,1,2.15,SSE,THOMPSONS STATION,35.77,-86.91
202306,180223,1098024,1,0.56,E,COLUMBIA,35.62,-87.04
202306,180223,1098150,1,0.0,N,SMYRNA ARPT,36.0,-86.52
202306,181499,1105322,1,3.62,ENE,FRANKFORT,36.12,-84.74
202306,181499,1105323,1,1.31,ENE,SAND LICK,36.41,-83.65
202306,181499,1105324,1,1.78,NE,NEW MARKET,36.12,-83.53
202306,181499,1105325,1,0.69,S,HARTFORD,35.81,-83.15
202306,179615,1093587,1,0.51,S,WATERTOWN,36.0927,-86.1289
202306,179659,1093909,1,0.72,WSW,LAWRENCEBURG,35.2466,-87.3421
202306,179659,1093910,1,0.13,ENE,SOUTH XRDS,35.1709,-87.268
202306,179659,1093911,1,0.05,SW,SOUTH XRDS,35.1694,-87.2705
202306,180223,1098012,1,0.2,ENE,ORLINDA,36.601,-86.7167
202306,180223,1098013,1,1.22,ENE,ROCKLAND,36.3063,-86.6096
202306,180223,1098014,1,2.25,SSE,BORDEAUX,36.1712,-86.8312
202306,180223,1098281,1,0.9,W,FAIRVIEW,36.6311,-86.8963
202306,180223,1098694,1,1.74,W,EPWORTH,35.8806,-86.8311
202306,179615,1093588,1,0.56,E,WATERTOWN,36.1,-86.12
202306,179615,1093589,1,0.89,NW,JONES CHAPEL,36.61,-85.19
202306,179615,1093590,1,0.0,N,BYRDSTOWN,36.57,-85.13
202306,180223,1098008,1,0.13,N,RED BOILING SPGS,36.5319,-85.8504
202306,180223,1098015,1,2.59,NE,SUGGS CREEK,36.1465,-86.4672
202306,180223,1098016,1,1.44,WNW,UNA,36.0899,-86.6428
202306,180223,1098017,1,0.65,NNW,SMYRNA,35.9878,-86.5364
202306,179615,1093606,1,1.67,W,BANNER SPGS,36.25,-84.96
202306,179615,1093606,2,0.89,NE,BANNER SPGS,36.26,-84.92
202306,179615,1093591,1,0.53,W,LAKEWOOD,36.2491,-86.6394
202306,179615,1093592,1,0.0,N,OLD HICKORY,36.26,-86.65
202306,179615,1093593,1,0.85,SSE,OLD HICKORY,36.2481,-86.646
202306,180223,1098018,1,3.45,NW,NOLENSVILLE,35.9848,-86.7242
202306,180223,1098019,1,1.38,S,MT JULIET,36.18,-86.52
202306,180223,1098020,1,1.73,NNE,DOUGLAS,35.8923,-86.8557
202306,180223,1098021,1,0.56,W,WRENCOE,36.02,-86.71
202306,179615,1093594,1,0.89,SE,BETHLEHEM,36.32,-85.29
202306,179615,1093595,1,0.89,NE,THE HERMITAGE,36.23,-86.61
202306,179615,1093596,1,0.0,N,ARMATHWAITE,36.38,-84.77
202306,179615,1093597,1,2.07,N,ALLARDT,36.41,-84.88
202306,179615,1093600,1,0.56,W,HARDY,36.3193,-85.4401
202306,179615,1093601,1,0.77,NW,BRENTWOOD,36.0376,-86.79
202306,179615,1093602,1,0.23,N,MARTHA,36.2333,-86.4294
202306,179615,1093603,1,3.14,WSW,LAGUARDO,36.2816,-86.5016
202306,179533,1093180,1,0.56,W,BELLEVUE,36.07,-86.94
202306,179533,1093181,1,0.56,W,BELLEVUE,36.07,-86.94
202306,179615,1093604,1,2.05,S,INGLEWOOD,36.1907,-86.7357
202306,179615,1093605,1,0.82,SSW,GLADEVILLE,36.1086,-86.4241
202306,179615,1093607,1,0.89,SE,GAITHERVILLE,35.24,-87.36
202306,179533,1093182,1,0.89,SW,OAK GROVE,35.99,-87.49
202306,179533,1093183,1,1.12,W,CALLE,35.83,-86.89
202306,179533,1093184,1,0.69,N,(BNA)NASHVILLE METRO,36.14,-86.68
202306,179533,1093185,1,3.5,S,BODENHAM,35.18,-87.16
202306,179533,1093186,1,0.89,NE,SUGGS CREEK,36.13,-86.49
202306,179615,1093608,1,0.57,W,MINOR HILL,35.05,-87.16
202306,179615,1093609,1,1.49,SSW,KANSAS,36.43,-86.39
202306,179615,1093610,1,0.0,N,GALLATIN,36.4,-86.45
202306,179533,1093187,1,0.89,SW,SPRING HILL,35.74,-86.94
202306,179533,1093188,1,0.89,NE,SUGGS CREEK,36.13,-86.49
202306,179533,1093189,1,0.57,WNW,SUGGS CREEK,36.1235,-86.5093
202306,179615,1093611,1,0.0,N,PETWAY,36.22,-87.15
202306,179615,1093612,1,1.67,W,SAUNDERSVILLE,36.33,-86.6
202306,179615,1093613,1,3.05,SE,CHARLOTTE,36.15,-87.29
202306,180163,1097671,1,1.27,ENE,KANSAS,36.4602,-86.3611
202306,180163,1097672,1,0.27,NNW,RAYON CITY,36.2737,-86.6719
202306,180163,1097673,1,0.0,N,EWINGVILLE,35.92,-86.87
202306,179615,1093598,1,2.15,SSW,JAMESTOWN ARPT,36.32,-84.96
202306,179615,1093598,2,1.11,E,SHIRLEY,36.35,-84.76
202306,179615,1093625,1,1.38,S,DYKES XRDS,35.98,-85.08
202306,179615,1093625,2,1.68,E,DYKES XRDS,36.0,-85.05
202306,180860,1101379,1,1.68,W,DIXIE LEE JCT,35.87,-84.26
202306,179615,1093614,1,1.31,ENE,HENDERSONVILLE,36.29,-86.6
202306,179615,1093615,1,0.89,NE,ROCKLAND,36.31,-86.62
202306,179615,1093616,1,0.98,SW,DALE HOLLOW,36.5386,-85.4605
202306,180163,1097674,1,1.78,SE,KIRKLAND,35.8,-86.66
202306,180163,1097675,1,0.31,NNE,SPRING HILL,35.7539,-86.9274
202306,180163,1097676,1,0.87,NNE,KEDRON,35.7108,-86.912
202306,180860,1101380,1,0.89,SW,GRAY,36.41,-82.48
202306,180860,1101381,1,0.89,SW,GRAY,36.41,-82.48
202306,180860,1101382,1,0.56,E,GREENEVILLE,36.17,-82.82
202306,180861,1101383,1,4.47,SSW,OAK RIDGE,35.96,-84.3
202306,180861,1101384,1,0.0,N,POWELL,36.03,-84.03
202306,180861,1101385,1,2.82,NNE,WATTS BAR LAKE SOUTH,35.72,-84.72
202306,180861,1101386,1,0.0,N,ROCKWOOD,35.87,-84.68
202306,180861,1101389,1,2.26,W,PATTY,35.23,-84.69
202306,180861,1101390,1,0.0,N,ATHENS,35.45,-84.6
202306,180861,1101391,1,3.57,NE,LEWIS CHAPEL,35.37,-85.28
202306,180861,1101392,1,1.12,E,REAGAN,35.55,-84.51
202306,179615,1093618,1,0.89,NW,GAINESBORO,36.36,-85.66
202306,179615,1093619,1,0.89,SE,TROUSDALE,36.39,-86.39
202306,179615,1093621,1,0.56,W,CLARKSVILLE,36.53,-87.36
202306,180163,1097677,1,1.32,ENE,FOSTERVILLE,35.66,-86.4
202306,180163,1097678,1,1.26,NNW,SHELBYVILLE,35.4976,-86.4758
202306,180163,1097679,1,0.89,NW,GAITHERVILLE,35.26,-87.38
202306,180861,1101393,1,4.3,NNE,LONE OAK,35.26,-85.35
202306,180865,1101399,1,0.69,S,SPRING CITY,35.69,-84.87
202306,180865,1101400,1,1.31,WSW,BETHEL,36.16,-84.09
202306,180865,1101401,1,0.89,NE,HARRIMAN,35.94,-84.54
202306,180865,1101402,1,0.89,NE,WARTBURG,36.11,-84.59
202306,180865,1101403,1,1.11,W,ELK VLY,36.48,-84.25
202306,180865,1101404,1,0.56,E,LOVELL,35.9,-84.14
202306,179615,1093623,1,0.69,N,OGLESBY,36.06,-86.73
202306,179615,1093624,1,0.89,SW,WOODLAWN,36.54,-87.51
202306,179615,1093626,1,1.68,E,MURFREESBORO,35.85,-86.39
202306,180163,1097680,1,0.69,S,LAWRENCEBURG,35.24,-87.33
202306,180163,1097683,1,0.89,NE,CHINUBEE,35.14,-87.51
202306,180163,1097685,1,1.32,WSW,WESTPOINT,35.12,-87.55
202306,180865,1101405,1,0.89,SW,NORRIS,36.19,-84.08
202306,180865,1101406,1,2.76,S,BULL CREEK,36.29,-84.42
202306,180865,1101407,1,2.15,SSE,BURRVILLE,36.27,-84.74
202306,180865,1101408,1,0.56,E,ARLINGTON,36.0,-83.94
202306,180865,1101409,1,1.77,SE,DAVIS CHAPEL,36.36,-84.05
202306,180865,1101410,1,0.89,SE,GLENMARY,36.31,-84.61
202306,180865,1101411,1,0.84,N,BLACK CREEK,36.3919,-84.6026
202306,180865,1101411,2,1.42,SW,HELENWOOD,36.4181,-84.5509
202306,180865,1101412,1,0.89,SE,SEQUOYAH HILLS,35.92,-83.96
202306,180163,1097690,1,0.62,SSE,NASHVILLE,36.1623,-86.7744
202306,180163,1097691,1,0.69,N,SEWART AFB,36.01,-86.52
202306,180163,1097692,1,2.07,N,BERRYS CHAPEL,36.0,-86.88
202306,180865,1101413,1,0.0,N,BRANCH HILL,35.97,-84.2
202306,180865,1101414,1,1.32,ESE,MORGAN SPGS,35.56,-85.08
202306,180865,1101415,1,1.38,N,LITTLE RIVER,35.87,-83.93
202306,180865,1101416,1,0.89,SE,SWEETWATER,35.59,-84.46
202306,180865,1101417,1,0.57,W,APISON,35.02,-85.03
202306,181462,1105252,1,1.49,SSW,BRAINERD,35.01,-85.24
202306,181462,1105253,1,1.33,WSW,BRAINERD,35.02,-85.25
202306,181462,1105254,1,0.89,NE,UNION,35.91,-84.42
202306,180014,1096610,1,1.38,N,LAWRENCEBURG ARPT,35.25,-87.25
202306,180014,1096611,1,1.31,ESE,CEDAR PT,36.21,-85.93
202306,180163,1097694,1,0.0,N,LEIPERS FORK,35.9,-87.0
202306,180163,1098144,1,0.69,E,BERRYVILLE,36.2012,-86.6177
202306,181462,1105255,1,2.88,WSW,BYRDS CHAPEL,35.91,-84.22
202306,181462,1105258,1,1.32,WNW,OAK GROVE,35.81,-84.34
202306,181462,1105259,1,1.12,W,MELVINE,35.73,-85.09
202306,181462,1105260,1,0.89,NE,KISER,35.74,-84.16
202306,181462,1105261,1,0.56,W,COOPER MILL,35.63,-85.18
202306,181462,1105262,1,2.36,NNW,PENNINE,35.66,-84.92
202306,181462,1105263,1,1.32,ESE,MT LEBANON,35.41,-84.71
202306,181462,1105264,1,1.79,NW,COMFORT,35.14,-85.77
202306,181427,1105053,1,1.79,SW,OOLTEWAH,35.06,-85.09
202306,181427,1105054,1,2.15,SSW,MELVILLE,35.2,-85.21
202306,181427,1105055,1,1.79,SW,OOLTEWAH,35.06,-85.09
202306,181462,1105266,1,1.49,SSE,COMFORT,35.1,-85.74
202307,180893,1101574,1,3.46,S,BUMPUS MILLS,36.5504,-87.8293
202307,180893,1101577,1,0.0,N,ERIN,36.32,-87.7
202307,180893,1101591,1,0.74,W,CLARKSVILLE,36.5293,-87.3632
202307,180893,1101593,1,1.32,WSW,SHIPPS BEND,35.79,-87.45
202307,180893,1101594,1,0.56,E,HOHENWALD,35.55,-87.56
202307,181341,1104530,1,1.66,NNW,AMQUI,36.3009,-86.6946
202307,181341,1104534,1,2.37,ESE,HENDERSONVILLE,36.2662,-86.5812
202307,181341,1104535,1,0.83,SSE,GALLATIN,36.3884,-86.4461
202307,180235,1098141,1,0.0,N,MONTEREY,36.15,-85.27
202307,180235,1098142,1,2.25,NNE,OAKLAND,36.2991,-86.3317
202307,180235,1098143,1,0.69,S,(BNA)NASHVILLE METRO,36.12,-86.68
202307,180893,1101596,1,0.56,E,THOMPSONS STATION,35.8,-86.91
202307,180893,1101599,1,1.96,NW,WESTWOOD,35.6158,-87.109
202307,180893,1101600,1,0.0,N,COLUMBIA,35.62,-87.05
202307,180893,1101605,1,0.16,ENE,JOELTON,36.3207,-86.8673
202307,180893,1101610,1,1.31,E,NEWSOM,36.0782,-86.9767
202307,181341,1104537,1,0.81,SSE,OLD HICKORY,36.2585,-86.6267
202307,181341,1104542,1,0.95,ENE,GREENLAWN,36.255,-86.5542
202307,181341,1104544,1,0.07,ESE,MT JULIET,36.1996,-86.5189
202307,183284,1120017,1,1.23,WSW,MILNERS SWITCH,35.0235,-86.4203
202307,183284,1120018,1,2.45,SSW,YUKON,35.0495,-86.6922
202307,183284,1120021,1,1.43,WNW,HARMS,35.156,-86.6943
202307,183284,1120022,1,0.35,NNW,COLDWATER,35.0843,-86.7333
202307,183284,1120027,1,2.47,NW,CORDER XRD,35.1051,-86.5111
202307,183284,1120028,1,0.64,WNW,HARMS,35.152,-86.6811
202307,183284,1120029,1,2.36,SSW,YUKON,35.0487,-86.6866
202307,180893,1101612,1,2.15,NNE,MAPLEWOOD,36.26,-86.71
202307,180893,1101614,1,1.25,NNW,BELLE MEADE,36.1168,-86.8787
202307,180893,1101618,1,2.23,W,NASHVILLE CORNELIA F,36.18,-86.74
202307,180893,1101621,1,0.74,N,ROCKLAND,36.3107,-86.6311
202307,180893,1101627,1,1.66,ENE,GREENLAWN,36.2594,-86.5426
202307,181341,1104549,1,0.39,E,GREEN HILL,36.2292,-86.5431
202307,181341,1104550,1,1.02,E,GREENLAWN,36.2499,-86.5517
202307,181341,1104551,1,1.19,S,MT JULIET,36.1827,-86.5203
202307,183284,1120031,1,0.61,ENE,KIRKLAND,35.0738,-86.6203
202307,183284,1120034,1,0.57,SSW,HOWELL,35.2228,-86.6251
202307,183284,1120036,1,0.72,ENE,TAFT,35.0226,-86.7176
202307,183284,1120037,1,1.52,SE,EAST CYRUSTON,35.1529,-86.7032
202307,183284,1120039,1,1.52,SE,EAST CYRUSTON,35.1529,-86.7032
202307,183284,1120040,1,1.44,E,MULBERRY,35.2229,-86.4447
202307,183284,1120041,1,0.42,S,BELLEVIEW,35.0439,-86.5996
202307,180235,1098086,1,2.35,SSE,BERRY,36.15,-87.36
202307,180270,1098277,1,1.29,SW,MANCHESTER,35.467,-86.0964
202307,180270,1098278,1,1.6,NNW,MANCHESTER,35.5022,-86.0881
202307,180270,1098279,1,1.16,ESE,ALMAVILLE,35.8638,-86.5808
202307,180270,1098280,1,1.31,ESE,ROCK SPGS,35.945,-86.5274
202307,180893,1101628,1,0.22,SE,SILVER BOTTOM,36.2276,-86.5175
202307,180893,1101630,1,5.85,N,MALLORYS,36.0346,-86.795
202307,180893,1101631,1,1.0,SE,BELLEVUE,36.0607,-86.9162
202307,180893,1101633,1,2.44,NW,MALLORYS,35.9762,-86.8292
202307,180893,1101646,1,0.56,E,WAYNESBORO,35.32,-87.76
202307,181341,1104555,1,0.63,N,HOPEWELL,36.239,-86.6291
202307,181341,1104556,1,1.26,NE,PASQUO,36.0445,-86.9563
202307,181341,1104557,1,0.0,N,LOFTON,35.93,-86.28
202307,183284,1120042,1,0.89,SSE,KIRKLAND,35.0575,-86.6265
202307,180235,1098087,1,0.89,SE,PINEWOOD,35.91,-87.47
202307,180235,1098088,1,1.31,WSW,PETWAY,36.21,-87.17
202307,180235,1098089,1,1.49,SSE,HACKBERRY,36.41,-87.42
202307,180893,1101648,1,0.56,W,WOODLAWN,35.18,-87.74
202307,180893,1101649,1,0.58,WSW,LAWRENCEBURG,35.2482,-87.3401
202307,180893,1101652,1,0.74,S,LAWRENCEBURG,35.2393,-87.3289
202307,180893,1101653,1,0.35,NW,LAWRENCEBURG,35.2538,-87.334
202307,180893,1101655,1,0.8,SE,LAWRENCEBURG,35.2411,-87.3209
202307,181341,1104558,1,0.69,N,MITCHELVILLE,35.81,-86.151
202307,181341,1104559,1,1.49,SSW,WOODBURY,35.8101,-86.0902
202307,181341,1104560,1,2.66,N,IVY BLUFF,35.7079,-86.0587
202307,180235,1098090,1,2.28,N,BERRYS CHAPEL,36.0028,-86.8852
202307,180235,1098091,1,2.01,N,BERRYS CHAPEL,35.9989,-86.8842
202307,180235,1098093,1,0.94,WSW,MUDSINK,35.9162,-86.8361
202307,180235,1098094,1,1.86,ENE,RICHLAND,36.1631,-86.851
202307,180893,1101656,1,0.56,W,PULASKI,35.2,-87.03
202307,180893,1101661,1,0.86,SW,HOLTS CORNER,35.6697,-86.6887
202307,180893,1101663,1,0.12,SSE,BEDFORD,35.4685,-86.5791
202307,180899,1101676,1,1.24,NW,MALLORYS,35.9626,-86.8158
202307,180899,1101676,2,1.23,NW,MALLORYS,35.962,-86.8162
202307,180899,1101676,3,1.12,NW,MALLORYS,35.9615,-86.8142
202307,180899,1101676,4,1.14,NW,MALLORYS,35.9621,-86.814
202307,180899,1101677,1,0.33,WNW,TIDWELL,36.0211,-87.3357
202307,180899,1101677,2,0.32,WNW,TIDWELL,36.0218,-87.3353
202307,180899,1101677,3,0.45,WNW,TIDWELL,36.0222,-87.3376
202307,180899,1101677,4,0.48,WNW,TIDWELL,36.0218,-87.3383
202307,181341,1104561,1,2.05,SW,PLEASANT VIEW,35.7319,-86.029
202307,181341,1104562,1,2.0,ENE,PLEASANT VIEW,35.7614,-85.9672
202307,181341,1104564,1,1.55,SSW,PHILLIPPI,35.9584,-85.7873
202307,180235,1098095,1,2.16,SW,WEST MEADE,36.102,-86.9518
202307,180235,1098096,1,1.02,W,VAUGHNS GAP,36.0707,-86.8982
202307,180235,1098098,1,0.48,ENE,FOREST HILLS,36.0721,-86.8418
202307,180235,1098099,1,1.35,W,BELLE MEADE,36.1023,-86.894
202307,180899,1101678,1,0.38,NE,CHINUBEE,35.1342,-87.5156
202307,181341,1104566,1,0.78,W,YATESTON,35.8798,-85.594
202307,181341,1104570,1,2.95,W,HICKERSON,35.4024,-86.1822
202307,181341,1104572,1,0.26,NE,BATES HILL,35.7327,-85.9268
202307,180235,1098100,1,0.65,NNE,OAK HILL,36.1085,-86.8148
202307,180235,1098101,1,2.82,SSE,CRUNK,36.38,-86.87
202307,180235,1098103,1,0.43,WNW,WRENCOE,36.023,-86.7067
202307,180235,1098104,1,2.2,W,TUSCULUM,36.0734,-86.7591
202307,181341,1104573,1,0.69,NW,MT LEO,35.6757,-85.7601
202307,181341,1104575,1,0.07,SE,TROUSDALE,35.6693,-85.9492
202307,181341,1104577,1,1.7,WSW,VERVILLA,35.5679,-85.9064
202307,180235,1098105,1,1.09,NNE,OAK HILL,36.114,-86.8108
202307,180235,1098107,1,2.12,SSW,HENRYVILLE,35.3719,-87.4148
202307,180235,1098108,1,0.81,SSE,ETHRIDGE,35.31,-87.3124
202307,180235,1098109,1,0.76,ESE,LORETTO,35.0778,-87.4369
202307,181341,1104578,1,0.67,NNW,TULLAHOMA,35.3794,-86.2332
202307,181341,1104581,1,0.2,SE,TULLAHOMA,35.3682,-86.2272
202307,181341,1104583,1,1.75,SSW,GRAY,35.4778,-86.4349
202307,180246,1117814,1,0.3,NE,LYNCHBURG,35.2826,-86.3758
202307,180246,1117815,1,1.32,ENE,AWALT,35.26,-86.23
202307,180246,1119718,1,2.0,SW,BLEDSOE,35.3069,-86.6014
202307,180235,1098110,1,1.9,ESE,CRUNK,36.4133,-86.8469
202307,180235,1098111,1,0.9,NNE,NOLENSVILLE,35.9617,-86.6727
202307,180235,1098112,1,4.15,NE,MALLORYS,35.9938,-86.7494
202307,180235,1098113,1,1.12,W,WEST MEADE,36.12,-86.94
202307,181341,1104584,1,1.02,E,GRAY,35.4979,-86.4021
202307,181341,1104587,1,1.37,ENE,SHELBYVILLE,35.4876,-86.4475
202307,181341,1104594,1,1.27,ESE,GREENBRIER,36.4204,-86.7805
202307,180246,1119722,1,0.61,N,VANNTOWN,35.0287,-86.4713
202307,180246,1119723,1,1.57,E,KELSO,35.1273,-86.4424
202307,180246,1119724,1,0.98,WSW,HOWELL HILL,35.0634,-86.5354
202307,180246,1119726,1,0.46,E,BRIGHTON,35.0804,-86.4419
202307,180246,1119717,1,1.03,NW,BELLEVILLE,35.2804,-86.583
202307,180246,1119719,1,1.1,NW,HOWELL,35.2422,-86.6324
202307,180246,1119725,1,1.98,SSW,FLINTVILLE,35.0426,-86.4402
202307,180235,1098114,1,1.12,W,WOODBINE,36.12,-86.74
202307,180235,1098115,1,1.35,NNE,OAK HILL,36.1178,-86.81
202307,180235,1098116,1,2.87,E,RICHLAND,36.1447,-86.829
202307,180235,1098117,1,0.92,E,WRENCOE,36.0183,-86.6836
202307,180270,1099059,1,3.2,SSW,BODENHAM,35.1871,-87.1912
202307,180470,1099247,1,0.56,W,OAKLAND,36.5,-86.84
202307,180470,1099248,1,0.56,W,OAKLAND,36.5,-86.84
202307,180470,1099249,1,1.31,ENE,FROG POND,36.14,-87.21
202307,180470,1099250,1,0.13,SSW,GREENBRIER,36.4283,-86.8011
202307,181341,1104595,1,1.48,SSW,HALLS HILL,35.8502,-86.2602
202307,181341,1104596,1,2.18,SW,HARPETH,35.78,-86.88
202307,181355,1104598,1,1.15,SSW,SOUTH FAIRVIEW,35.0359,-87.4808
202307,181355,1104599,1,0.63,ESE,LAWRENCEBURG,35.2451,-87.3207
202307,180235,1098118,1,1.82,ESE,OAK HILL,36.0883,-86.7909
202307,180235,1098119,1,1.53,SSE,NASHVILLE,36.1502,-86.7676
202307,180235,1098120,1,1.8,SSW,NASHVILLE,36.147,-86.7951
202307,180235,1098121,1,2.22,NE,NASHVILLE,36.1927,-86.7519
202307,180470,1099251,1,2.07,S,WESTWOOD,35.57,-87.08
202307,180470,1099252,3,0.5,NE,PORTLAND,36.5861,-86.5149
202307,180470,1099252,4,0.63,N,PORTLAND,36.5891,-86.5204
202307,180470,1099252,1,0.83,N,PORTLAND,36.5919,-86.5177
202307,180470,1099252,2,0.77,NNE,PORTLAND,36.5899,-86.5134
202307,180235,1098122,1,0.69,W,MAPLEWOOD,36.2302,-86.7324
202307,180235,1098123,1,0.87,W,DONELSON,36.1694,-86.6655
202307,180235,1098124,1,1.67,S,INGLEWOOD,36.1963,-86.7247
202307,180235,1098125,1,0.85,SE,BERRY HILL,36.1113,-86.7594
202307,180669,1100323,1,1.77,W,CHERRY VLY,36.098,-86.2016
202307,180669,1100323,2,0.74,NNE,CHERRY VLY,36.1101,-86.1656
202307,180669,1100323,3,2.19,ENE,SHOP SPGS,36.1417,-86.1836
202307,180669,1100323,4,0.69,S,TUCKERS XRDS,36.19,-86.1811
202307,180669,1100323,5,1.64,WSW,TUCKERS XRDS,36.1936,-86.2084
202307,180669,1100323,6,0.43,W,SHOP SPGS,36.1306,-86.2277
202307,180669,1100327,1,1.71,S,FOREST HILLS,36.0454,-86.854
202307,181341,1104471,1,1.02,NW,RIVERTON,36.4394,-85.0942
202307,181341,1104471,2,2.3,NNW,RIVERTON,36.4586,-85.1012
202307,181341,1104471,3,1.53,WNW,LITTLE CRAB,36.4607,-85.0741
202307,181341,1104471,4,2.1,WNW,ALLARDT,36.3955,-84.9125
202307,181341,1104471,5,1.98,W,ALLARDT,36.3751,-84.915
202307,181341,1104471,6,2.78,SW,MANSON,36.3729,-85.1169
202307,181341,1104477,1,0.55,WSW,CLARKRANGE,36.1774,-85.0294
202307,181341,1104477,2,0.82,ESE,CLARKRANGE,36.1752,-85.0066
202307,181341,1104477,3,0.75,S,BANNER SPGS,36.2391,-84.9291
202307,181341,1104477,4,2.12,E,HIGHLAND JCT,36.2457,-85.0323
202307,180235,1098126,1,0.22,ENE,OLD HICKORY,36.2608,-86.6462
202307,180235,1098127,1,1.7,ESE,HENDERSONVILLE,36.2716,-86.5912
202307,180235,1098128,1,1.46,WNW,LEBANON ARPT,36.1916,-86.342
202307,180235,1098129,1,0.48,SSE,GREENLAWN,36.2441,-86.5654
202307,181341,1104483,1,1.24,NNW,CROSSVILLE,35.9655,-85.041
202307,181341,1104483,2,1.08,NNW,CROSSVILLE,35.9652,-85.0345
202307,181341,1104483,3,1.16,SW,OAK HILL,35.9684,-85.0349
202307,181341,1104483,4,1.42,NNW,CROSSVILLE,35.9682,-85.0417
202307,181341,1104484,1,2.17,SE,MONTEREY,36.13,-85.24
202307,181341,1104484,2,1.77,ENE,MONTEREY,36.158,-85.2399
202307,181341,1104484,3,1.23,WNW,MONTEREY,36.1583,-85.2896
202307,181341,1104484,4,1.32,ENE,BERBLECH,36.1287,-85.279
202307,181341,1104487,1,0.43,S,FINDLAY,35.9439,-85.4811
202307,181341,1104487,2,0.76,SE,FINDLAY,35.9411,-85.4719
202307,181341,1104487,3,0.55,N,SPARTA,35.9378,-85.4718
202307,181341,1104487,4,0.69,S,FINDLAY,35.9401,-85.4819
202307,181389,1104825,1,1.7,SW,SILVER HILL,35.9811,-86.3895
202307,181389,1104828,1,0.4,ESE,NEW DEAL,36.517,-86.564
202307,181389,1104830,1,0.81,SSE,LAUREL HILL,36.0892,-85.8141
202307,181389,1104832,1,1.03,NW,PROVIDENCE,36.09,-86.7336
202307,180235,1098130,1,1.03,NNE,HALES CAMP,36.0141,-86.4943
202307,180235,1098131,1,2.31,SSW,LA VERGNE,35.991,-86.6005
202307,180235,1098132,1,2.03,NE,JEFFERSON SPGS,36.0166,-86.42
202307,180235,1098133,1,0.0,NW,SMYRNA ARPT,36.0,-86.52
202307,181341,1104489,1,0.89,SW,TULLAHOMA,35.36,-86.24
202307,181341,1104489,2,0.77,WSW,TULLAHOMA,35.3666,-86.2431
202307,181341,1104489,3,1.07,NNE,TULLAHOMA,35.3831,-86.2198
202307,181341,1104489,4,1.23,NE,TULLAHOMA,35.3832,-86.2154
202307,181341,1104489,5,1.38,E,TULLAHOMA,35.3668,-86.2057
202307,181341,1104490,1,1.13,W,NORMANDY,35.45,-86.3
202307,181341,1104490,2,1.33,W,NORMANDY,35.4499,-86.3036
202307,181341,1104490,3,0.77,SSW,ROSEVILLE,35.4592,-86.303
202307,181341,1104490,4,0.77,S,ROSEVILLE,35.459,-86.2982
202307,181341,1104495,1,1.17,SW,BELDON,36.5898,-87.2368
202307,181389,1104857,1,1.69,SW,PROVIDENCE,36.5604,-86.3383
202307,181389,1104914,1,2.89,N,CLARKRANGE,36.2214,-85.0123
202307,181389,1104915,1,2.15,NNW,HENSLEYS CHAPEL,35.95,-85.54
202307,181389,1105292,1,1.48,E,EVINS MILL,35.9261,-85.754
202307,180235,1098134,1,0.89,SE,LEBANON,36.21,-86.29
202307,180235,1098135,1,1.93,W,NASHVILLE CORNELIA F,36.1842,-86.7343
202307,180235,1098136,1,1.49,SSW,PORTLAND MUNI ARPT,36.58,-86.49
202307,180235,1098137,1,0.77,WNW,BAXTER,36.1534,-85.6431
202307,180893,1101552,1,5.01,W,DOVER,36.4788,-87.9202
202307,180893,1101553,1,0.0,N,DOVER,36.48,-87.83
202307,180893,1101567,1,1.1,ENE,BUMPUS MILLS,36.6042,-87.8009
202307,181341,1104497,1,0.54,NNE,SPRINGFIELD MUNI ARP,36.5374,-86.9166
202307,181341,1104514,1,0.92,NE,RIDGETON,36.4102,-86.7592
202307,181341,1104525,1,0.56,W,RIDGETON,36.4,-86.78
202307,181389,1105730,1,0.81,NNW,OAK GROVE,36.5813,-86.3838
202307,181389,1104829,1,1.78,ENE,GREENLAWN,36.2592,-86.5402
202307,180235,1098138,1,0.68,W,DOYLE,35.8502,-85.5121
202307,180235,1098139,1,0.68,W,DOYLE,35.8502,-85.5121
202307,180235,1098140,1,0.68,N,PARRAGON,36.2098,-85.3988
202308,182002,1108921,1,1.17,E,BERRYS CHAPEL,35.9702,-86.859
202308,182002,1108922,1,1.32,WNW,MUDSINK,35.93,-86.84
202308,182002,1108923,1,4.72,NE,BERRYS CHAPEL,36.0186,-86.8208
202308,182002,1108924,1,0.97,SW,BERRY HILL,36.1086,-86.7801
202308,182002,1108925,1,1.15,W,BERRY HILL,36.118,-86.7905
202308,182002,1108926,1,0.21,SSW,PROVIDENCE,36.0773,-86.7215
202308,182672,1113844,1,1.6,SW,DOUGLAS,35.8517,-86.8875
202308,182672,1113845,1,0.45,SW,SPRING HILL,35.7457,-86.9361
202308,182002,1108927,1,1.06,W,PROVIDENCE,36.0803,-86.7389
202308,182002,1108928,1,1.12,E,NASHVILLE,36.17,-86.76
202308,182002,1108929,1,1.4,NNW,PROVIDENCE,36.0986,-86.7299
202308,182002,1108930,1,0.69,S,BROOKLIN,36.04,-86.62
202308,182002,1108931,1,0.0,N,NASHVILLE,36.17,-86.78
202308,182002,1108932,1,0.12,SW,EDENWOLD,36.2787,-86.6714
202308,182672,1113846,1,0.56,W,DICKSON,36.08,-87.39
202308,182672,1113847,1,0.56,E,HOHENWALD,35.55,-87.56
202308,182672,1113848,1,0.69,S,LAWRENCEBURG,35.2402,-87.328
202308,181998,1108852,1,1.66,W,RIDGETON,36.398,-86.7998
202308,182002,1108933,1,0.56,E,PISGAH,35.9,-85.89
202308,182002,1108934,1,1.17,NNE,OVERALL,35.8363,-86.4746
202308,182003,1108935,1,0.02,S,THOMAS,36.0798,-85.63
202308,182672,1113849,1,1.06,SW,LAWRENCEBURG,35.2391,-87.3433
202308,182672,1113849,2,1.56,S,LAWRENCEBURG,35.2276,-87.3263
202308,182672,1113849,3,1.21,SE,LAWRENCEBURG,35.2389,-87.3134
202308,182672,1113849,4,1.04,E,LAWRENCEBURG,35.2485,-87.3117
202308,182672,1113849,5,0.39,NW,LAWRENCEBURG,35.2535,-87.3355
202308,182672,1113850,1,2.04,E,REEDS STORE,35.7223,-86.7337
202308,182672,1113850,2,2.04,E,REEDS STORE,35.7184,-86.7337
202308,182672,1113850,3,3.49,ESE,REEDS STORE,35.7093,-86.7093
202308,182672,1113850,4,4.13,ESE,REEDS STORE,35.7078,-86.6979
202308,182672,1113850,5,3.99,E,REEDS STORE,35.7167,-86.6989
202308,182672,1113850,6,2.77,E,REEDS STORE,35.7244,-86.7209
202308,182672,1113851,4,2.99,N,MALLORYS,35.9929,-86.7935
202308,182672,1113851,1,1.84,N,MALLORYS,35.9766,-86.8028
202308,182672,1113851,2,1.75,N,MALLORYS,35.9753,-86.7991
202308,182672,1113851,3,3.02,N,MALLORYS,35.9931,-86.7909
202308,181998,1108853,1,2.24,W,BAGGETTSVILLE,36.4757,-86.76
202308,181998,1108854,1,0.29,S,WHITES CREEK,36.2658,-86.8297
202308,181998,1108855,1,0.9,NW,NASHVILLE,36.1797,-86.7909
202308,181998,1108856,1,1.34,E,HENDERSONVILLE,36.2813,-86.596
202308,181998,1108857,1,2.0,S,GREENBRIER,36.4011,-86.8
202308,181733,1106609,1,0.69,N,IRON CITY,35.03,-87.58
202308,181733,1106610,1,0.05,NNW,SUMMERTOWN,35.4307,-87.3004
202308,181733,1106611,1,0.68,S,LAWRENCEBURG,35.2402,-87.3283
202308,181998,1108858,1,0.5,SSW,DICKSON,36.0732,-87.383
202308,181998,1108859,1,1.83,WSW,WHITE BLUFF,36.1074,-87.2488
202308,181998,1108860,1,1.62,NE,COLESBURG,36.0862,-87.3289
202308,181998,1108861,1,1.06,E,KINGSTON SPGS,36.1022,-87.1013
202308,181733,1106612,1,1.86,NE,UNION RIDGE,35.5401,-86.258
202308,181733,1106613,1,1.06,NE,BELL BUCKLE,35.5892,-86.355
202308,181733,1106614,1,1.05,W,POCAHONTAS,35.6327,-86.0683
202308,181998,1108862,1,1.73,SW,FAIRVIEW,35.9593,-87.1375
202308,181998,1108863,1,2.32,ESE,BRENTWOOD,36.0174,-86.7415
202308,181998,1108864,1,0.95,NE,EWINGVILLE,35.9315,-86.8605
202308,181998,1108865,1,1.37,NE,EWINGVILLE,35.9341,-86.8527
202308,181998,1108865,2,0.55,WSW,MUDSINK,35.9159,-86.8285
202308,181998,1108866,1,2.18,NNE,PRIMM SPGS,35.8482,-87.2526
202308,181998,1108867,1,0.89,NW,LAMPLEY STORE,35.91,-87.16
202308,181998,1108872,1,1.67,W,VESTA,36.0694,-86.4499
202308,181998,1108876,1,1.74,NE,MONA,36.0003,-86.4017
202308,181998,1108879,1,0.42,E,CHAPEL HILL,35.6294,-86.6925
202308,181998,1108881,1,0.69,N,WHEEL,35.49,-86.63
202308,181998,1108890,1,0.35,E,AUBURNTOWN,35.9503,-86.0937
202308,181998,1108891,1,0.0,N,READYVILLE,35.83,-86.18
202308,181998,1108893,1,2.31,NNE,GRAY,35.5303,-86.4024
202308,181998,1108894,1,1.32,ENE,BON AIR,35.94,-85.36
202308,184790,1131499,1,2.49,NW,UNION CITY,36.4482,-89.0778
202308,184790,1131499,2,1.36,NNE,GIBBS,36.4388,-88.9926
202308,184790,1131499,3,1.5,SSW,GIBBS,36.3994,-89.0085
202308,184790,1131499,4,2.09,WSW,UNION CITY,36.4046,-89.0823
202308,184829,1131626,1,1.59,WSW,ELLENDALE,35.2234,-89.857
202308,181998,1108895,1,0.56,E,IRVING COLLEGE,35.58,-85.71
202308,181998,1108896,1,0.69,N,CLARKRANGE,36.19,-85.02
202308,181998,1108897,1,0.82,SSE,SYCAMORE,36.3091,-87.0443
202308,181998,1108898,1,1.35,ESE,WRIGLEY,35.8901,-87.3291
202308,181998,1108899,1,1.05,W,HAMPSHIRE,35.5996,-87.3186
202308,184829,1131629,1,1.38,N,SHELBY CENTER,35.2,-89.85
202308,184829,1131630,1,1.69,SW,LIBERTY HILL,35.2842,-89.3027
202308,184829,1131631,1,0.75,NNW,SOMERVILLE,35.2603,-89.3543
202308,184829,1131632,1,1.49,SSE,MEDON,35.45,-88.87
202308,181741,1106748,1,2.82,SSW,ST JOSEPH,35.01,-87.51
202308,181998,1108900,1,6.5,SE,FT HENRY,36.4113,-87.94
202308,181998,1108900,2,6.05,SW,DOVER,36.4109,-87.897
202308,181998,1108900,3,4.7,SW,DOVER,36.4343,-87.8926
202308,181998,1108900,4,5.65,WSW,DOVER,36.4379,-87.9173
202308,181998,1108901,1,1.27,NW,DOVER,36.4939,-87.8449
202308,181998,1108901,2,1.05,WNW,DOVER,36.4836,-87.8483
202308,181998,1108901,3,0.37,WSW,DOVER,36.4778,-87.8361
202308,181998,1108901,4,0.7,NE,DOVER,36.488,-87.8221
202308,181998,1108901,5,1.05,N,DOVER,36.4952,-87.8277
202308,181998,1108902,1,3.1,ESE,ST BETHLEHEM,36.56,-87.25
202308,181998,1108902,2,3.14,ESE,ST BETHLEHEM,36.5606,-87.2488
202308,181998,1108902,3,3.33,SSW,BELDON,36.5566,-87.2459
202308,181998,1108902,4,3.32,ESE,ST BETHLEHEM,36.5558,-87.2483
202308,181998,1108903,1,0.89,SW,SUGGS CREEK,36.11,-86.51
202308,181998,1108904,1,2.35,NW,MALLORYS,35.9772,-86.825
202308,184829,1131633,1,3.57,ESE,SHANDY,35.2836,-88.9101
202308,184829,1131634,1,0.76,WSW,BOLIVAR,35.266,-89.0126
202308,184829,1131635,1,4.13,SSE,BOLIVAR,35.22,-88.96
202308,184829,1131636,1,1.13,E,HORNSBY,35.23,-88.83
202308,181741,1106749,1,1.31,WSW,BROWN XRDS,35.0645,-87.4221
202308,181797,1107158,1,2.04,NNE,ST JOSEPH,35.078,-87.4882
202308,181797,1107162,1,0.6,SW,BUSBY,35.1135,-87.4269
202308,181998,1108905,1,0.56,W,LIBERTY,36.0,-85.98
202308,181998,1108906,1,2.17,SW,LINTON,36.01,-87.05
202308,181998,1108907,1,3.45,N,DEASON,35.65,-86.43
202308,181998,1108909,1,1.32,ENE,SINGLETON,35.44,-86.36
202308,181998,1108910,1,1.76,S,MT JULIET,36.1745,-86.52
202308,182672,1113843,1,3.11,SW,BUMPUS MILLS,36.5655,-87.856
202308,183043,1117894,1,3.04,SW,BUMPUS MILLS,36.57,-87.86
202308,183043,1117894,2,2.43,S,BUMPUS MILLS,36.565,-87.8164
202308,183043,1117894,3,0.84,SE,BUMPUS MILLS,36.5921,-87.8084
202308,183043,1117894,4,2.29,WSW,BUMPUS MILLS,36.5912,-87.8598
202308,184829,1131637,1,2.65,WSW,ROGERS SPGS,35.03,-89.02
202308,184829,1131638,1,3.61,W,LOWRYVILLE,35.1098,-88.1626
202308,181797,1107166,1,2.58,NNW,MALLORYS,35.9846,-86.8175
202308,181797,1107167,1,0.0,N,SPARTA,35.93,-85.47
202308,181998,1108911,1,0.89,NW,SPRINGFIELD,36.51,-86.89
202308,181998,1108912,1,0.56,W,MADISON,36.25,-86.78
202308,181998,1108913,1,0.89,SW,BERRYVILLE,36.19,-86.64
202308,181998,1108914,1,0.0,N,CENTERTOWN,35.72,-85.92
202308,182002,1108915,1,2.26,SE,BUMPUS MILLS,36.573,-87.7969
202308,184886,1132082,1,1.44,WSW,SHELBY FARMS,35.162,-89.8935
202308,184886,1132082,2,1.32,NE,BERCLAIR,35.1634,-89.9033
202308,184886,1132082,3,1.51,NNE,BERCLAIR,35.17,-89.9091
202308,184886,1132082,4,1.78,W,SHELBY FARMS,35.1728,-89.9014
202308,184886,1132082,5,1.47,W,SHELBY FARMS,35.1684,-89.8959
202308,182002,1108916,1,1.47,E,ERIN,36.3181,-87.6738
202308,182002,1108917,1,1.62,WNW,NEW HOPE,36.0275,-87.1774
202308,182002,1108918,1,2.07,N,CLARKSVILLE,36.56,-87.35
202308,182002,1108919,1,1.32,ENE,BELLEVUE,36.0784,-86.9088
202308,182002,1108920,1,0.74,N,BELLEVUE,36.0806,-86.9284
202308,184886,1132083,1,0.0,N,ARLINGTON MUNI ARPT,35.28,-89.67
202308,184886,1132083,2,0.28,N,ARLINGTON MUNI ARPT,35.2841,-89.6704
202308,184886,1132083,3,0.34,NW,ARLINGTON MUNI ARPT,35.283,-89.6748
202308,184886,1132083,4,0.23,SW,ARLINGTON MUNI ARPT,35.278,-89.6733
202308,184886,1132084,1,0.89,NE,BARTLETT,35.21,-89.87
202308,184886,1132084,2,1.03,ENE,BARTLETT,35.2077,-89.8644
202308,184886,1132084,3,0.87,ENE,BARTLETT,35.2032,-89.865
202308,184886,1132084,4,0.63,ENE,BARTLETT,35.2025,-89.8693
202308,184886,1132085,1,2.82,NNW,LENOW,35.22,-89.76
202308,184886,1132085,2,2.9,N,LENOW,35.2217,-89.7553
202308,184886,1132085,3,3.08,N,LENOW,35.2239,-89.7592
202308,184886,1132085,4,3.09,NNW,LENOW,35.2238,-89.7612
202308,184886,1132086,1,0.75,NNW,OAKVILLE,35.0799,-89.9555
202308,184886,1132087,1,2.14,W,WHITE STATION,35.1195,-89.9378
202308,184886,1132088,1,1.01,NE,WHITE STATION,35.1303,-89.8873
202308,184886,1132089,1,2.15,NNE,OAKVILLE,35.1,-89.94
202308,185023,1133497,1,1.11,SW,BOLIVAR,35.2572,-89.0119
202308,185023,1133498,1,1.28,NW,BOLIVAR,35.2819,-89.0174
202308,185097,1133856,1,0.0,N,GIBSON,35.87,-88.85
202308,183924,1124806,1,0.0,N,NEW MARKET,36.1,-83.55
202307,182327,1110900,1,1.38,N,RACOON VLY,36.25,-83.83
202307,182327,1110901,1,0.56,W,LOVELL,35.9,-84.16
202307,182327,1110902,1,1.12,W,ARLINGTON,36.0,-83.97
202308,181733,1106629,1,0.97,SE,SPARTA,35.9216,-85.4561
202308,181733,1106630,1,0.89,SE,SPENCER,35.74,-85.46
202308,181733,1106631,1,4.87,S,MOONEYHAM,35.68,-85.34
202308,181733,1106632,1,0.0,N,(CSV)CROSSVILLE MEM,35.95,-85.08
202308,181733,1106636,1,1.96,SSW,SHILOH,35.8442,-86.3647
202308,181733,1106637,1,0.83,SSE,MANCHESTER,35.4685,-86.0755
202308,181733,1106638,1,0.72,S,SILVER PT,36.0897,-85.7187
202308,184829,1131627,1,2.9,WSW,ARLINGTON MUNI ARPT,35.27,-89.72
202308,184829,1131628,1,0.89,NE,ARLINGTON MUNI ARPT,35.29,-89.66
202308,181733,1106633,1,0.53,S,DOUBLING SPUR,36.1624,-85.1814
202308,181733,1106634,1,0.71,SSE,CLIFF SPGS,36.17,-85.1474
202308,181733,1106635,1,2.18,NNW,CLARKRANGE,36.2092,-85.0346
202307,184094,1125851,1,1.0,N,SPRING CITY,35.7145,-84.87
202307,184094,1125851,2,2.0,E,SPRING CITY,35.7,-84.8344
202307,184094,1125851,3,2.0,S,SPRING CITY,35.6711,-84.87
202307,184094,1125851,4,1.5,WSW,SPRING CITY,35.6917,-84.8947
202307,184094,1125871,1,1.49,SSE,WHITE OAK,35.11,-85.27
202307,184094,1125871,2,2.0,SSE,WHITE OAK,35.1033,-85.2665
202307,184094,1125871,3,1.0,E,LUPTON CITY,35.1,-85.2823
202307,184094,1125871,4,1.2,ENE,LUPTON CITY,35.1067,-85.2804
202307,184098,1125898,1,2.0,WNW,JONESBORO,36.3111,-82.5032
202307,184098,1125898,2,1.0,ENE,JONESBORO,36.3055,-82.4534
202307,184098,1125898,3,4.0,SE,JONESBORO,36.2591,-82.4192
202307,184098,1125898,4,5.0,SW,JONESBORO,36.2488,-82.5335
202307,181771,1107007,1,0.89,NW,ROGERSVILLE,36.41,-83.01
202307,181771,1107008,1,1.77,NW,DOEVILLE,36.4,-81.99
202307,181771,1107009,1,0.56,E,SEVIERVILLE,35.87,-83.56
202307,181771,1107010,1,1.49,NNW,ALPHA,36.2,-83.39
202307,181771,1107011,1,1.38,S,HARDIN CHAPEL,36.2,-82.83
202307,181771,1125973,1,3.0,SSE,JONESBORO,36.2599,-82.4494
202307,181771,1125973,2,4.0,SSE,JONESBORO,36.2465,-82.4425
202307,181771,1125973,3,5.0,SSE,JONESBORO,36.2331,-82.4357
202307,181771,1125973,4,6.0,S,JONESBORO,36.2132,-82.47
202307,181771,1125973,5,1.0,WNW,BIG CHEROKEE,36.2355,-82.4666
202307,181770,1107000,1,1.38,S,COPPER RIDGE,36.11,-83.92
202307,181770,1107001,1,0.89,SW,SOUTH PITTSBURG,35.02,-85.71
202307,181770,1107002,1,0.57,W,CHICKAMAUGA,35.07,-85.26
202307,181770,1107003,1,0.69,N,PINE HILL,35.08,-85.0
202307,181770,1107004,1,1.38,N,HARBISON,36.14,-83.85
202307,181770,1107005,1,0.57,W,CHICKAMAUGA,35.07,-85.26
202307,181506,1105383,1,0.69,S,DUNLAP,35.37,-85.38
202307,181506,1105387,1,1.78,NE,RATHBURN,35.3,-85.15
202307,181506,1105388,1,0.69,S,CHICKAMAUGA,35.06,-85.25
202307,181772,1107012,1,0.89,SW,IDEAL VLY,35.69,-84.89
202307,181772,1107013,1,2.76,S,SAMPSON,35.63,-85.27
202307,181772,1107014,1,0.69,N,EUREKA,35.28,-84.87
202307,181772,1107016,1,1.49,SSE,PATTY,35.21,-84.64
202307,181772,1107018,1,1.13,E,SEQUATCHIE,35.12,-85.58
202308,181733,1106615,1,0.76,NNE,BRADYVILLE,35.74,-86.1645
202308,181733,1106616,1,0.36,NNE,MANCHESTER,35.4846,-86.0771
202307,181772,1107019,1,0.57,W,SIGNAL MTN,35.13,-85.36
202307,181772,1126047,1,1.49,NNE,SUBURBAN HILLS,35.92,-84.04
202307,181772,1126047,2,2.0,W,BEARDEN,35.93,-84.0358
202307,181772,1126047,3,2.5,W,BEARDEN,35.93,-84.0447
202307,181772,1126047,4,1.3,N,SUBURBAN HILLS,35.9188,-84.05
202307,181772,1126051,1,3.0,SW,SEYMOUR,35.8493,-83.7579
202307,181772,1126051,2,0.5,S,SEYMOUR,35.8728,-83.72
202307,181772,1126051,3,1.0,NW,PITNER,35.8902,-83.7626
202307,181772,1126051,4,2.0,WNW,PITNER,35.8911,-83.783
202307,181772,1126051,5,3.0,WSW,PITNER,35.8634,-83.7995
202307,181772,1126055,1,2.0,NW,TEN MILE,35.6905,-84.7052
202307,181772,1126055,2,1.8,NNW,TEN MILE,35.6941,-84.6923
202307,181772,1126055,3,1.25,NNW,TEN MILE,35.6867,-84.6885
202307,181772,1126055,4,1.25,NW,TEN MILE,35.6828,-84.6958
202307,181772,1126058,1,0.69,N,WALDEN CREEK,35.79,-83.63
202307,181772,1126058,2,0.8,NNE,WALDEN CREEK,35.7907,-83.6245
202307,181772,1126058,3,0.5,NE,WALDEN CREEK,35.7851,-83.6237
202307,181772,1126058,4,0.4,N,WALDEN CREEK,35.7858,-83.63
202307,181772,1126059,1,1.49,NNW,GREENBRIER,35.72,-83.39
202307,181772,1126059,2,2.5,S,PITTMAN CENTER,35.7338,-83.4
202307,181772,1126059,3,2.7,SSW,PITTMAN CENTER,35.7339,-83.4184
202307,181772,1126059,4,4.0,S,PITTMAN CENTER,35.7121,-83.4
202307,182323,1110863,1,0.56,W,MILLS CREEK,36.25,-84.03
202308,181733,1106617,1,1.63,WNW,HOODOO,35.643,-86.2042
202308,181733,1106618,1,2.56,WSW,IVY BLUFF,35.65,-86.0883
202308,181733,1106621,1,0.57,S,WOODBURY,35.8219,-86.0782
202308,181733,1106622,1,2.28,NE,SHEYBOGAN,35.7725,-86.0401
202308,181733,1106623,1,0.28,SE,MT LEO,35.6675,-85.7461
202307,182323,1110865,1,0.89,SW,ZION HILL,35.39,-84.54
202307,182323,1110866,1,1.83,ESE,SNOW HILL,35.17,-85.02
202307,182327,1110883,1,0.56,E,KINGSTON,35.87,-84.51
202307,182327,1110886,1,0.0,N,ROBERTSON,35.72,-84.38
202307,182327,1110887,1,0.89,NW,GUNTOWN,36.41,-82.99
202307,182327,1110889,1,2.76,S,HOWARD,35.51,-84.17
202307,182327,1110892,1,0.56,E,MALONEYVILLE,36.08,-83.82
202308,181733,1106619,1,2.0,ESE,IVY BLUFF,35.6606,-86.0163
202308,181733,1106620,1,0.61,WNW,BRYANMILL,35.5728,-85.9403
202308,181733,1106624,1,0.3,NNW,CRISP SPG,35.6741,-85.8816
202308,181733,1106625,1,1.19,NW,MC MINNVILLE ARPT FL,35.7138,-85.8428
202308,181733,1106626,1,1.08,SW,DIBRELL,35.8096,-85.7945
202308,181733,1106627,1,1.3,N,BETHANY,35.7188,-85.872
202308,181733,1106628,1,1.69,SE,SPARTA,35.9106,-85.4516
202307,182327,1110893,1,1.12,W,MOSHEIM,36.2,-82.97
202307,182327,1110894,1,0.89,SE,KINGSPORT,36.54,-82.54
202307,182327,1110895,1,0.69,N,ST JAMES,36.04,-82.95
202307,182327,1110896,1,0.69,S,VALLEY FORGE,36.29,-82.18
202307,182327,1110897,1,0.56,E,JOHNSON CITY,36.32,-82.34
202307,182327,1110898,1,0.56,W,FORD CHAPEL,36.42,-83.69
202307,182327,1110899,1,0.69,N,CAMPBELL ARPT,36.34,-84.17
202308,183412,1120640,1,2.62,WSW,ALPHA,36.16,-83.42
202308,183412,1120641,1,0.56,W,DUNLAP,35.38,-85.39
202308,183412,1120642,1,1.11,W,MORRISTOWN,36.22,-83.3
202308,183412,1120643,1,0.89,NE,OAKDALE,35.99,-84.56
202308,183412,1120644,1,0.56,E,MORGANTOWN,35.5,-85.01
202308,183412,1120645,1,0.56,W,FARRAGUT,35.88,-84.18
202308,185031,1133756,1,0.09,N,WOODLAND MILLS,36.5013,-89.12
202308,183412,1120648,1,1.33,ESE,ANTIOCH,35.01,-85.66
202308,183412,1120651,1,0.0,N,(CHA)LOVELL FLD CHAT,35.03,-85.2
202308,183412,1120653,1,0.0,N,RICEVILLE,35.38,-84.7
202308,183412,1120654,1,0.0,N,ATHENS,35.45,-84.6
202308,183412,1120656,1,0.69,S,CHANDLER,35.82,-83.98
202308,183412,1120658,1,0.69,N,LOVELL,35.91,-84.15
202308,184791,1131500,1,0.0,N,DYER,36.07,-89.0
202308,184791,1131500,2,1.13,ENE,DYER,36.0744,-88.9804
202308,184791,1131500,3,1.56,SE,DYER,36.0567,-88.9774
202308,184791,1131500,4,0.84,S,DYER,36.0579,-88.9977
202308,183412,1120659,1,0.69,S,GRAHAM MILL,36.17,-82.53
202308,183412,1120660,1,0.0,N,DANDRIDGE,36.02,-83.42
202308,183412,1120661,1,1.81,ESE,FRENCH MILL,36.01,-83.47
202308,183412,1120662,1,0.56,E,FT LOUDOUN LAKE,35.77,-84.19
202308,183412,1120663,1,0.89,NW,SHADY GROVE,35.78,-83.46
202308,183412,1120664,1,0.56,W,GREENEVILLE ARPT,36.18,-82.83
202308,183573,1121747,1,1.11,E,CHURCH HILL,36.52,-82.7
202308,183573,1121748,1,0.0,N,NEW MARKET,36.1,-83.55
202308,183573,1121749,1,1.81,ENE,PEDIGO,36.11,-83.97
202308,183573,1121751,1,0.89,SW,HODGES,36.07,-83.64
202308,183573,1121752,1,0.69,N,BLAINE,36.16,-83.7
202308,184791,1131501,1,0.96,ESE,WALNUT LOG,36.4666,-89.3032
202308,184791,1131501,2,0.39,ESE,WALNUT LOG,36.4678,-89.3135
202308,184791,1131501,3,1.41,SSE,WALNUT LOG,36.4511,-89.3105
202308,184791,1131501,4,1.13,WNW,MIDWAY,36.4567,-89.2986
202308,184791,1131502,1,0.85,NNE,LANEVIEW,36.0417,-88.8951
202308,184791,1131502,2,0.51,NE,LANEVIEW,36.0342,-88.8926
202308,184791,1131502,3,2.25,NE,LANEVIEW,36.0521,-88.8705
202308,184791,1131502,4,2.13,NNE,LANEVIEW,36.0559,-88.8794
202308,184791,1131503,1,5.0,E,RUTHERFORD,36.13,-88.8904
202308,184791,1131503,2,0.31,SW,GOOD LUCK,36.117,-88.904
202308,184791,1131503,3,0.72,SSE,GOOD LUCK,36.1104,-88.8951
202308,184791,1131503,4,1.39,ESE,GOOD LUCK,36.1098,-88.8786
202308,184791,1131503,5,1.32,W,FOUR PTS,36.1184,-88.8735
202308,184791,1131504,1,2.92,NW,UNION CITY,36.4541,-89.0812
202308,184791,1131504,2,2.1,N,HIGHLAND,36.4501,-89.0256
202308,184791,1131504,3,1.08,S,HIGHLAND,36.4047,-89.0233
202308,184791,1131504,4,2.35,WSW,UNION CITY,36.4046,-89.0876
202308,183412,1120665,1,0.0,N,ELLISONS STORE,36.35,-83.87
202308,183412,1120666,1,1.38,S,BUNGALOW TOWN,35.75,-84.0
202308,183412,1120667,1,2.07,N,APALACHIA,35.2,-84.4
202308,183412,1120668,1,0.56,E,FLAG POND,36.02,-82.54
202308,183412,1120669,1,0.0,N,LOUDON,35.73,-84.35
202308,183412,1120670,1,0.69,S,CATES XRDS,35.97,-83.57
202308,183573,1121753,1,0.69,S,HODGES,36.07,-83.63
202308,183573,1121755,1,0.89,NW,JEFFERSON CITY,36.13,-83.49
202308,183573,1121756,1,1.49,SSE,SPRINGDALE,36.5,-82.54
202308,183573,1121758,1,1.78,SE,GREENEVILLE ARPT,36.16,-82.8
202308,183573,1121759,1,0.56,E,ELIZABETHTON,36.35,-82.21
202308,183573,1121761,1,1.32,WSW,DAISY,35.24,-85.22
202308,184791,1131505,1,1.24,E,MT PELIA,36.3207,-88.9078
202308,184791,1131505,2,1.49,ENE,MT PELIA,36.3301,-88.9064
202308,184791,1131505,3,1.46,SSE,GARDNER,36.3495,-88.8941
202308,184791,1131505,4,0.87,NNW,MARTIN,36.361,-88.8576
202308,184791,1131505,5,0.83,WSW,RALSTON,36.3247,-88.8134
202308,184791,1131505,6,2.52,SSW,MARTIN,36.3152,-88.8632
202308,184791,1131506,1,1.49,NNE,GREENFIELD,36.17,-88.79
202308,184791,1131506,2,1.86,N,GREENFIELD,36.1764,-88.7937
202308,184791,1131506,3,1.97,N,GREENFIELD,36.1785,-88.7984
202308,184791,1131506,4,1.46,N,GREENFIELD,36.1711,-88.7996
202308,184791,1131507,1,1.87,ESE,LAWRENCE,35.6405,-88.7688
202308,184791,1131507,2,1.3,WNW,JACKSON,35.6287,-88.8505
202308,184791,1131507,3,3.0,W,GILMORE,35.6826,-88.8733
202308,184791,1131507,4,1.79,E,GILMORE,35.6813,-88.7881
202308,183412,1120671,1,1.26,W,SHADY GROVE,35.9728,-83.5022
202308,183412,1129312,1,0.0,N,LUMINARY,35.7,-85.0
202308,183412,1129437,1,1.75,NNE,MIDTOWN,35.8927,-84.5362
202308,183412,1133791,1,2.3,ENE,NEW MARKET,36.1127,-83.5119
202308,183412,1133791,2,2.2,WSW,JEFFERSON CITY,36.1078,-83.5164
202308,183412,1133791,3,2.3,E,NEW MARKET,36.1,-83.5088
202308,183412,1133791,4,1.7,WSW,JEFFERSON CITY,36.1106,-83.5081
202308,183412,1133793,1,4.0,SW,GREENEVILLE,36.1291,-82.8807
202308,183412,1133793,2,3.0,WSW,GREENEVILLE,36.1534,-82.8797
202308,183412,1133793,3,1.5,N,STAUNTON MILL,36.1517,-82.85
202308,183412,1133793,4,0.5,E,STAUNTON MILL,36.13,-82.841
202308,183418,1120675,1,0.89,SE,SEQUATCHIE,35.11,-85.59
202308,183573,1121763,1,0.69,N,MASHBURN,35.44,-84.53
202308,183573,1121765,1,0.89,NW,VALLEY HOME,36.16,-83.34
202308,183573,1121766,1,1.49,SSW,SNEEDVILLE,36.51,-83.23
202308,183573,1121768,1,0.0,N,CHARLESTON,35.28,-84.77
202308,183573,1121769,1,0.0,N,TAZEWELL,36.45,-83.57
202308,184891,1132091,1,1.49,SSW,DRY HILL,35.81,-89.51
202308,183418,1120676,1,1.78,SE,RATHBURN,35.26,-85.15
202308,183418,1133797,1,3.0,NNE,KNOXVILLE,36.0101,-83.9095
202308,183418,1133797,2,4.0,N,KNOXVILLE,36.0279,-83.93
202308,183418,1133797,3,1.0,N,CEDAR BLUFF,35.9345,-84.1
202308,183418,1133797,4,1.0,S,CEDAR BLUFF,35.9055,-84.1
202308,183418,1133797,5,2.0,SW,KNOXVILLE,35.9495,-83.9553
202308,183418,1133799,1,0.4,N,UNIVERSITY,35.9558,-83.95
202308,183418,1133799,2,1.2,NNW,UNIVERSITY,35.9661,-83.9582
202308,183418,1133799,3,0.6,WSW,KNOXVILLE,35.9667,-83.9399
202308,183418,1133799,4,1.0,SSW,KNOXVILLE,35.9566,-83.9368
202308,183418,1133800,1,0.69,S,BUNGALOW TOWN,35.76,-84.0
202308,183418,1133800,2,1.0,NNW,MARYVILLE,35.7634,-83.9768
202308,183418,1133800,3,2.5,NNW,MARYVILLE,35.7834,-83.9871
202308,183418,1133800,4,3.0,NW,MARYVILLE,35.7807,-84.0078
202308,183518,1121356,1,0.56,E,HALLS XRDS,36.08,-83.92
202308,183518,1121359,1,2.36,ENE,SEQUATCHIE,35.13,-85.56
202308,183573,1121787,1,0.57,SSW,STEWART HILL,36.292,-82.5023
202308,183573,1121787,2,0.8,SSW,JONESBORO,36.289,-82.4746
202308,183573,1121789,1,0.67,W,WOODLAWN,36.27,-82.482
202308,183573,1134662,1,0.0,WNW,BLAINE,36.15,-83.7
202308,183573,1134662,2,0.5,N,BLAINE,36.1572,-83.7
202308,183573,1134662,3,2.0,WNW,BLAINE,36.1611,-83.7331
202308,183573,1134662,4,2.0,W,BLAINE,36.15,-83.7359
202308,183573,1134667,1,1.5,SSE,ENGLEWOOD,35.4099,-84.4698
202308,183573,1134667,2,1.5,SW,ENGLEWOOD,35.4147,-84.4988
202308,183573,1134667,3,1.0,NW,ENGLEWOOD,35.4402,-84.4926
202308,183573,1134667,4,1.0,NE,ENGLEWOOD,35.4402,-84.4674
202308,183573,1134672,1,1.0,NW,DOTSONTOWN,36.2402,-82.6427
202308,183573,1134672,2,1.0,W,DOTSONTOWN,36.23,-82.6479
202308,183573,1134672,3,0.5,W,DOTSONTOWN,36.23,-82.639
202308,183573,1134672,4,0.5,NNW,DOTSONTOWN,36.2367,-82.6334
202308,183518,1121360,1,0.89,SW,DE LAP,36.34,-84.16
202308,183518,1121362,1,2.64,WSW,COULTERVILLE,35.4,-85.16
202308,183518,1121364,1,2.76,S,LEWIS CHAPEL,35.29,-85.32
202308,183518,1121365,1,2.76,S,LEWIS CHAPEL,35.29,-85.32
202308,183518,1121367,1,0.89,SE,DEER LODGE,36.19,-84.74
202308,183518,1121379,1,0.89,SW,ROBBINS,36.34,-84.59
202308,183573,1134674,1,1.32,ESE,TELLICO PLAINS,35.36,-84.28
202308,183573,1134674,2,1.2,ESE,TELLICO PLAINS,35.3634,-84.2803
202308,183573,1134674,3,1.3,ESE,TELLICO PLAINS,35.3628,-84.2787
202308,183573,1134674,4,1.4,ESE,TELLICO PLAINS,35.3623,-84.277
202308,183573,1137848,1,1.07,WSW,DENNIS COVE,36.2647,-82.138
202308,183573,1137848,2,1.56,ESE,DENNIS COVE,36.2629,-82.0935
202308,183573,1137870,1,3.31,E,DENNIS COVE,36.2619,-82.0614
202308,183573,1137870,2,3.79,WSW,ELK MILLS,36.2531,-82.0447
202308,183573,1134664,1,2.5,NW,ATHENS,35.4756,-84.6314
202308,183573,1134664,2,5.0,E,ATHENS,35.45,-84.5112
202308,183573,1134664,3,5.3,ESE,ATHENS,35.4207,-84.513
202308,183573,1134664,4,2.0,W,ATHENS,35.45,-84.6355
202308,183573,1134668,1,3.0,SSW,WHITE PINE,36.0799,-83.3006
202308,183573,1134668,2,2.0,WSW,WHITE PINE,36.1089,-83.3131
202308,183573,1134668,3,1.0,N,WHITE PINE,36.1345,-83.28
202308,183573,1134668,4,2.0,ESE,WHITE PINE,36.1089,-83.2469
202308,183573,1134668,5,3.0,S,WHITE PINE,36.0766,-83.28
202308,183518,1121381,1,2.18,NE,MONTAGUE,35.47,-85.07
202308,183518,1121383,1,1.49,SSW,DEERMONT,36.01,-84.59
202308,183518,1121387,1,0.56,W,WHITES VLG,35.93,-83.89
202308,183518,1121393,1,3.13,WNW,LEES STATION,35.57,-85.3
202308,183518,1121395,1,0.69,N,IRWIN,36.34,-83.83
202308,183518,1121397,1,1.31,ENE,POWELL ARPT,36.06,-83.98
202308,183573,1134671,1,7.0,SW,TELLICO PLAINS,35.2984,-84.3878
202308,183573,1134671,2,7.0,NW,TELLICO PLAINS,35.4416,-84.3879
202308,183573,1134671,3,15.0,ENE,TELLICO PLAINS,35.4531,-84.0539
202308,183573,1134671,4,15.0,ESE,TELLICO PLAINS,35.2869,-84.0542
202308,183573,1134671,5,7.0,SSE,TELLICO PLAINS,35.2764,-84.2525
202308,183573,1134671,6,2.0,S,COKER CREEK,35.2411,-84.3
202308,183518,1121399,1,0.69,S,GOODFIELD,35.46,-84.83
202308,183518,1121400,1,0.56,E,SWEETWATER,35.6,-84.46
202308,183518,1121401,1,1.32,ENE,FAIRVIEW,35.46,-84.55
202308,183518,1121403,1,1.49,NNW,THORN HILL,36.39,-83.43
202308,183518,1121404,1,0.89,SE,LAVENDER,36.19,-84.76
202308,183518,1121405,1,1.78,SW,HICKORY STAR LNDG,36.26,-83.84
202308,183412,1137802,1,5.03,NNE,OLD CUMBERLAND,35.6182,-85.3489
202308,183412,1137802,2,1.66,NNW,COOPER MILL,35.6507,-85.1851
202308,183518,1121406,1,0.69,N,ARLINGTON,36.01,-83.95
202308,183518,1121407,1,2.17,SW,KIMBERLIN HGTS,35.91,-83.78
202308,183518,1121408,1,0.89,SW,MOORELAND HGTS,35.91,-83.91
202308,183518,1121411,1,2.36,NNW,MC MAHAN,35.93,-83.49
202308,183518,1121412,1,1.78,NW,SIXMILE,35.69,-83.99
202308,183518,1121413,1,1.31,WSW,JOHN SEVIER STATION,36.02,-83.87
202308,183518,1121414,1,1.49,SSW,JACKSBORO,36.31,-84.19
202308,183518,1121415,1,1.78,NW,SCARBORO,36.0,-84.24
202308,183518,1121417,1,0.0,N,BURLINGTON,36.0,-83.85
202308,183518,1121418,1,1.38,S,SEVIERVILLE,35.85,-83.57
202308,183518,1121419,1,0.89,SE,BYBEE,36.04,-83.17
202308,183518,1121420,1,1.49,NNE,PINE GROVE,35.84,-83.57
202308,183518,1121422,1,1.32,WNW,PITNER,35.89,-83.77
202308,183518,1121423,1,1.38,N,COFFEE RIDGE,36.05,-82.52
202308,183518,1121424,1,0.69,N,KINZEL SPGS,35.69,-83.8
202308,183518,1121425,1,1.31,WSW,FLAT GAP,36.06,-83.5
202308,183518,1133802,1,3.55,SE,COAL HILL,36.26,-84.56
202308,183518,1133802,2,4.0,E,GLENMARY,36.32,-84.5482
202308,183518,1133802,3,2.0,E,GLENMARY,36.32,-84.5841
202308,183518,1133802,4,2.0,SE,GLENMARY,36.2995,-84.5946
202308,183518,1133803,1,1.0,NE,SEYMOUR,35.8902,-83.7074
202308,183518,1133803,2,1.0,N,SEYMOUR,35.8945,-83.72
202308,183518,1133803,3,1.0,N,PITNER,35.8945,-83.75
202308,183518,1133803,4,1.5,WNW,PITNER,35.8883,-83.7748
202308,183518,1133803,5,1.5,WSW,PITNER,35.8717,-83.7748
202308,183518,1133803,6,1.0,E,PITNER,35.88,-83.7321
202308,185097,1133847,1,1.3,WNW,LIPE,36.0364,-88.1919
202308,185097,1133847,2,2.09,ENE,EVA,36.0836,-87.9866
202308,185097,1133842,1,0.49,E,LAVINIA,35.8492,-88.6613
202308,185097,1133842,2,2.05,S,MARLBOROUGH,36.0704,-88.2684
202308,182331,1112176,1,1.35,NNE,CAVE CREEK,35.8367,-84.3675
202308,182331,1112176,2,1.58,NE,CAVE CREEK,35.835,-84.3587
202308,182331,1112177,1,1.32,ENE,CAVE CREEK,35.83,-84.36
202308,182331,1112178,1,1.82,ENE,CAVE CREEK,35.83,-84.35
202308,182331,1112179,1,1.31,NE,CAVE CREEK,35.8354,-84.3663
202308,182331,1133790,1,1.0,N,TUSCULUM,36.1845,-82.75
202308,182331,1133790,2,2.0,NW,TUSCULUM,36.1905,-82.7754
202308,182331,1133790,3,1.5,NNE,GREENEVILLE,36.1901,-82.8197
202308,182331,1133790,4,1.0,NW,GREENEVILLE,36.1802,-82.8427
202308,182331,1133790,5,1.0,SW,GREENEVILLE,36.1598,-82.8427
202308,182331,1133790,6,1.0,SW,TUSCULUM,36.1598,-82.7627
202308,183412,1120634,1,1.01,NE,BYRDS CHAPEL,35.9308,-84.158
202308,183412,1120634,2,0.98,NW,GULF PARK,35.9397,-84.0928
202308,183412,1120635,1,0.0,N,CARYVILLE,36.3,-84.22
202308,183412,1120636,1,1.49,NNW,DE LAP,36.37,-84.16
202308,183412,1120638,1,1.49,NNE,CONDON,36.2,-83.77
202308,183412,1120639,1,0.69,N,PIKEVILLE,35.61,-85.2
202307,182326,1110881,1,0.56,E,MT CARMEL,36.55,-82.64
202307,182326,1110882,1,0.69,N,CHURCH HILL,36.53,-82.72
202307,184087,1125835,1,1.25,NE,NEW LINE,36.2128,-83.3142
202307,184087,1125835,2,2.0,WSW,MORRISTOWN,36.2089,-83.3132
202307,184087,1125835,3,2.75,WSW,MORRISTOWN,36.2048,-83.3256
202307,184087,1125835,4,1.0,NNE,NEW LINE,36.2134,-83.3231
202307,184098,1125922,1,2.0,SE,BRISTOL,36.5595,-82.1545
202307,184098,1125922,2,2.0,SW,BRISTOL,36.5595,-82.2055
202307,184098,1125922,3,2.5,WNW,BRISTOL,36.5939,-82.2216
202307,184098,1125922,4,1.35,NE,BRISTOL,36.5938,-82.1628
202305,180474,1102255,1,1.49,SSW,BEVERLY,36.01,-83.91
202305,180474,1102255,2,1.0,N,MALONEYVILLE,36.0945,-83.83
202305,180474,1102255,3,1.0,E,MALONEYVILLE,36.08,-83.8121
202305,180474,1102255,4,2.0,SSE,KNOXVILLE DOWNTOWN I,35.9433,-83.8663
202305,180474,1102255,5,2.0,SSE,KNOXVILLE,35.9433,-83.9163
202309,186120,1142268,1,1.83,WSW,NORTH,35.17,-90.06
202309,183909,1124757,1,2.86,ESE,HARR,36.57,-81.93
202309,186127,1142280,1,1.31,WNW,HYNDSVER,36.38,-88.79
202309,183912,1124765,1,2.33,WSW,MOORESBURG,36.34,-83.26
202309,183912,1124767,1,0.89,SW,HARDIN CHAPEL,36.21,-82.84
202309,183912,1124768,1,0.56,E,UPCHURCH,36.25,-82.76
202309,183912,1124770,1,0.89,SW,BROYLESVILLE,36.21,-82.61
202309,183912,1124771,1,0.89,NW,WASHINGTON COLLEGE,36.23,-82.58
202309,183912,1124780,1,0.56,W,VALLEY FORGE,36.3,-82.19
202309,183910,1124758,1,0.56,W,DE LAP,36.35,-84.16
202309,183910,1124759,1,0.56,E,MINTON MILL,36.52,-83.69
202309,183910,1134684,1,2.0,NW,HARROGATE,36.6005,-83.6755
202309,183910,1134684,2,1.0,WSW,CUMBERLAND GAP,36.5945,-83.6667
202309,183910,1134684,3,0.5,W,CUMBERLAND GAP,36.6,-83.659
202309,183910,1134684,4,1.5,NNW,HARROGATE,36.6001,-83.6604
202309,183909,1124756,1,2.86,ESE,HARR,36.57,-81.93
202309,184404,1128847,1,0.17,ESE,MURFREESBORO ARPT,35.8787,-86.3775
202309,185855,1140774,1,2.19,NW,GERMANTOWN,35.1,-89.85
202309,185855,1140775,1,0.65,NW,WILDERSVILLE,35.7874,-88.3774
202312,186488,1152101,1,0.9,SSW,CUMBERLAND SPGS,35.3184,-86.3072
202312,186488,1152102,1,1.61,NNE,LOIS,35.2515,-86.3592
202312,186479,1144372,1,1.02,SW,CLAYLICK,36.1601,-87.2335
202312,186479,1144372,2,3.84,ENE,CLAYLICK,36.183,-87.153
202312,186479,1144373,1,1.3,W,GRIFFINTOWN,36.183,-87.153
202312,186479,1144373,2,2.56,SE,GRAVELOTTE,36.207,-86.984
202312,186479,1144375,1,3.68,WSW,SCOTTSBORO,36.207,-86.984
202312,186479,1144375,2,0.79,ESE,SCOTTSBORO,36.2162,-86.9066
202312,186479,1144376,1,2.65,SW,SPRINGFIELD,36.4689,-86.9078
202312,186479,1144376,2,1.1,ENE,OAKLAND,36.5052,-86.8113
202312,186479,1144554,2,1.41,NNE,EDENWOLD,36.297,-86.656
202312,186479,1144554,1,0.91,WNW,MADISON,36.255,-86.7852
202312,186479,1144555,1,1.46,W,ROCKLAND,36.297,-86.656
202312,186479,1144555,2,1.32,SSE,CHIPMAN,36.433,-86.269
202312,186488,1152100,1,1.76,N,RAYSVILLE,35.3554,-86.3203
202312,186488,1152103,1,1.93,W,HURDLOW,35.1759,-86.3638
202312,186479,1144556,1,2.18,W,TEMPLOW,36.433,-86.269
202312,186479,1144556,2,1.89,WNW,WILLARD,36.4567,-86.2129
202312,186479,1144557,1,0.27,SW,CLEMENTSVILLE,36.6169,-85.723
202312,186479,1144557,2,0.11,E,CLEMENTSVILLE,36.62,-85.718
202312,186479,1144562,1,1.0,SE,CHARLOTTE,36.1698,-87.3173
202312,186479,1144563,1,7.0,NE,COLLINWOOD,35.2516,-87.6623
202312,186479,1144564,1,5.0,SW,CEDAR HILL,36.4988,-87.0637
202312,186479,1144565,1,6.0,WNW,MADISON,36.2832,-86.8695
202312,186479,1144566,1,2.43,WNW,TEMPLOW,36.4473,-86.2681
202312,186479,1144567,1,0.64,NNW,LIBERTY GROVE,35.038,-87.3858
202312,186690,1145694,1,1.31,ENE,SKAGGSTON,36.09,-83.75
202312,186690,1145695,1,0.56,E,MOORELAND HGTS,35.92,-83.89
202312,186690,1145696,1,3.0,SSW,RED BANK,35.1099,-85.3003
202312,186479,1144568,1,1.18,ENE,FLOWERTOWN,35.404,-86.2296
202312,186479,1151973,1,1.38,N,SYCAMORE LNDG,35.95,-87.92
202312,187762,1153073,1,2.0,S,ASBURY,35.9211,-83.83
202312,187762,1153073,2,2.0,S,SOUTH KNOXVILLE,35.9011,-83.92
202312,187762,1153073,3,1.0,N,SOUTH KNOXVILLE,35.9445,-83.92
202312,187762,1153073,4,1.0,N,ASBURY,35.9645,-83.83
202312,186479,1144347,1,1.64,ENE,BEAR SPG,36.4931,-87.7453
202312,186479,1144347,2,3.51,ENE,INDIAN MOUND,36.5201,-87.622
202312,186479,1144350,1,2.43,WSW,OAKWOOD,36.5201,-87.622
202312,186479,1144350,2,0.82,W,OAKWOOD,36.5277,-87.5945
202312,186479,1144360,1,2.31,NE,WOODLAWN,36.5746,-87.4718
202312,186479,1144360,2,1.53,N,KENNEDY,36.642,-87.2833
202312,186479,1144368,1,1.62,SSW,WOODS VLY,36.2793,-87.4138
202312,186479,1144368,2,1.82,NNE,STAYTON,36.3029,-87.3137
202403,188541,1158725,1,2.2,WSW,NEW HAVEN,35.2864,-87.5652
202403,188541,1158728,1,1.36,WNW,DEERFIELD,35.3092,-87.5013
202403,188541,1158731,1,0.87,WSW,SUMAC,35.2468,-86.965
202403,188541,1158732,1,0.09,WSW,HENRYVILLE,35.3997,-87.4016
202403,188541,1158734,1,0.99,NE,DUPLEX,35.7605,-86.838
202403,188541,1158743,1,1.68,E,CLIFTON HASSELL ARPT,35.3791,-87.9402
202403,188541,1158744,1,1.24,E,SOUTH HIGHLAND,35.2299,-87.7281
202403,188541,1159190,1,1.22,WSW,BRACE,35.3659,-87.3411
202408,195843,1211303,1,0.89,NW,OAKHURST,35.76,-83.96
202408,195843,1211302,1,1.31,WSW,MORRISTOWN,36.21,-83.3
202408,195848,1211318,1,0.89,NE,SNEEDVILLE,36.54,-83.21
202408,195848,1211319,1,0.0,N,BARNARDSVILLE,35.75,-84.6
202408,195848,1211320,1,0.0,N,GULF PARK,35.93,-84.08
202408,195843,1211298,1,1.32,WSW,BYRDS CHAPEL,35.91,-84.19
202408,195843,1211295,1,0.89,NE,HILLVALE,36.19,-84.09
202408,195843,1211296,1,0.56,W,MAYNARDVILLE,36.25,-83.81
202408,195843,1211297,1,1.81,WSW,ROBINSON,35.94,-84.2
202408,195843,1211299,1,1.49,NNE,TAMPICO,36.22,-83.54
202408,195843,1211300,1,1.49,SSE,MILLERTOWN,36.01,-83.82
202408,195843,1211301,1,0.0,N,NEW MARKET,36.1,-83.55
202408,195848,1211321,1,0.89,NW,PIGEON FORGE,35.79,-83.56
202408,195848,1211322,1,0.56,W,(TRI)TRI CITY ARPT B,36.48,-82.41
202408,195848,1211323,1,1.77,NE,AVOCA,36.57,-82.21
202408,195848,1211324,1,1.17,SSW,PROVIDENCE,35.8344,-83.7882
202408,195935,1211728,1,0.5,ESE,INDIAN RIDGE,36.3283,-82.4112
202408,195935,1211728,2,1.55,SE,CROUCH XRD,36.3529,-82.4019
202408,195935,1211728,3,0.55,NNW,PRINCETON,36.3773,-82.3739
202408,195935,1211728,4,1.03,ENE,PRINCETON,36.3729,-82.3519
202408,195935,1211728,5,1.8,NNE,CARNEGIE,36.3434,-82.3156
202408,195935,1211728,6,1.21,SSW,CARNEGIE,36.3029,-82.3347
202408,195935,1211728,7,0.55,WNW,Y SECTION,36.2817,-82.3796
202408,195851,1211349,1,0.0,N,ROBBINS,36.35,-84.58
202408,195848,1211350,1,0.46,SE,PAINT ROCK,35.745,-84.5145
202408,195851,1211351,1,0.49,ESE,(TYS)MCGHEE TYSON KN,35.8161,-83.9927
202408,195935,1211734,1,0.38,NNE,GREENEVILLE,36.1752,-82.8279
202408,195935,1211734,2,1.34,NW,BRADBURN HILL,36.191,-82.7899
202408,195935,1211734,3,0.96,NNE,TUSCULUM,36.183,-82.7439
202408,195935,1211734,4,0.76,SE,TUSCULUM,36.1619,-82.7408
202408,195935,1211734,5,1.26,NE,STAUNTON MILL,36.143,-82.8342
202408,195935,1211737,1,1.11,W,CUMBERLAND GAP,36.6,-83.67
202408,195935,1211737,2,0.86,E,CUMBERLAND GAP,36.5985,-83.6346
202408,195935,1211737,3,0.89,SW,FORGE RIDGE,36.5596,-83.6296
202408,195935,1211737,4,0.87,S,FIBRE,36.5674,-83.6791
202408,195848,1211327,1,0.56,E,LOVELL,35.9007,-84.14
202408,195851,1211331,1,1.33,WNW,LOOKOUT MTN,34.99,-85.29
202408,195848,1211325,1,0.47,NE,SOUTH KNOXVILLE,35.9352,-83.9146
202408,195848,1211326,1,1.43,W,PITNER,35.8789,-83.7756
202408,195851,1211332,1,0.89,NW,KIMBALL,35.06,-85.69
202408,195851,1211335,1,1.33,ESE,GLOVER HILL,35.06,-85.63
202408,195851,1211337,1,0.56,E,WHITWELL,35.2,-85.52
202408,195851,1211344,1,0.69,N,FLINT SPGS,35.04,-84.92
202408,195851,1211345,1,1.38,S,FALLING WATER,35.2,-85.25
202408,195851,1211338,1,0.0,N,LONE OAK,35.2,-85.37
202408,195851,1211340,1,0.69,S,SUMMERTOWN,35.16,-85.32
202408,195851,1211346,1,2.19,NE,OCOEE,35.15,-84.7
202408,195851,1211347,1,1.32,ESE,BENTON,35.17,-84.65
202408,195851,1211348,1,1.31,ESE,BIG CREEK,36.49,-83.33
202401,188930,1161944,1,6.0,SSW,GATLINBURG,35.6398,-83.5609
202401,188930,1161944,2,7.0,SE,GATLINBURG,35.6484,-83.4318
202401,188930,1161944,3,8.0,ESE,GATLINBURG,35.6757,-83.3883
202401,188930,1161944,4,2.0,NE,PIGEON FORGE,35.8005,-83.5248
202401,188930,1161944,5,1.0,NW,PIGEON FORGE,35.7902,-83.5626
202401,188930,1161948,1,1.5,SSE,WILDWOOD,35.7799,-83.8598
202401,188930,1161948,2,2.2,SSE,WILDWOOD,35.7706,-83.855
202401,188930,1161948,3,2.2,SE,WILDWOOD,35.7775,-83.8422
202401,188930,1161948,4,1.5,SE,WILDWOOD,35.7847,-83.8511
202401,188930,1161943,1,4.0,NNE,DECATUR,35.5735,-84.7728
202401,188930,1161943,2,4.0,NE,DECATUR,35.5609,-84.7497
202401,188930,1161943,3,4.0,S,DECATUR,35.4621,-84.8
202401,188930,1161943,4,4.0,SSW,DECATUR,35.4665,-84.8272
202401,188930,1161943,5,1.5,SW,DECATUR,35.5047,-84.8189
202401,188930,1161954,1,4.0,ESE,SEVIERVILLE,35.8479,-83.504
202401,188930,1161954,2,4.5,ESE,SEVIERVILLE,35.8451,-83.4958
202401,188930,1161954,3,4.0,E,SEVIERVILLE,35.87,-83.4986
202401,188930,1161954,4,3.5,E,SEVIERVILLE,35.87,-83.5075
202207,190585,1171799,1,3.03,N,OZONE,36.5438,-85.2823
202207,190585,1171801,1,6.0,SW,BYRDSTOWN,36.5086,-85.2064
202207,190585,1171808,1,0.0,W,FAIRVIEW,35.98,-87.12
202207,190585,1171802,1,2.81,ESE,PLEASANT VIEW,36.4913,-85.0307
202207,190585,1171794,1,1.0,W,MITCHELLVILLE,36.63,-86.548
202207,190585,1171794,2,5.0,NNW,WESTMORELAND,36.6369,-86.2845
202207,190585,1171804,1,11.29,E,TRAVISVILLE,36.55,-84.8
202207,190585,1171810,1,0.0,W,FAIRVIEW,35.98,-87.12
202207,190585,1171803,1,1.0,N,JAMESTOWN,36.4445,-84.92
202207,190585,1171805,1,1.8,N,SHADY GROVE,36.4957,-87.1746
202207,190585,1171812,1,0.69,N,IRON HILL,35.99,-87.32
202207,190585,1171816,1,0.56,E,LEIPERS FORK,35.9,-86.99
202207,190585,1171806,1,0.69,N,ADAMS,36.59,-87.07
202408,192768,1189564,1,0.11,N,PEYTONA,36.3716,-86.5201
202408,192768,1189565,1,1.8,SSE,PEYTONA,36.3458,-86.5083
202408,192768,1189566,1,0.51,E,UNION HILL,36.329,-86.7709
202207,190585,1171807,1,2.15,SSW,FLEWELLYN,36.45,-86.98
202207,190585,1171809,1,2.0,SE,FAIRVIEW,35.9595,-87.0947
202408,192768,1189567,1,0.0,N,MADISON,36.25,-86.77
202408,192773,1189568,1,7.0,SSE,SHELBYVILLE,35.3864,-86.4224
202207,190585,1171797,1,0.81,SSW,CELINA,36.5398,-85.5072
202402,188684,1160332,1,0.56,W,FAIRVIEW,36.22,-82.78
202402,187632,1152174,1,1.23,WNW,DITTY,36.1082,-85.5995
202402,187632,1152174,2,1.07,SSE,DITTY,36.085,-85.5755
202402,187632,1152174,3,2.5,SE,WILHITE,36.1028,-85.4906
202402,187632,1152174,4,1.77,NNW,CANEY FORK,36.1433,-85.4633
202402,187632,1152174,5,0.33,W,ALGOOD,36.2,-85.4359
202402,187632,1152174,6,1.32,WSW,COOKEVILLE ARPT,36.1949,-85.5029
202402,189129,1163028,1,0.0,N,HIGHLAND PARK,35.8,-84.27
202402,189129,1163029,1,1.66,E,JOHNSON STORE,36.57,-82.69
202402,189129,1163030,1,1.32,WSW,PITNER,35.87,-83.77
202402,189129,1163031,1,0.69,S,CHANDLER,35.82,-83.98
202402,189129,1163032,1,0.89,NE,OAKHURST,35.76,-83.94
202402,189129,1163033,1,0.0,N,LENOIR CITY,35.78,-84.27
202405,191117,1176305,1,1.11,W,RUSSELLVILLE,36.25,-83.22
202405,191117,1176307,1,0.89,NW,BEAN STATION,36.34,-83.29
202405,191117,1176308,1,1.31,WNW,BARTON SPGS,36.24,-83.27
202405,191117,1176319,1,1.68,W,IRISH CUT,36.0,-83.21
202405,191117,1176320,1,1.11,W,GLENMARY,36.32,-84.64
202405,191117,1176321,1,1.38,N,HOPEWELL,35.25,-84.9
202405,191117,1185139,1,1.0,S,PAINT ROCK,35.7355,-84.52
202405,191117,1185139,2,0.5,W,PAINT ROCK,35.75,-84.5289
202405,191117,1185139,3,0.5,N,PAINT ROCK,35.7572,-84.52
202405,191117,1185139,4,1.0,E,PAINT ROCK,35.75,-84.5022
202405,191426,1178714,1,1.49,NNE,FOUNTAIN CITY,36.05,-83.92
202405,191426,1178715,1,0.69,S,MILLERTOWN,36.02,-83.83
202405,191426,1178716,1,1.38,N,LYONTON,36.07,-83.72
202405,191426,1178717,1,0.56,E,JEFFERSON ESTATES,36.15,-83.41
202405,191426,1178718,1,0.56,E,HARTFORD,35.82,-83.14
202405,191426,1178719,1,0.89,SW,HAPPY VLY,35.61,-83.96
202405,191426,1178720,1,1.32,ENE,TOWNSEND,35.68,-83.75
202405,191117,1176322,1,1.49,NNW,HARRIMAN JCT,35.95,-84.53
202405,191117,1176323,1,0.56,E,KINGSTON,35.87,-84.51
202405,191117,1176324,1,1.83,WSW,BLACK FOX,35.11,-84.96
202405,191117,1176325,1,0.56,W,ATHENS,35.45,-84.61
202405,191117,1176326,1,0.56,E,LUSK,35.5,-85.29
202405,191117,1176327,1,1.33,ESE,UNION GROVE,35.07,-84.78
202405,191117,1176328,1,0.89,NE,GOOSENECK,35.76,-84.11
202405,191426,1178722,1,1.8,WNW,BIG CREEK,36.51,-83.38
202405,191426,1178723,1,1.13,E,BENTON,35.18,-84.65
202405,191426,1178724,1,1.78,NE,BENTON,35.2,-84.65
202405,191426,1178725,1,0.56,W,BATLEY,36.03,-84.26
202405,191426,1178726,1,0.0,N,KNOXVILLE,35.97,-83.93
202405,191426,1178727,1,1.78,NE,DANTE,36.05,-83.96
202405,191426,1178728,1,1.78,NE,WILLIAMSBURG,35.8,-83.48
202405,191117,1176329,1,0.57,E,HALETOWN,35.03,-85.54
202405,191117,1176330,1,0.89,NW,OAKHURST,35.76,-83.96
202405,191117,1176331,1,1.81,ENE,NEW MARKET,36.11,-83.52
202405,191117,1176339,1,0.89,SW,DUNLAP,35.37,-85.39
202405,191117,1176340,1,1.32,WNW,HIXON,35.16,-85.25
202405,191117,1176342,1,0.69,S,RED HILL,35.06,-84.9
202405,191426,1178729,1,1.49,NNE,PEDIGO,36.12,-83.99
202405,191426,1178730,1,1.49,NNE,PEDIGO,36.12,-83.99
202405,191426,1178731,1,1.81,ENE,POWELL ARPT,36.06,-83.97
202405,191426,1178732,1,1.49,NNE,HALLS XRDS,36.1,-83.92
202405,191426,1178733,1,0.69,S,BYBEE,36.04,-83.18
202405,191426,1178734,1,1.78,NE,WILLIAMSBURG,35.8,-83.48
202405,191426,1178735,1,0.69,N,CONKLIN,36.21,-82.53
202405,191117,1176344,1,1.69,W,CHARLESTON,35.28,-84.8
202405,191117,1183511,1,1.81,NE,BALL PLAY,35.049,-84.6979
202405,191117,1185140,1,1.0,NNW,PAILO,35.4834,-85.3268
202405,191117,1185140,2,1.0,ENE,PAILO,35.4755,-85.3036
202405,191117,1185140,3,1.0,SE,LEES STATION,35.5398,-85.2374
202405,191117,1185140,4,1.0,WSW,LEES STATION,35.5445,-85.2664
202405,191117,1185141,1,2.0,E,DUNLAP,35.38,-85.3445
202405,191117,1185141,2,2.0,N,DUNLAP,35.409,-85.38
202405,191117,1185141,3,2.0,W,DUNLAP,35.38,-85.4155
202405,191117,1185141,4,3.0,S,DUNLAP,35.3366,-85.38
202405,191117,1185143,1,0.0,NE,OAKDALE,35.98,-84.57
202405,191117,1185143,2,1.0,NE,OAKDALE,35.9902,-84.5574
202405,191117,1185143,3,2.0,ENE,OAKDALE,35.9911,-84.537
202405,191117,1185143,4,1.0,ESE,OAKDALE,35.9745,-84.5535
202405,191117,1185145,1,2.5,SSE,MONTLAKE,35.1866,-85.1031
202405,191117,1185145,2,3.0,SSE,MONTLAKE,35.1799,-85.0997
202405,191117,1185145,3,2.4,W,SNOW HILL,35.18,-85.0925
202405,191117,1185145,4,2.5,WNW,SNOW HILL,35.1939,-85.0909
202405,191117,1185147,1,0.0,N,HELENWOOD,36.43,-84.53
202405,191117,1185147,2,2.0,NE,WINONA,36.4005,-84.4046
202405,191117,1185147,3,0.0,N,WINONA,36.38,-84.43
202405,191117,1185147,4,4.0,S,HUNTSVILLE,36.3621,-84.48
202405,191426,1178736,1,0.0,N,ROCKY FORK,36.03,-82.55
202405,191426,1178737,1,0.0,N,ONEIDA,36.5,-84.52
202405,191426,1178738,1,1.31,ESE,IVYDELL,36.39,-84.11
202405,191426,1178739,1,1.32,WNW,CEDAR BLUFF,35.93,-84.12
202405,191426,1178740,1,0.56,W,RUTLEDGE,36.28,-83.51
202405,191426,1178741,1,0.69,S,SNEEDVILLE,36.52,-83.22
202405,191426,1178742,1,0.89,NE,MC COOKVILLE,35.78,-83.52
202405,191117,1185142,1,1.5,SW,GLENMARY,36.3047,-84.6391
202405,191117,1185142,2,1.0,NW,GLENMARY,36.3302,-84.6327
202405,191117,1185142,3,1.0,E,GLENMARY,36.32,-84.602
202405,191117,1185142,4,1.5,SSE,GLENMARY,36.2999,-84.6097
202405,191426,1178743,1,1.33,WSW,SOUTH PITTSBURG,35.02,-85.72
202405,191426,1178744,1,0.89,SE,GALBRAITH SPGS,36.36,-83.14
202405,191426,1178745,1,1.49,SSW,NORTH CHATTANOOGA,35.05,-85.31
202405,191426,1183503,1,6.73,WSW,ELVA,36.5261,-84.7309
202405,191426,1183503,2,0.51,ESE,WINFIELD,36.5483,-84.4411
202405,191426,1185152,3,1.0,NE,EAST CLEVELAND,35.1902,-84.8375
202405,191426,1185152,4,0.5,SE,EAST CLEVELAND,35.1749,-84.8437
202405,191426,1185152,1,1.0,N,EAST CLEVELAND,35.1945,-84.85
202405,191426,1185152,2,1.5,NNE,EAST CLEVELAND,35.2001,-84.8398
202405,191426,1185152,5,0.5,NW,EAST CLEVELAND,35.1851,-84.8563
202405,191426,1185153,2,7.0,W,GATLINBURG,35.72,-83.6448
202405,191426,1185153,3,1.0,S,GATLINBURG,35.7055,-83.52
202405,191426,1185153,4,1.0,N,GATLINBURG,35.7345,-83.52
202405,191426,1185153,1,7.0,WNW,GATLINBURG,35.7588,-83.6353
202405,191117,1176286,1,1.11,W,RUTLEDGE,36.28,-83.52
202405,191117,1176289,1,0.89,NW,BEAN STATION,36.34,-83.29
202405,191117,1176292,1,1.11,W,MORRISTOWN,36.22,-83.3
202405,191117,1176294,1,0.89,SW,MOSHEIM,36.19,-82.96
202405,191117,1176296,1,0.56,W,MT CARMEL,36.15,-82.59
202405,191117,1176299,1,1.83,WSW,HAVERON CHAPEL,35.01,-85.81
202405,191117,1176300,1,2.07,S,ANTIOCH,34.99,-85.68
202405,191117,1176301,1,0.89,SW,SOUTH PITTSBURG,35.02,-85.71
202405,191117,1176302,1,0.69,N,WINFIELD,36.56,-84.45
202405,191117,1176303,1,0.69,S,SUNBRIGHT,36.24,-84.67
202405,191117,1176304,1,0.69,N,LONE MTN,36.39,-83.58
202405,191111,1176241,1,1.32,WSW,GLADES,35.72,-83.49
202405,191111,1176242,1,1.32,WSW,GLADES,35.72,-83.49
202405,191358,1178397,1,0.0,N,KEPLER,36.4,-82.88
202405,191358,1178398,1,1.77,NE,COUCH,36.32,-82.93
202405,191358,1185149,1,2.0,ESE,PETROS,36.0889,-84.3969
202405,191358,1185149,2,1.5,SSW,PETROS,36.0799,-84.4403
202405,191358,1185149,3,1.5,W,PETROS,36.1,-84.4569
202405,191358,1185149,4,1.0,N,PETROS,36.1145,-84.43
202405,191358,1185150,1,1.5,SW,ROCKWOOD,35.8547,-84.6989
202405,191358,1185150,2,1.0,S,ROCKWOOD,35.8555,-84.68
202405,191358,1185150,3,0.0,S,ROCKWOOD,35.87,-84.68
202405,191358,1185150,4,0.5,W,ROCKWOOD,35.87,-84.6889
202405,191111,1176244,1,0.89,NE,BUNGALOW TOWN,35.78,-83.99
202405,191111,1176248,1,0.69,N,WHITE ROCK,35.81,-83.25
202405,191111,1176249,1,0.56,W,MT CARMEL,36.15,-82.59
202405,191111,1176251,1,0.69,S,HIGHLAND PARK,35.79,-84.27
202405,191111,1176253,1,1.12,E,BUNGALOW TOWN,35.77,-83.98
202405,191111,1176254,1,0.89,NW,PARROTTSVILLE,36.01,-83.09
202405,191360,1178404,1,0.56,E,SUNBRIGHT,36.25,-84.66
202405,191360,1178405,1,1.67,E,ONEIDA,36.5,-84.49
202405,191360,1178407,1,0.89,SW,HUNTSVILLE,36.4095,-84.4892
202405,191360,1178408,1,0.69,N,DEER LODGE,36.21,-84.75
202405,191423,1178694,1,0.0,N,SUNBRIGHT,36.25,-84.67
202405,191423,1178695,1,2.98,NNE,DEAN,36.39,-84.33
202405,191423,1178696,1,0.69,S,MANILA,35.46,-84.48
202405,191423,1178697,1,1.81,ENE,STANFIELD,36.44,-84.24
202405,191423,1178698,1,0.89,SE,RELIANCE,35.17,-84.51
202405,191423,1178699,1,0.69,S,KINCAID,35.56,-84.3
202405,191423,1178700,1,1.49,SSE,EPPERSON,35.23,-84.32
202405,191423,1178701,1,0.89,SE,BINFIELD,35.71,-84.06
202407,192788,1191406,1,0.89,NE,CARYVILLE,36.31,-84.21
202407,192788,1191407,1,1.78,NE,EAST SWEETWATER,35.62,-84.4
202407,192788,1191408,1,0.89,NE,SNEEDVILLE,36.54,-83.21
202407,192788,1191409,1,0.89,NW,ROGERSVILLE,36.41,-83.01
202407,192788,1191410,1,0.56,W,KNOXVILLE,35.97,-83.94
202407,192788,1191412,1,0.69,S,FRIENDS STATION,36.09,-83.58
202407,192788,1206844,1,0.89,NW,PARK CITY,35.98,-83.91
202407,192788,1206844,2,0.7,NW,PARK CITY,35.9772,-83.9089
202407,192788,1206844,3,0.8,WNW,PARK CITY,35.9744,-83.9132
202407,192788,1206844,4,1.0,NW,PARK CITY,35.9802,-83.9127
202407,192788,1206845,1,1.0,E,MADISONVILLE,35.52,-84.3522
202407,192788,1206845,2,1.0,NNE,MADISONVILLE,35.5334,-84.3632
202407,192788,1206845,3,0.5,W,MADISONVILLE,35.52,-84.3789
202407,192788,1206845,4,1.0,SSE,MADISONVILLE,35.5066,-84.3632
202407,192788,1191413,1,0.0,N,CLACKS GAP,35.95,-84.45
202407,192788,1191414,1,1.49,NNE,FOUNTAIN CITY,36.05,-83.92
202407,192788,1191416,1,0.89,NW,LOUDON,35.74,-84.36
202407,192788,1191417,1,0.56,W,JENA,35.65,-84.18
202407,192788,1191418,1,0.89,NE,DE LAP,36.36,-84.14
202407,192788,1191419,1,0.56,W,BYINGTON,35.97,-84.13
202407,192788,1191420,1,0.89,SE,AMERENE,35.76,-83.89
202407,192788,1191421,1,0.89,NE,JEFFERSON CITY,36.13,-83.47
202407,192788,1191422,1,0.89,SE,HICKORY,36.04,-83.64
202407,192788,1191423,1,0.89,SE,WILLARDTOWN,36.02,-83.57
202407,192788,1191424,1,0.89,NE,FOUNTAIN CITY,36.04,-83.92
202407,192788,1191427,1,0.89,NE,NORRIS,36.21,-84.06
202407,192788,1191428,1,2.76,N,NEW LOYSTON,36.27,-83.92
202407,192788,1191429,1,0.69,N,NINEMILE,35.71,-85.1
202407,192788,1191431,1,0.89,SE,MORGANTOWN,35.49,-85.01
202407,192788,1191432,1,0.89,NW,BEVERLY,36.04,-83.91
202407,192788,1191433,1,0.0,N,SWEETWATER,35.6,-84.47
202407,192788,1191434,1,2.64,ESE,CAGLE,35.45,-85.43
202407,192788,1191437,1,0.0,N,ATHENS,35.45,-84.6
202407,192788,1191438,1,0.89,SW,LORRAINE,35.71,-84.84
202407,192788,1191440,1,0.56,W,JEFFERSON CITY,36.12,-83.49
202407,192788,1191441,1,0.89,NE,ANNADALE,35.18,-84.89
202407,192788,1191442,1,0.69,N,(CHA)LOVELL FLD CHAT,35.04,-85.2
202407,192788,1191443,1,0.0,N,FARNER,35.15,-84.32
202407,192788,1191444,1,1.49,SSW,LUTTRELL,36.18,-83.74
202407,192788,1191445,1,0.69,S,HAMILLVILLE,35.12,-85.23
202407,192788,1191446,1,0.89,NE,CLEVELAND,35.18,-84.87
202407,192788,1191447,1,0.89,NW,BEAN STATION,36.34,-83.29
202407,192788,1191448,1,1.49,NNW,RUSSELL MILL,36.47,-83.86
202407,192788,1191449,1,0.68,SE,HARRISON,35.1144,-85.1401
202407,192788,1206839,1,0.89,SE,RIDGEDALE,35.97,-84.02
202407,192788,1206839,2,0.7,SE,RIDGEDALE,35.9728,-84.0212
202407,192788,1206839,3,0.7,ESE,RIDGEDALE,35.9761,-84.0184
202407,192788,1206839,4,0.85,SE,RIDGEDALE,35.9713,-84.0193
202407,192788,1206840,1,0.2,S,BEARDEN,35.9271,-84.0
202407,192788,1206840,2,0.2,E,BEARDEN,35.93,-83.9964
202407,192788,1206840,3,0.2,N,BEARDEN,35.9329,-84.0
202407,192788,1206840,4,0.3,WNW,BEARDEN,35.9317,-84.005
202407,192788,1206841,1,1.0,WNW,BEARDEN,35.9355,-84.0165
202407,192788,1206841,2,0.8,W,BEARDEN,35.93,-84.0143
202407,192788,1206841,3,0.6,W,BEARDEN,35.93,-84.0107
202407,192788,1206841,4,0.6,NNW,BEARDEN,35.938,-84.0041
202407,192788,1206842,1,0.2,N,LYONS VIEW,35.9229,-84.0
202407,192788,1206842,2,0.5,NNE,LYONS VIEW,35.9267,-83.9966
202407,192788,1206842,3,0.8,N,LYONS VIEW,35.9316,-84.0
202407,192788,1206842,4,0.6,NNW,LYONS VIEW,35.928,-84.0041
202407,192788,1206843,1,1.31,WNW,ARLINGTON,36.01,-83.97
202407,192788,1206843,2,1.35,WNW,ARLINGTON,36.0075,-83.9723
202407,192788,1206843,3,1.5,ESE,POWELL,36.0217,-84.0052
202407,192788,1206843,4,1.8,E,POWELL,36.03,-83.9978
202407,192792,1189626,1,4.0,W,HUNTSVILLE,36.42,-84.5519
202407,192792,1189627,1,2.0,SSW,SPEEDWELL,36.4233,-83.8838
202407,192792,1189628,1,0.0,N,SPEEDWELL,36.45,-83.87
202407,192792,1189629,1,0.0,N,NEW TAZEWELL,36.43,-83.6
202407,192792,1189630,1,2.0,NW,MAYNARDVILLE,36.2705,-83.8254
202407,192792,1189631,1,1.0,W,SAND LICK,36.4,-83.688
202407,192792,1205469,1,2.0,N,ONEIDA,36.529,-84.52
202407,192792,1205469,2,2.0,E,ONEIDA,36.5,-84.484
202407,192792,1205469,3,1.5,S,ONEIDA,36.4783,-84.52
202407,192792,1205469,4,1.5,W,ONEIDA,36.5,-84.547
202407,192792,1205469,5,1.5,NW,ONEIDA,36.5154,-84.5391
202407,192792,1205471,1,1.0,N,ROBBINS,36.3645,-84.58
202407,192792,1205471,2,1.0,E,ROBBINS,36.35,-84.562
202407,192792,1205471,3,1.0,S,ROBBINS,36.3355,-84.58
202407,192792,1205471,4,2.0,W,ROBBINS,36.35,-84.6159
202407,192792,1205474,1,0.0,NE,WINONA,36.38,-84.43
202407,192792,1205474,2,2.0,E,WINONA,36.38,-84.3941
202407,192792,1205474,3,4.0,NE,WINONA,36.4209,-84.3791
202407,192792,1205474,4,2.0,ENE,HUNTSVILLE,36.4311,-84.4468
202407,195015,1205479,1,2.0,ENE,PIGEON FORGE,35.7911,-83.517
202407,195015,1205479,2,1.0,E,PIGEON FORGE,35.78,-83.5322
202407,195015,1205479,3,1.0,N,PIGEON FORGE,35.7945,-83.55
202407,195015,1205479,4,2.0,N,PIGEON FORGE,35.809,-83.55
202407,195015,1205479,5,2.75,NE,PIGEON FORGE,35.8081,-83.5153
202407,195015,1205480,1,0.89,NE,BARNARDSVILLE,35.76,-84.59
202407,195015,1205480,2,0.7,N,BARNARDSVILLE,35.7601,-84.6
202407,195015,1205480,3,1.2,N,BARNARDSVILLE,35.7674,-84.6
202407,195015,1205480,4,1.4,NNE,BARNARDSVILLE,35.7687,-84.5904
202407,195017,1205490,1,3.0,SE,KINGSLEY,35.8693,-83.8921
202407,195017,1205490,2,2.0,ENE,KINGSLEY,35.9111,-83.897
202407,195017,1205490,3,1.0,W,KINGSLEY,35.9,-83.9479
202407,195017,1205490,4,1.0,WNW,TIPTON,35.8755,-83.9465
202407,195017,1205493,1,1.25,SE,MOORELAND HGTS,35.9072,-83.8842
202407,195017,1205493,2,1.25,SSE,MOORELAND HGTS,35.9033,-83.8915
202407,195017,1205493,3,0.6,SSE,MOORELAND HGTS,35.912,-83.8959
202407,195017,1205493,4,0.6,SE,MOORELAND HGTS,35.9139,-83.8924
202407,195022,1205503,1,0.56,E,UNIVERSITY,35.95,-83.94
202407,195022,1205503,2,0.5,ENE,UNIVERSITY,35.9528,-83.9417
202407,195022,1205503,3,1.0,ENE,UNIVERSITY,35.9555,-83.9335
202407,195022,1205503,4,1.0,E,UNIVERSITY,35.95,-83.9321
202407,192211,1185241,1,9.0,ENE,CELINA,36.5999,-85.3502
202407,192704,1189323,1,1.05,W,LAFAYETTE,36.521,-86.0489
202407,192704,1189323,2,1.33,SSE,LAFAYETTE,36.5029,-86.0189
202407,192704,1189323,3,0.61,SW,DAYS XRDS,36.5148,-85.9888
202407,192704,1189323,4,1.65,NW,DAYS XRDS,36.538,-85.9994
202407,192704,1189323,5,1.54,E,WILLIAMS,36.5463,-86.0226
202407,192704,1189323,6,0.97,S,WILLIAMS,36.536,-86.0481
202407,192704,1199632,1,3.63,ESE,PHIFERES,35.6445,-85.3935
202407,192704,1199632,2,3.79,SSE,PINEY,35.5668,-85.4539
202407,192704,1199632,3,7.74,SSE,PINEY,35.5181,-85.4131
202407,192704,1199632,4,7.21,ESE,PINEY,35.5927,-85.3461
202407,192704,1199632,5,5.42,ESE,PHIFERES,35.6373,-85.3622
202407,192706,1189324,1,1.72,ENE,MURFREESBORO,35.855,-86.3899
202407,192706,1189324,2,0.72,NNW,DOUBLE SPGS,35.8401,-86.3331
202407,192211,1185252,1,1.83,E,UPPER MOCKESON,35.065,-87.2683
202407,192211,1185255,1,1.39,S,LEOMA,35.1502,-87.346
202407,192214,1185264,1,2.51,NE,MALLORYS,35.9769,-86.7699
202407,192706,1189325,1,0.13,ENE,MURFREESBORO,35.851,-86.418
202407,192706,1189325,2,2.35,SSW,SHILOH,35.841,-86.372
202407,192706,1189327,1,1.82,N,LITTLE HOPE,35.926,-86.5348
202407,192706,1189328,1,1.31,ESE,BLACKMAN,35.8747,-86.4976
202407,192706,1189329,1,0.67,NNE,FLOWERTOWN,35.4085,-86.2442
202407,192758,1189347,1,0.32,WNW,SPARTA,35.9315,-85.4754
202407,192758,1189348,1,1.59,S,SPARTA,35.907,-85.4706
202407,192758,1189349,1,0.65,SSW,LOVEJOY,36.1911,-85.1739
202407,192758,1189350,1,1.05,SSW,GRABALL,36.4658,-86.4365
202407,192758,1189352,1,0.5,S,ROME,36.2628,-86.0697
202407,192758,1189353,1,1.54,SSW,SILVER SPGS,36.1784,-86.4569
202407,192758,1189354,1,0.34,SW,ALEXANDRIA,36.0767,-86.0346
202407,192758,1189355,1,2.66,NE,SUGGS CREEK,36.146,-86.4648
202407,192758,1189356,1,1.37,ENE,KEMPVILLE,36.3587,-85.8478
202407,192758,1189357,1,1.9,N,SILVER PT,36.1275,-85.719
202407,192758,1189358,1,0.67,NE,HANGING LIMB,36.2374,-85.1621
202407,192758,1189364,1,0.28,NE,FINDLAY,35.9533,-85.4772
202407,191598,1179679,1,0.0,N,SPRINGFIELD,36.5,-86.88
202407,192758,1189396,1,0.83,SE,MURFREESBORO,35.8426,-86.4083
202407,192758,1189397,1,0.43,ESE,ALTAMONT,35.4276,-85.7231
202407,192758,1189398,1,1.33,NNW,LICKTON,36.3162,-86.8328
202407,192758,1189399,1,0.1,ESE,READYVILLE,35.8297,-86.1782
202407,194286,1200674,1,2.88,E,BRUNSWICK,35.2627,-89.7298
202407,192758,1189400,1,1.4,W,LOCKERTSVILLE,36.3533,-87.1448
202407,192758,1189401,1,0.0,N,ASHLAND CITY,36.28,-87.07
202407,192758,1189405,1,1.82,NNW,BAKERSWORKS,36.1025,-87.287
202407,192758,1189406,1,0.0,N,NASHVILLE,36.17,-86.78
202407,192758,1189407,1,0.58,NE,WRENCOE,36.0258,-86.6926
202407,192758,1189421,1,4.0,W,CLARKRANGE,36.18,-85.0917
202407,192758,1189435,1,1.34,N,MORNY,36.2994,-86.8792
202407,192758,1189438,1,1.0,NNE,INGLEWOOD,36.2334,-86.7231
202407,192758,1189438,2,0.76,SSE,INGLEWOOD,36.2098,-86.7249
202407,192758,1189442,1,0.32,WSW,GREENBRIER,36.4276,-86.805
202407,192758,1189449,1,0.0,N,CLARKSVILLE,36.53,-87.35
202407,192758,1189459,1,3.34,NW,COOKEVILLE,36.2039,-85.5427
202407,192758,1189460,1,2.74,ESE,DITTY,36.0824,-85.5359
202407,194291,1200758,1,2.36,SSE,WHITE STATION,35.09,-89.88
202407,194291,1200758,2,3.15,ENE,CAPLEVILLE,35.04,-89.87
202407,194291,1200758,3,2.77,SW,GERMANTOWN,35.0476,-89.849
202407,194291,1200758,4,2.38,WNW,GERMANTOWN,35.0887,-89.8608
202407,192758,1189462,1,0.66,N,POPLAR GROVE,36.1595,-85.4186
202407,192758,1189463,1,0.62,S,GOFFTON,36.0911,-85.4312
202407,192758,1189464,1,2.08,WNW,BOMA,36.1413,-85.7145
202407,192758,1189465,1,2.77,WNW,ENSOR,36.1785,-85.6986
202407,192758,1189466,1,1.11,SSW,MILL CREEK,36.1045,-85.3754
202407,192758,1189467,1,2.5,S,POMONA,35.914,-85.1166
202407,192758,1189468,1,0.44,NE,POMONA,35.9553,-85.1155
202407,192758,1189469,1,0.68,SSE,POMONA,35.9417,-85.1135
202407,192758,1189470,1,0.0,N,SPARTA,35.93,-85.47
202407,192758,1189509,1,0.8,S,HOLLADAY,36.1385,-85.5298
202407,192758,1189509,2,1.75,NW,CANEY FORK,36.1358,-85.4746
202407,192758,1189509,3,1.61,SE,COOKEVILLE ARPT,36.1853,-85.4575
202407,192758,1189509,4,1.68,NW,COOKEVILLE,36.1858,-85.523
202407,192758,1189515,1,0.7,SSW,COOKEVILLE ARPT,36.1905,-85.4842
202407,192758,1189515,2,1.61,NNE,POPLAR GROVE,36.1724,-85.4121
202407,192758,1189515,3,0.78,WNW,BROTHERTON,36.1838,-85.3932
202407,192758,1189515,4,0.5,ENE,PARRAGON,36.2017,-85.3913
202407,192758,1189515,5,0.92,NNE,COOKEVILLE ARPT,36.2126,-85.4751
202407,192758,1189517,1,0.4,SSW,FINDLAY,35.9446,-85.4825
202407,192758,1189517,2,0.88,SSW,FINDLAY,35.9376,-85.4836
202407,192758,1189517,3,0.38,NNW,SPARTA,35.9348,-85.4732
202407,192758,1189517,4,0.74,SE,FINDLAY,35.9424,-85.4708
202407,192758,1189522,1,1.45,ESE,PEYTONA,36.362,-86.496
202407,192758,1189525,1,1.76,E,NOLENSVILLE,35.947,-86.6487
202407,192776,1189570,1,0.69,N,WORK,35.29,-85.05
202407,192776,1205436,1,2.0,W,CHICKAMAUGA SPLANE B,35.3,-85.1155
202407,192776,1205436,2,2.0,NW,CHICKAMAUGA SPLANE B,35.3205,-85.1051
202407,192776,1205436,3,1.0,N,CHICKAMAUGA SPLANE B,35.3145,-85.08
202407,192776,1205436,4,1.0,SSW,CHICKAMAUGA SPLANE B,35.2866,-85.0868
202407,192776,1205442,1,0.5,ENE,SHADY GROVE,35.2528,-85.1118
202407,192776,1205442,2,0.25,S,SHADY GROVE,35.2464,-85.12
202407,192776,1205442,3,0.5,WNW,SHADY GROVE,35.2528,-85.1282
202407,192776,1205442,4,0.5,N,SHADY GROVE,35.2572,-85.12
202407,192776,1205443,1,2.0,W,RED BANK,35.15,-85.3154
202407,192776,1205443,2,3.0,N,RED BANK,35.1934,-85.28
202407,192776,1205443,3,2.0,E,RED BANK,35.15,-85.2446
202407,192776,1205443,4,3.0,SSW,RED BANK,35.1099,-85.3003
202407,192776,1205446,1,1.0,SW,DALLAS HILLS,35.2098,-85.1625
202407,192776,1205446,2,1.32,WSW,DALLAS HILLS,35.21,-85.17
202407,192776,1205446,3,1.7,SW,DALLAS HILLS,35.2026,-85.1713
202407,192776,1205446,4,1.5,SSW,DALLAS HILLS,35.1999,-85.1602
202407,192766,1189520,1,1.13,E,MONTAGUE,35.45,-85.08
202407,192766,1189532,1,1.69,W,DAYTON ARPT,35.48,-84.96
202407,192766,1189534,1,0.0,N,MARYVILLE,35.75,-83.97
202407,192779,1189589,1,0.42,SW,MONTLAKE,35.2156,-85.125
202407,192779,1189590,1,0.18,SSW,MOWBRAY,35.2775,-85.2313
202406,190590,1171887,1,1.16,SE,INGLEWOOD,36.2094,-86.7138
202406,191582,1179634,1,2.18,SW,GREEN HILL,36.2109,-86.5812
202406,191582,1179636,1,1.23,WNW,MT JULIET,36.2056,-86.5409
202406,191582,1179638,1,2.13,NNW,OAKLAND,36.3001,-86.3584
202406,191582,1179645,1,2.21,W,DUPLEX,35.7498,-86.8894
202406,191582,1179648,1,1.01,ENE,MURFREESBORO,35.8557,-86.4033
202406,191582,1179650,1,0.52,SE,SIMS SPG,35.5143,-86.6239
202406,190590,1171889,2,1.31,SE,INGLEWOOD,36.205,-86.7156
202406,190590,1171889,3,1.78,ESE,INGLEWOOD,36.2087,-86.7014
202406,190590,1171889,1,0.36,SE,INGLEWOOD,36.2169,-86.7247
202406,190590,1171889,4,0.8,SE,MAPLEWOOD,36.2224,-86.7091
202406,191582,1179537,1,0.0,W,FRANKLIN,35.92,-86.9
202406,191582,1179540,1,3.93,NE,MALLORYS,35.9907,-86.751
202406,191582,1179548,1,0.56,SE,NOLENSVILLE,35.9437,-86.6738
202406,191582,1179550,1,0.84,SW,MUDSINK,35.9119,-86.8311
202406,191582,1179654,1,0.1,S,WATERTOWN,36.0986,-86.1298
202406,191582,1179655,1,2.36,E,FLEWELLYN,36.4798,-86.9275
202406,191582,1179656,1,0.0,N,SPRINGFIELD,36.5,-86.88
202406,191582,1179659,1,0.79,SW,COOKEVILLE,36.1617,-85.5097
202406,191582,1179660,1,0.74,SE,ALGOOD,36.1915,-85.4218
202406,191582,1179661,1,0.56,W,JAMESTOWN,36.43,-84.93
202406,193085,1192226,1,1.0,NNW,UNION CITY,36.4334,-89.0569
202406,193085,1192227,1,0.0,N,BIG SANDY,36.23,-88.08
202406,191582,1179662,1,0.56,E,UNIONVILLE,35.62,-86.59
202406,191596,1179673,1,2.5,WNW,WHITE HOUSE,36.4841,-86.6914
202406,191596,1179673,2,0.78,WNW,WALNUT GROVE,36.4825,-86.6338
202406,191596,1179673,3,0.77,NW,TWO CHESNUT,36.4584,-86.6292
202406,191596,1179673,4,1.0,SW,TWO CHESNUT,36.4386,-86.6313
202406,191596,1179673,5,2.13,NW,WHITE HILL,36.441,-86.7082
202406,193354,1194609,1,2.12,NW,GERMANTOWN,35.1014,-89.8468
202406,193354,1194609,2,1.98,NW,GERMANTOWN,35.098,-89.8473
202406,193354,1194609,3,2.16,NW,GERMANTOWN,35.0991,-89.8503
202406,193354,1194609,4,2.26,NW,GERMANTOWN,35.1021,-89.8495
202406,192065,1183542,1,2.15,SSW,FRENCH BROAD,35.99,-83.31
202406,192065,1183543,1,0.89,SW,NORTHPORT,35.96,-83.19
202406,192065,1183545,1,0.89,SE,CADES COVE,35.61,-83.82
202406,192065,1183546,1,1.49,NNW,ELKMONT,35.67,-83.59
202406,190961,1175113,1,1.0,W,MADISON,36.25,-86.788
202406,190961,1175117,1,3.5,N,MALLORYS,36.0,-86.79
202406,192065,1183547,1,1.32,ESE,LONDON,35.86,-82.98
202406,192065,1183548,1,0.43,NE,CARSON SPG,35.9245,-83.2648
202406,192065,1183561,1,3.54,S,FRENCH BROAD,35.9696,-83.312
202406,192065,1183564,1,1.89,NNE,SARDIS,35.9257,-83.2182
202406,192068,1183583,1,0.0,N,JEFFERSON ESTATES,36.15,-83.42
202406,192068,1183584,1,0.0,N,BRIDGEPORT,35.95,-83.12
202406,192208,1185156,1,4.2,WSW,HALLS XRDS,36.0567,-83.9995
202406,192208,1185156,2,3.0,NE,POWELL,36.0607,-83.992
202406,192208,1185156,3,3.7,WSW,HALLS XRDS,36.0595,-83.9912
202406,192208,1185156,4,4.0,WNW,FOUNTAIN CITY,36.0522,-83.9962
202406,191582,1179552,1,1.76,WNW,OGLESBY,36.0598,-86.7592
202406,191582,1179554,1,1.81,WSW,NASHVILLE CORNELIA F,36.17,-86.73
202406,191582,1179572,1,0.89,SSE,(BNA)NASHVILLE METRO,36.1178,-86.6749
202406,191582,1179587,1,1.08,NE,(BNA)NASHVILLE METRO,36.1412,-86.6664
202406,191582,1179627,1,0.55,WSW,TULIP GROVE,36.196,-86.6086
202406,191582,1179632,1,0.82,E,BERRYVILLE,36.2018,-86.6155
202406,191596,1179675,1,1.38,NNW,CROSS PLAINS,36.567,-86.713
202406,191596,1179675,2,1.42,SW,CROSS PLAINS,36.5341,-86.7162
202406,191596,1179675,3,0.8,NNE,GALISTIA,36.5302,-86.6633
202406,191596,1179675,4,2.24,WNW,MULLOY,36.5619,-86.6576
202406,193191,1193145,1,0.89,NE,MC KENZIE,36.14,-88.51
202406,193191,1193146,1,0.89,NE,DYERSBURG,36.04,-89.37
202406,193542,1195786,1,0.26,W,LINCOLN,35.0195,-86.5245
202406,193542,1195788,1,1.33,N,PROSPECT,35.0992,-86.5787
202406,193542,1195789,1,0.86,SW,HURDLOW,35.1701,-86.3393
202406,193542,1195791,1,1.49,SSW,LOIS,35.21,-86.38
202406,193542,1195792,1,0.03,ENE,RIDGEVILLE,35.2702,-86.2995
202406,193542,1195794,1,1.49,NNW,BAKERTOWN,35.27,-86.34
202406,193542,1195795,1,1.38,N,COUNTY LINE,35.34,-86.37
202406,193542,1195796,1,0.88,W,BAKERTOWN,35.25,-86.3456
202406,193543,1195798,1,0.83,SE,BLAKEVILLE,35.2631,-86.668
202404,190684,1172476,1,0.69,N,IDLEWILD,36.04,-88.82
202404,190684,1172477,1,0.69,N,GILT EDGE,35.56,-89.83
202404,190684,1172478,1,0.69,N,IDLEWILD,36.04,-88.82
202404,190684,1172479,1,2.36,SSE,DOUBLE BRIDGES,35.87,-89.45
202404,190684,1172480,1,0.69,S,(MEM)MEMPHIS INTL AR,35.04,-89.98
202404,190682,1172447,1,0.56,E,BRAZIL,35.92,-89.06
202404,190684,1172472,1,0.89,SW,MARTIN,36.34,-88.86
202404,190684,1172473,1,2.17,NW,WHITLOCK,36.39,-88.38
202404,190684,1172474,1,1.67,W,DRESDEN,36.3,-88.75
202404,190684,1172475,1,0.56,W,TRENTON,35.98,-88.94
202404,190684,1172481,1,2.23,W,CROCKETT,36.3,-89.07
202404,190684,1172483,1,0.89,SW,PARIS,36.29,-88.33
202404,190684,1172485,1,0.69,N,MC KENZIE,36.14,-88.52
202404,190684,1172488,1,2.13,SE,NANKIPOO,35.8577,-89.4737
202404,190684,1173011,1,1.0,SW,PARIS,36.2898,-88.3327
202404,188905,1161693,1,0.61,E,TENNESSEE RIDGE,36.3199,-87.759
202404,188905,1161694,1,4.0,W,TENNESSEE RIDGE,36.32,-87.8419
202404,188905,1161695,1,0.81,W,GRAYS CROSSING,36.3312,-87.7645
202404,188905,1161696,1,0.66,NNE,TENNESSEE RIDGE,36.3291,-87.7661
202404,188905,1161699,1,3.02,SW,CUMBERLAND CITY,36.3733,-87.693
202404,188905,1161700,1,1.49,SSE,CUMBERLAND CITY,36.38,-87.64
202404,188905,1161701,1,0.56,E,CUMBERLAND CITY,36.4,-87.64
202404,188905,1161702,1,0.89,NW,INDIAN MOUND,36.51,-87.69
202404,188905,1161703,1,1.38,S,KENNEDY,36.6,-87.28
202404,189170,1163249,1,2.0,E,COOPERTOWN,36.43,-86.914
202404,189170,1163250,1,3.0,E,COOPERTOWN,36.43,-86.896
202404,189170,1163251,1,3.0,SSE,SPRINGFIELD,36.4599,-86.8593
202404,189170,1163252,1,0.18,SE,SPRINGFIELD,36.4979,-86.8781
202404,190734,1172982,1,1.11,SE,MEDON,35.457,-88.8685
202404,190734,1172984,1,0.45,S,SOMERVILLE,35.2436,-89.3501
202404,190682,1172445,1,0.89,SW,FINGER,35.36,-88.61
202404,190682,1172446,1,1.38,S,PERRYVILLE,35.6,-88.05
202404,190682,1172449,1,0.71,ENE,BARTLETT,35.2041,-89.8684
202404,190734,1172979,1,1.49,NNW,BOLIVAR,35.29,-89.01
202404,190734,1172980,1,0.69,N,TOONE,35.36,-88.97
202404,190734,1172981,1,2.19,SW,WILLISTON,35.15,-89.41
202404,190734,1172983,1,1.38,N,ROY,35.54,-88.8
202404,190734,1172985,1,0.89,SE,PERRY SWITCH,35.56,-88.77
202404,188811,1161235,1,0.61,S,JERNIGAN TOWN,36.5112,-86.6795
202404,188811,1161236,1,1.68,NNE,SPRINGFIELD,36.5213,-86.8653
202404,189280,1164294,1,0.89,SE,BINFIELD,35.71,-84.06
202404,189280,1164295,1,1.32,WSW,KINGSLEY,35.89,-83.95
202404,189280,1164296,1,0.56,E,MULE HOLLOW,35.98,-83.84
202404,190734,1172986,1,2.25,E,PERRY,35.58,-88.73
202404,190734,1172987,1,2.94,NE,LIBERTY HILL,35.3314,-89.2448
202404,190734,1172988,1,6.44,NNW,NEW SAFFORD,35.82,-88.25
202404,190734,1172990,1,1.49,SSE,CAMDEN BENTON CO ARP,36.0,-88.11
202404,190734,1172991,1,0.4,NE,HOLLOW ROCK,36.0341,-88.275
202404,188811,1161237,1,1.35,W,OGLESBY,36.0478,-86.754
202404,188811,1161238,1,0.42,WSW,EDGEFIELD,36.3271,-85.9065
202404,189281,1173929,1,0.57,SSW,SUNBRIGHT,36.242,-84.6725
202404,189281,1173929,2,1.34,SE,HUFFMAN,36.2672,-84.6319
202404,190734,1172992,1,0.68,NNE,BRUCETON,36.0382,-88.2433
202404,190734,1172993,1,1.78,SE,GISMONDA,35.95,-88.1
202404,190734,1172994,1,0.39,NE,HOLLOW ROCK,36.0338,-88.2749
202404,190734,1172995,1,1.81,ESE,LIBERTY,36.09,-88.09
202404,190734,1172996,1,1.12,E,EVA,36.07,-88.0
202404,190734,1172997,1,2.87,ENE,SOUTH MIDWAY,36.29,-88.42
202404,190734,1172998,1,1.31,ESE,FOUNDRY HILL,36.41,-88.33
202404,190734,1172999,1,0.7,SE,ROSSVILLE,35.0417,-89.543
202404,190734,1173000,1,1.12,E,MALESUS,35.55,-88.81
202404,190734,1173014,1,1.28,SSE,STAFFORDS STORE,36.0829,-88.6911
202409,194051,1199266,1,0.78,NNE,UNA,36.0904,-86.6144
202409,194542,1203335,1,1.24,NW,MT NEBO,35.0835,-87.5645
202409,194542,1203335,2,0.97,SSE,IRON CITY,35.0078,-87.5714
202409,194542,1203335,3,1.92,E,BONNERTOWN,35.0047,-87.2666
202409,194542,1203335,4,7.02,ESE,ALEXANDER SPGS,35.3395,-87.1658
202409,194542,1203335,5,2.29,W,CENTER,35.3496,-87.4907
202409,195293,1207112,1,4.0,WNW,WHITE BLUFF,36.1422,-87.2862
202409,195293,1207114,1,0.0,NE,BETHPAGE,36.48,-86.32
202409,195293,1207116,1,2.0,NNW,LAFAYETTE,36.5467,-86.0438
202409,195293,1207118,1,2.0,ESE,OAK HILL,36.0889,-86.7869
202409,195293,1207119,1,1.62,NW,PROVIDENCE,36.0976,-86.7393
202409,195293,1207121,1,0.42,N,PARAGON MILL,36.0861,-86.6999
202409,195293,1207122,1,0.0,SE,(BNA)NASHVILLE METRO,36.13,-86.68
202409,195293,1207124,1,1.16,NE,SUGGS CREEK,36.13,-86.4833
202409,195293,1207128,1,0.51,SW,SMITHS CHAPEL,36.5442,-85.8355
202409,195293,1207129,1,9.0,W,GAINESBORO,36.35,-85.8117
202409,195293,1207130,1,2.07,S,HARDY,36.29,-85.43
202409,195293,1207132,1,6.0,NNW,LIVINGSTON,36.4602,-85.3613
202409,195293,1207133,1,1.0,S,BELLE MEADE,36.0855,-86.87
202409,195293,1207135,1,1.93,NNW,GUM SPGS,35.2266,-87.3108
202409,195293,1207136,1,5.0,SSW,COLUMBIA,35.5531,-87.0841
202409,195293,1207137,1,3.0,NE,FRANKLIN,35.9507,-86.8621
202409,195293,1207138,1,0.55,W,HERMITAGE SPGS,36.58,-85.78
202409,195293,1207140,1,3.0,NW,ANTIOCH,36.1007,-86.708
202409,195293,1207141,1,1.0,S,ETHRIDGE,35.3055,-87.32
202409,195293,1207144,1,0.76,NW,OAK HILL,36.1079,-86.8296
202409,195293,1207145,1,1.34,SW,BELLE MEADE,36.0888,-86.8895
202409,195293,1207146,1,1.13,S,BELLE MEADE,36.0839,-86.8661
202409,195293,1207147,1,0.25,W,SPRINGFIELD,36.5007,-86.8844
202409,195883,1211457,1,0.89,NE,EAST KINGSPORT,36.58,-82.51
202409,195883,1211458,1,1.22,NW,LEAMAN,36.5432,-83.1447
202409,195883,1211458,2,1.01,SE,KYLES FORD,36.5585,-83.0387
202409,195883,1211459,1,0.0,N,BLOUNTVILLE,36.53,-82.33
202409,195883,1211460,1,2.22,W,LEONARD,36.58,-82.32
202409,195293,1207099,1,0.42,SW,RIDGETON,36.3953,-86.7747
202409,195293,1207110,1,2.58,W,PROVIDENCE,36.0783,-86.7662
202408,193319,1194218,1,0.96,S,FAIRVIEW,35.9662,-87.1216
202408,193319,1194217,1,0.81,SE,BERRYVILLE,36.1921,-86.6191
202408,194039,1199213,1,0.86,WNW,RUDDERVILLE,35.8556,-86.7637
202408,194043,1199214,1,1.9,SW,ISOLINE,36.0579,-85.0702
202408,194043,1199216,1,2.04,W,RED HILL,35.4504,-86.0863
202408,194017,1212656,1,1.54,SSW,CAMARGO,35.0587,-86.6579
202408,194017,1212657,1,0.59,N,VANNTOWN,35.0284,-86.469
202408,195773,1210876,1,1.31,ESE,NEWBERN,36.11,-89.25
202408,195773,1210877,1,0.0,W,GIFT,35.55,-89.57
202408,195773,1210879,1,0.0,E,MAURY CITY,35.82,-89.23
202408,194015,1212641,1,0.83,NNE,FAYETTEVILLE ARPT,35.0808,-86.5634
202408,194015,1212642,1,0.89,NW,SKINEM,35.09,-86.61
202408,195787,1210994,1,1.03,SW,AULON,35.1182,-89.9911
202408,195787,1210994,2,1.62,SE,AULON,35.1154,-89.9576
202408,195851,1211330,1,0.89,NE,RYALL SPGS,35.01,-85.11
202408,193316,1212330,1,0.89,SE,PLEASANT HILL,35.29,-86.31
202408,193316,1212331,1,0.69,S,CENTER GROVE,35.31,-86.23
202408,193316,1212571,1,2.82,NNW,ANDERSON,35.02,-85.91
202408,193316,1212572,1,0.57,E,SHERWOOD,35.08,-85.92
202408,193316,1212335,1,2.77,N,ESTILL SPGS,35.3099,-86.1259
202408,193316,1212332,1,1.83,ESE,CENTER GROVE,35.31,-86.2
202408,193948,1208150,1,0.89,SE,FLINTVILLE,35.06,-86.42
202408,194015,1212648,1,0.89,NE,FAYETTEVILLE,35.16,-86.57
202408,194015,1212649,1,0.69,N,FAYETTEVILLE,35.16,-86.58
202408,193319,1194212,1,1.4,ENE,PINE HAVEN,36.4595,-84.9077
202408,193319,1194213,1,2.82,W,KENNEDY,36.6267,-87.3302
202408,193319,1194214,1,3.16,NE,KENWOOD,36.607,-87.3541
202408,193319,1194215,1,3.19,S,COOPERTOWN,36.3838,-86.9505
202408,193319,1194216,1,0.47,W,NASHVILLE,36.171,-86.7884
202408,195787,1210993,1,3.85,NE,DUNBAR,35.4866,-88.0984
202412,198352,1226484,1,0.69,S,SPRING LAKE,35.24,-89.88
202412,198352,1226484,2,0.69,SSE,SPRING LAKE,35.2405,-89.8766
202412,198352,1226484,3,0.89,S,SPRING LAKE,35.2373,-89.8771
202412,198352,1226484,4,0.89,S,SPRING LAKE,35.2372,-89.8803
202412,198352,1226485,1,0.89,SE,MILLINGTON,35.34,-89.89
202412,198352,1226485,2,0.47,ESE,MILLINGTON,35.3463,-89.8929
202412,198352,1226485,3,0.61,S,MILLINGTON,35.3412,-89.901
202412,198352,1226485,4,0.86,S,MILLINGTON,35.3378,-89.8977
202412,198352,1226487,1,1.38,N,MALLORY,35.12,-90.07
202412,198352,1226487,2,1.65,N,MALLORY,35.1239,-90.0699
202412,198352,1226487,3,1.7,N,MALLORY,35.1245,-90.0674
202412,198352,1226487,4,1.42,N,MALLORY,35.1204,-90.0671
202412,198352,1226487,5,1.15,N,MALLORY,35.1166,-90.0683
202412,198352,1226487,6,1.23,N,MALLORY,35.1177,-90.0727
202412,198352,1226482,1,1.47,ESE,BUNTYN,35.0948,-89.9548
202412,198352,1226482,2,1.73,E,BUNTYN,35.0952,-89.9499
202412,198352,1226482,3,1.64,N,OAKVILLE,35.0937,-89.9498
202412,198352,1226482,4,1.49,ESE,BUNTYN,35.0939,-89.9546
202412,198352,1226483,1,1.78,SW,EGYPT,35.23,-89.95
202412,198352,1226483,2,1.87,NW,RALEIGH,35.2224,-89.9486
202412,198352,1226483,3,1.73,S,EGYPT,35.2253,-89.9351
202412,198352,1226483,4,1.35,SSW,EGYPT,35.2337,-89.9431
202412,198185,1225491,1,0.51,E,TAFT,35.019,-86.721
202412,198185,1225491,2,2.13,NE,TAFT,35.043,-86.705
202207,190584,1171785,1,1.36,WSW,CELINA,36.5444,-85.5234
202207,190584,1171785,2,0.85,S,CELINA,36.5379,-85.4972
202207,190584,1171785,3,1.35,W,DALE HOLLOW,36.5476,-85.4742
202207,190584,1171785,4,0.65,SE,FREE HILL,36.5647,-85.4703
202207,190584,1171785,5,1.49,NNW,CELINA,36.5703,-85.5088
202207,190584,1171783,1,0.56,W,CROSSVILLE,35.95,-85.04
202207,190584,1171784,1,12.0,ESE,SPARTA,35.8635,-85.2719
202207,190084,1168887,1,3.0,S,INGLEWOOD,36.1766,-86.73
202207,190585,1171790,1,2.12,SW,SPRINGFIELD,36.4786,-86.9074
202207,190585,1171792,1,2.2,NE,ORLINDA,36.6199,-86.6891
202207,190585,1171833,1,0.42,W,WHITE HOUSE,36.4689,-86.6674
202207,190585,1171835,1,1.81,W,FINDLAY,35.9461,-85.512
202207,190585,1171824,1,1.49,SSE,MURFREESBORO,35.83,-86.41
202207,190585,1171825,1,1.12,W,MURFREESBORO,35.85,-86.44
202207,190585,1171826,1,0.0,N,BURT,35.77,-86.13
202207,190084,1171751,1,4.29,SSE,PINE VIEW,35.6699,-87.9107
202207,190084,1171756,1,1.55,NNW,ALLARDT,36.4005,-84.891
202207,190084,1168891,1,1.31,SSW,CORNERSVILLE,35.3519,-86.8572
202207,190084,1168892,1,1.04,S,CORNERSVILLE,35.3551,-86.8472
202207,189932,1167387,1,1.14,ESE,STROUDSVILLE,36.4717,-87.1022
202207,189932,1167387,2,2.66,NNW,GAUSE,36.467,-87.0631
202207,190585,1171827,1,2.35,WSW,CENTER HILL,35.79,-86.02
202207,190585,1171838,1,1.63,ESE,COURTLAND,36.461,-86.8228
202207,190585,1171838,2,0.95,W,OAKLAND,36.5001,-86.8472
202207,190585,1171838,3,1.6,NNE,SPRINGFIELD,36.5215,-86.8693
202207,190585,1171838,4,1.72,NNW,SPRINGFIELD,36.5237,-86.8897
202207,190585,1171838,5,0.6,SSE,SPRINGFIELD MUNI ARP,36.5221,-86.9157
202207,190585,1171838,6,1.1,W,SPRINGFIELD,36.5027,-86.8996
202207,190585,1171838,7,1.13,SE,COURTLAND,36.4587,-86.8354
202207,190084,1171753,1,1.75,SW,POPE,35.6026,-88.0227
202207,190084,1171765,1,1.11,W,ERIN,36.32,-87.72
202207,190084,1171765,2,1.36,SW,ERIN,36.3083,-87.7196
202207,190084,1171765,3,0.87,SE,ERIN,36.3108,-87.6894
202207,190084,1171765,4,1.37,ESE,ERIN,36.3111,-87.678
202207,190084,1171765,5,1.45,ENE,ERIN,36.325,-87.6747
202207,190084,1171769,1,1.28,W,MUDSINK,35.9189,-86.8428
202207,190585,1171830,1,1.52,ENE,LORETTO,35.0899,-87.426
202207,190585,1171831,1,0.04,NNW,CHINUBEE,35.1305,-87.5204
202207,190585,1171832,1,0.26,NE,PORTLAND,36.5826,-86.5165
202207,190585,1171791,1,0.0,N,ORLINDA,36.6,-86.72
202207,190084,1168880,1,1.31,NNE,NEW HARMONY,36.4962,-86.0877
202207,190084,1168881,1,1.61,S,DAYS XRDS,36.4968,-85.9799
202207,190084,1168885,1,0.89,SE,LIVINGSTON ARPT,36.39,-85.31
202207,190084,1168886,1,3.28,SW,COOPERTOWN,36.3947,-86.9896
202207,190084,1168893,1,0.95,SE,CORNERSVILLE,35.3587,-86.8404
202207,190084,1168894,1,1.39,SSE,BELFAST,35.4019,-86.7092
202207,190585,1171796,1,1.3,NNE,DENTON XRDS,36.597,-85.64
202207,190084,1171782,1,1.58,NNE,BARFIELD,35.7996,-86.4352
202207,190585,1171789,1,3.0,ENE,CLARKSVILLE,36.5466,-87.3001
202207,190585,1171787,1,1.14,NW,THARPE,36.5816,-87.9347
202207,190585,1171788,1,1.31,WNW,BUMPUS MILLS,36.61,-87.84
202207,190585,1171793,1,2.0,NW,HANDLEYTON,36.6202,-86.6558
202409,195887,1218745,1,2.0,N,TRADE,36.379,-81.75
202409,195887,1218745,2,1.25,E,TRADE,36.35,-81.7275
202409,195887,1218745,3,0.75,S,TRADE,36.3392,-81.75
202409,195887,1218745,4,3.0,WNW,TRADE,36.3666,-81.7998
202409,196998,1218818,1,3.0,ENE,GATLINBURG,35.7366,-83.4706
202409,196998,1218818,2,1.5,NNE,GLADES,35.7501,-83.4598
202409,196998,1218818,3,1.5,NE,GLADES,35.7454,-83.4511
202409,196998,1218818,4,0.7,NE,GLADES,35.7372,-83.4612
202409,195887,1218439,1,1.0,N,TOWNSEND,35.6845,-83.77
202409,195887,1218439,2,2.0,ENE,TOWNSEND,35.6811,-83.7371
202409,195887,1218439,3,2.0,ESE,TOWNSEND,35.6589,-83.7371
202409,195887,1218439,4,1.0,S,TOWNSEND,35.6555,-83.77
202409,195887,1218439,5,1.5,W,TOWNSEND,35.67,-83.7967
202409,195887,1218440,1,0.56,W,GREENEVILLE ARPT,36.18,-82.83
202409,195887,1218440,2,1.5,NNW,GREENEVILLE,36.1901,-82.8403
202409,195887,1218440,3,2.0,NW,GREENEVILLE,36.1905,-82.8554
202409,195887,1218440,4,2.0,WNW,GREENEVILLE,36.1811,-82.8631
202409,195887,1218440,5,1.5,WSW,GREENEVILLE,36.1617,-82.8548
202409,195887,1218440,6,0.25,WNW,GREENEVILLE,36.1714,-82.8341
202409,195887,1218441,1,1.5,E,PITTMAN CENTER,35.77,-83.3732
202409,195887,1218441,2,2.0,S,PITTMAN CENTER,35.7411,-83.4
202409,195887,1218441,3,1.0,W,LAUREL,35.77,-83.4178
202409,195887,1218441,4,1.5,E,RICHARDSON COVE,35.82,-83.4032
202409,195887,1218441,5,3.0,E,RICHARDSON COVE,35.82,-83.3765
202409,195887,1218443,1,2.0,WSW,WALDEN CREEK,35.7689,-83.663
202409,195887,1218443,2,1.5,SW,WALDEN CREEK,35.7647,-83.6489
202409,195887,1218443,3,0.5,E,WALDEN CREEK,35.78,-83.6211
202409,195887,1218443,4,0.75,N,WALDEN CREEK,35.7909,-83.63
202409,195887,1218446,1,5.0,ESE,GREENEVILLE,36.1423,-82.7472
202409,195887,1218446,2,5.0,SW,GREENEVILLE,36.1188,-82.8934
202409,195887,1218446,3,7.0,WNW,GREENEVILLE,36.2088,-82.946
202409,195887,1218446,4,7.0,NE,GREENEVILLE,36.2416,-82.7412
202409,195887,1218452,1,8.0,N,PIGEON FORGE,35.8958,-83.55
202409,195887,1218452,2,8.0,NE,PIGEON FORGE,35.8619,-83.449
202409,195887,1218452,3,10.0,E,PIGEON FORGE,35.78,-83.3716
202409,195887,1218452,4,8.0,SE,PIGEON FORGE,35.6981,-83.4491
202409,195887,1218452,5,7.0,SW,PIGEON FORGE,35.7084,-83.6383
202409,195887,1218452,6,8.0,NW,PIGEON FORGE,35.8619,-83.651
202409,195887,1218454,1,7.0,SW,MOUNTAIN CITY,36.4084,-81.8891
202409,195887,1218454,2,8.0,WSW,MOUNTAIN CITY,36.4357,-81.933
202409,195887,1218454,3,8.0,NNW,MOUNTAIN CITY,36.587,-81.8551
202409,195887,1218454,4,8.0,NNE,MOUNTAIN CITY,36.587,-81.7449
202409,195887,1218454,5,4.0,E,MOUNTAIN CITY,36.48,-81.728
202409,195887,1218454,6,3.0,E,NEVA,36.4,-81.8161
202409,195887,1218455,1,3.0,SE,GATLINBURG,35.6893,-83.4822
202409,195887,1218455,2,6.0,S,GATLINBURG,35.6332,-83.52
202409,195887,1218455,3,5.0,WSW,GATLINBURG,35.6923,-83.6023
202409,195887,1218455,4,2.0,SW,COVE CREEK,35.7495,-83.6752
202409,195887,1218455,5,5.0,W,SEVIERVILLE,35.87,-83.6593
202409,195887,1218455,6,0.0,SW,FAIR GARDEN,35.9,-83.4
202409,195887,1218455,7,6.0,E,PIGEON FORGE,35.78,-83.443
202409,195887,1218459,1,2.0,WSW,RICHARDSON COVE,35.8089,-83.463
202409,195887,1218459,2,2.5,NNE,OLDHAM,35.8034,-83.4629
202409,195887,1218459,3,2.5,N,OLDHAM,35.8062,-83.48
202409,195887,1218459,4,2.7,N,OLDHAM,35.8091,-83.48
202409,195887,1218460,1,0.69,N,BULLS GAP,36.26,-83.08
202409,195887,1218460,2,1.0,W,BULLS GAP,36.25,-83.098
202409,195887,1218460,3,2.0,WNW,BULLS GAP,36.2611,-83.1132
202409,195887,1218460,4,2.0,NW,BULLS GAP,36.2705,-83.1054
202409,195887,1218460,5,2.0,NNW,BULLS GAP,36.2767,-83.0937
202409,195887,1218512,1,5.0,WNW,BLOUNTVILLE,36.5577,-82.4132
202409,195887,1218512,2,5.0,WSW,BLOUNTVILLE,36.5023,-82.4132
202409,195887,1218512,3,1.5,SE,KINGSPORT,36.5347,-82.5309
202409,195887,1218512,4,1.5,E,KINGSPORT,36.55,-82.523
202409,195887,1218513,1,1.0,W,GREENEVILLE,36.17,-82.8479
202409,195887,1218513,2,1.5,SW,GREENEVILLE,36.1547,-82.849
202409,195887,1218513,3,1.25,S,GREENEVILLE,36.1519,-82.83
202409,195887,1218513,4,0.5,E,GREENEVILLE,36.17,-82.821
202409,195887,1218519,1,2.0,N,DUNLAP,35.409,-85.38
202409,195887,1218519,2,1.5,E,DUNLAP,35.38,-85.3534
202409,195887,1218519,3,3.0,S,DUNLAP,35.3366,-85.38
202409,195887,1218519,4,2.0,SW,DUNLAP,35.3595,-85.4051
202409,195887,1218519,5,1.5,W,DUNLAP,35.38,-85.4066
202409,195887,1218521,1,1.0,N,SIGNAL MTN,35.1445,-85.35
202409,195887,1218521,2,1.0,NE,SIGNAL MTN,35.1402,-85.3375
202409,195887,1218521,3,1.0,E,SIGNAL MTN,35.13,-85.3323
202409,195887,1218521,4,1.0,SE,SIGNAL MTN,35.1198,-85.3375
202409,195887,1218521,5,1.0,S,SIGNAL MTN,35.1155,-85.35
202409,195887,1218521,6,1.0,SW,SIGNAL MTN,35.1198,-85.3625
202409,195887,1218522,1,4.0,NNE,PITTMAN CENTER,35.8235,-83.3727
202409,195887,1218522,2,5.5,NNE,PITTMAN CENTER,35.8435,-83.3624
202409,195887,1218522,3,5.5,NE,PITTMAN CENTER,35.8263,-83.3306
202409,195887,1218522,4,3.5,NE,PITTMAN CENTER,35.8058,-83.3558
202409,195887,1218527,1,1.0,W,DEL RIO,35.92,-83.0479
202409,195887,1218527,2,3.0,NW,DEL RIO,35.9507,-83.0679
202409,195887,1218527,3,2.0,N,DEL RIO,35.949,-83.03
202409,195887,1218527,4,2.0,E,DEL RIO,35.92,-82.9943
202409,195887,1218527,5,2.0,S,DEL RIO,35.8911,-83.03
202409,195887,1218673,1,5.0,SSE,ROAN MTN,36.1331,-82.0357
202409,195887,1218673,2,5.0,SSW,ROAN MTN,36.1331,-82.1043
202409,195887,1218673,3,5.5,SW,ROAN MTN,36.1437,-82.1397
202409,195887,1218673,4,4.0,W,ROAN MTN,36.2,-82.1417
202409,195887,1218673,5,10.0,N,ROAN MTN,36.3447,-82.07
202409,195887,1218673,6,9.5,NNE,ROAN MTN,36.327,-82.0047
202409,195887,1218673,7,8.0,NE,ROAN MTN,36.2819,-81.9685
202409,195887,1218684,1,0.89,SE,O BRIEN,36.31,-82.19
202409,195887,1218684,2,5.0,E,ELIZABETHTON,36.35,-82.1302
202409,195887,1218684,3,4.0,ENE,ELIZABETHTON,36.3722,-82.1536
202409,195887,1218684,4,2.0,NE,ELIZABETHTON,36.3705,-82.1946
202409,195887,1218684,5,2.0,WNW,ELIZABETHTON,36.3611,-82.2532
202409,195887,1218684,6,4.0,W,ELIZABETHTON,36.35,-82.2919
202409,195887,1218684,7,0.0,W,CENTRAL,36.33,-82.28
202409,195887,1218686,3,1.75,ESE,CHESTNUT RIDGE,36.1403,-82.671
202409,195887,1218686,4,2.0,SE,CHESTNUT RIDGE,36.1295,-82.6747
202409,195887,1218686,1,1.31,ESE,CHESTNUT RIDGE,36.14,-82.68
202409,195887,1218686,2,1.25,ESE,CHESTNUT RIDGE,36.1431,-82.6793
202409,195887,1218730,1,2.0,E,JONESBORO,36.3,-82.4341
202409,195887,1218730,2,2.0,S,JONESBORO,36.2711,-82.47
202409,195887,1218730,3,2.0,W,JONESBORO,36.3,-82.5059
202409,195887,1218730,4,1.5,N,JONESBORO,36.3217,-82.47
202409,195887,1218748,1,0.0,N,RICHARDSON COVE,35.82,-83.43
202409,195887,1218748,2,0.5,S,RICHARDSON COVE,35.8128,-83.43
202409,195887,1218748,3,1.0,SW,RICHARDSON COVE,35.8098,-83.4426
202409,195887,1218748,4,2.0,WSW,RICHARDSON COVE,35.8089,-83.463
202409,195887,1218748,5,2.5,W,RICHARDSON COVE,35.82,-83.4746
202409,195887,1218748,6,2.0,WNW,RICHARDSON COVE,35.8311,-83.463
202409,195887,1218750,1,3.0,NNW,RICHARDSON COVE,35.8601,-83.4505
202409,195887,1218750,2,3.0,N,RICHARDSON COVE,35.8634,-83.43
202409,195887,1218750,3,2.3,N,RICHARDSON COVE,35.8533,-83.43
202409,195887,1218750,4,2.3,NNW,RICHARDSON COVE,35.8508,-83.4457
202409,195887,1218827,1,1.5,N,BULLS GAP,36.2717,-83.08
202409,195887,1218827,2,2.0,NNW,BULLS GAP,36.2767,-83.0937
202409,195887,1218827,3,1.5,W,BULLS GAP,36.25,-83.1069
202409,195887,1218827,4,0.7,W,BULLS GAP,36.25,-83.0926
202409,195887,1218837,1,3.0,ENE,LOWLAND,36.1866,-83.1503
202409,195887,1218837,2,0.6,ENE,LOWLAND,36.1733,-83.1901
202409,195887,1218837,3,3.2,SSE,LOWLAND,36.1272,-83.1781
202409,195887,1218837,4,1.7,SW,LOWLAND,36.1526,-83.2216
202409,195887,1218837,5,0.3,N,LOWLAND,36.1743,-83.2
202409,195887,1218837,6,1.4,NE,LOWLAND,36.1843,-83.1823
202409,195887,1218840,1,5.0,ENE,LIBERTY HILL,36.1077,-83.0873
202409,195887,1218840,2,3.0,NE,LIBERTY HILL,36.1107,-83.132
202409,195887,1218840,3,4.0,NNE,LIBERTY HILL,36.1335,-83.1426
202409,195887,1218840,4,5.0,N,LIBERTY HILL,36.1524,-83.17
202409,195887,1218840,5,3.5,N,LIBERTY HILL,36.1307,-83.17
202409,195887,1218840,6,2.8,NNW,LIBERTY HILL,36.1174,-83.1892
202409,195887,1218840,7,4.0,NW,LIBERTY HILL,36.1209,-83.2207
202409,195887,1218840,8,4.0,WSW,LIBERTY HILL,36.0579,-83.2362
202409,195887,1218836,1,8.0,NW,ST JAMES,36.1119,-83.0513
202409,195887,1218836,2,0.0,N,ST JAMES,36.03,-82.95
202409,195887,1218836,3,8.0,S,GREENEVILLE,36.0542,-82.83
202409,195887,1218836,4,5.0,S,GREENEVILLE,36.0976,-82.83
202409,195887,1218881,1,1.0,NE,TUCKAHOE,35.9602,-83.6674
202409,195887,1218881,2,2.0,NE,TUCKAHOE,35.9705,-83.6547
202409,195887,1218881,3,2.5,NNE,TUCKAHOE,35.9834,-83.6629
202409,195887,1218881,4,3.0,NW,TUCKAHOE,35.9807,-83.7179
202409,195887,1218881,5,3.0,WNW,TUCKAHOE,35.9666,-83.7296
202409,195887,1218838,1,1.0,N,HARTFORD,35.8345,-83.15
202409,195887,1218838,2,4.0,ESE,HARTFORD,35.7979,-83.0841
202409,195887,1218838,3,3.75,SSE,HARTFORD,35.7699,-83.1244
202409,195887,1218838,4,3.0,WSW,HARTFORD,35.8034,-83.1995
202409,195887,1218838,5,8.0,NNW,NEWPORT,36.057,-83.2348
202409,195887,1218838,6,2.0,NE,NEWPORT,35.9705,-83.1547
202409,195887,1218839,4,0.0,NNE,BYBEE,36.05,-83.18
202409,195887,1218839,5,3.0,WSW,BYBEE,36.0334,-83.2296
202409,195887,1218839,6,1.5,N,NEWPORT,35.9717,-83.18
202409,195887,1218839,7,1.75,SW,DEL RIO,35.9021,-83.0521
202409,195887,1218839,1,2.0,SE,WOLF CREEK,35.8995,-82.9247
202409,195887,1218839,2,2.5,NNE,WOLF CREEK,35.9534,-82.9329
202409,195887,1218839,3,0.0,NNE,PARROTTSVILLE,36.0,-83.08
202409,195887,1218675,1,0.0,NNW,ERWIN,36.15,-82.42
202409,195887,1218675,2,1.49,NNW,COFFEE RIDGE,36.05,-82.53
202409,195887,1218675,3,0.0,NNW,FLAG POND,36.02,-82.55
202409,195887,1218675,4,5.0,E,FLAG POND,36.02,-82.4605
202409,195887,1218675,5,3.5,SSE,ERWIN,36.1032,-82.396
202409,195887,1218675,6,4.0,SE,ERWIN,36.1091,-82.3693
202409,195887,1218675,7,8.0,E,ERWIN,36.15,-82.2766
202409,195887,1218675,8,0.0,N,UNICOI,36.2,-82.35
202409,195887,1218880,1,1.25,E,BOYDS CREEK,35.92,-83.6477
202409,195887,1218880,2,1.25,ENE,BOYDS CREEK,35.9269,-83.6494
202409,195887,1218880,3,1.75,ENE,BOYDS CREEK,35.9297,-83.6411
202409,195887,1218880,4,2.0,E,BOYDS CREEK,35.92,-83.6343
202409,195887,1218741,1,1.5,SW,EMBREEVILLE,36.1647,-82.489
202409,195887,1218741,2,2.5,SE,EMBREEVILLE,36.1544,-82.4383
202409,195887,1218741,3,1.5,E,EMBREEVILLE,36.18,-82.4431
202409,195887,1218741,4,3.0,NNE,EMBREEVILLE,36.2201,-82.4494
202409,195887,1218741,5,3.0,N,EMBREEVILLE,36.2234,-82.47
202409,195887,1218741,6,5.0,NNW,ADAMS MILL,36.1969,-82.6343
202409,195887,1218741,7,0.0,NNE,ADAMS MILL,36.13,-82.6
202207,190585,1171815,1,0.56,E,LEIPERS FORK,35.9,-86.99
202207,190585,1171818,1,0.89,NW,FRANKLIN,35.93,-86.91
202207,190585,1171820,1,1.49,NNW,MALLORYS,35.97,-86.81
202207,190585,1171813,1,0.89,NE,BON AQUA,35.96,-87.32
202407,192155,1202342,1,2.82,NNE,CUMBERLAND SPGS,35.37,-86.29
202407,192155,1202345,1,0.69,S,CUMBERLAND SPGS,35.32,-86.3
202207,190585,1171814,1,0.0,N,BON AQUA,35.95,-87.33
202207,190585,1171821,1,2.88,ESE,TRIUNE,35.86,-86.62
202207,190585,1171823,1,1.78,SW,MT OLIVE,35.86,-86.47
202407,192155,1202359,1,2.99,SSE,BELLEVIEW,35.01,-86.58
202407,192155,1202360,1,0.69,S,COWAN,35.16,-86.02
202407,192155,1202361,1,0.89,NE,WINCHESTER,35.19,-86.11
202407,192155,1208362,1,1.51,N,WINCHESTER SPGS,35.2516,-86.1734
202407,192155,1208363,1,0.0,N,WINCHESTER,35.18,-86.12
202207,190585,1171822,1,1.49,NNE,OVERALL,35.84,-86.47
202207,190585,1171817,1,0.0,N,LEIPERS FORK,35.9,-87.0
202207,189932,1167478,1,0.64,WNW,TAYLORSVILLE,36.2747,-86.2099
202207,189932,1167742,1,1.78,ESE,LIBERTY,36.4073,-86.4922
202207,189932,1167742,2,1.42,ENE,PEYTONA,36.379,-86.4971
202207,189932,1167742,3,1.63,WNW,CEDAR GROVE,36.3579,-86.4775
202207,189932,1167742,4,0.32,ENE,CEDAR GROVE,36.3517,-86.4448
202207,189932,1167742,5,1.75,E,CEDAR GROVE,36.352,-86.4186
202207,189932,1167742,6,1.0,SE,TROUSDALE,36.391,-86.386
202207,189932,1167742,7,1.38,NNE,TROUSDALE,36.4169,-86.3868
202207,189932,1167742,8,1.48,N,GALLATIN,36.4214,-86.4478
202207,189932,1167745,1,1.3,SE,MINERAL SPGS,36.1567,-85.2036
202207,189932,1167745,2,1.61,SE,MINERAL SPGS,36.1512,-85.2031
202207,189932,1167745,3,1.08,S,DOUBLING SPUR,36.1544,-85.1798
202207,189932,1167745,4,0.84,ESE,DOUBLING SPUR,36.1655,-85.1659
202207,189932,1167745,5,0.64,WNW,CLIFF SPGS,36.1847,-85.16
202207,189932,1167745,6,0.25,NNE,OBEY CITY,36.1835,-85.179
202207,189932,1167746,1,1.0,SW,HOLLADAY,36.1394,-85.5423
202207,189932,1167746,2,1.4,WSW,POPLAR GROVE,36.1411,-85.4426
202207,189932,1167746,3,0.75,ENE,ALGOOD,36.203,-85.417
202207,189932,1167746,4,1.43,WNW,COOKEVILLE ARPT,36.2105,-85.5022
202207,189932,1167747,1,0.85,E,ALLISONA,35.7497,-86.7049
202207,189932,1167747,2,2.41,SW,VERSAILLES,35.7074,-86.5828
202207,189932,1167747,3,2.03,WSW,PLAINVIEW,35.6857,-86.4015
202207,189932,1167747,4,2.69,NNE,RUCKER,35.7859,-86.3816
202207,189932,1167747,5,3.84,NNE,ALLISONA,35.8018,-86.6952
202207,189932,1167748,1,1.66,ENE,LEBANON,36.2332,-86.2751
202207,189932,1167748,2,2.63,ENE,LEBANON,36.2346,-86.2564
202207,189932,1167748,3,2.84,E,LEBANON,36.2147,-86.2495
202207,189932,1167748,4,1.71,ESE,LEBANON,36.21,-86.2719
202207,189932,1167415,1,2.0,SE,HOHENWALD,35.5295,-87.5449
202207,189932,1167416,1,2.0,SE,HOHENWALD,35.5295,-87.5449
202207,189932,1167622,1,3.0,SSE,RED BOILING SPGS,36.4899,-85.8293
202207,189932,1167631,1,2.31,NNE,SHELBYVILLE,35.5127,-86.4613
202207,189654,1166066,1,1.32,WSW,CHRISTIANA,35.71,-86.42
202207,189654,1166067,1,0.96,ESE,ROGANA,36.4447,-86.314
202207,189654,1166068,1,2.12,SSW,ST JOSEPH,35.0201,-87.5083
202207,189932,1167384,1,0.57,W,LIVINGSTON,36.3803,-85.3302
202207,189932,1167477,1,0.93,ESE,PLEASANT HILL,35.7658,-86.5842
202207,189932,1167638,1,1.81,ESE,LAWRENCEBURG ARPT,35.2244,-87.2187
202207,189932,1167611,1,0.0,N,CULLEOKA,35.48,-86.98
202207,189932,1167406,1,0.0,N,CLARKSVILLE,36.53,-87.35
202207,189932,1167407,1,2.0,SW,CLARKSVILLE,36.5095,-87.3755
202207,189932,1167409,1,5.0,SSW,CLARKSVILLE,36.4631,-87.3845
202207,189932,1171885,1,0.57,W,MC MINNVILLE,35.6799,-85.7902
202207,189932,1167749,1,0.39,WNW,CUMMINGS,35.8828,-85.4561
202207,189932,1167749,2,0.58,N,CUMMINGS,35.8883,-85.4515
202207,189932,1167749,3,1.49,ENE,CUMMINGS,35.8865,-85.4246
202207,189932,1167749,4,2.07,E,CUMMINGS,35.8821,-85.4131
202207,189932,1167749,5,2.2,ESE,CUMMINGS,35.8706,-85.4125
202207,189932,1167749,6,1.1,SE,CUMMINGS,35.8673,-85.4381
202207,189932,1167410,1,0.0,N,FLAT WOOD,35.48,-87.83
202207,189932,1167958,1,1.82,NNE,PORT ROYAL,36.5747,-87.1386
202207,189932,1167958,2,0.94,E,PORT ROYAL,36.5499,-87.1331
202207,189932,1167958,3,0.78,WSW,PORT ROYAL,36.5476,-87.1638
202207,189932,1167958,4,1.23,W,PORT ROYAL,36.5518,-87.1721
202207,189932,1167958,5,2.9,W,PORT ROYAL,36.5425,-87.2014
202207,189932,1167958,6,2.58,N,SANGO,36.5373,-87.2294
202207,189932,1167958,7,3.46,SSW,BELDON,36.5535,-87.2429
202207,189932,1167958,8,2.4,NW,PORT ROYAL,36.5732,-87.1822
202207,189932,1167965,2,5.29,SSE,WRENCOE,35.9495,-86.663
202207,189932,1167965,3,5.64,SSE,WRENCOE,35.9464,-86.6563
202207,189932,1167965,5,7.03,SE,WRENCOE,35.9414,-86.6202
202207,189932,1167965,1,5.12,SSE,WRENCOE,35.9522,-86.663
202207,189932,1167965,6,6.75,SE,WRENCOE,35.9481,-86.6183
202207,189932,1167965,4,6.62,SSE,WRENCOE,35.9394,-86.6359
202207,189932,1167628,1,0.72,SW,BERRY,36.1731,-87.3896
202207,189932,1167629,1,1.24,SSE,SANDY SPGS,36.4331,-87.0124
202207,189932,1167630,1,0.15,S,HUNTERS PT,36.2978,-86.2704
202207,189932,1167656,1,1.35,S,HICKORY HGTS,35.4305,-86.7717
202207,189932,1167640,1,1.72,NE,LAWRENCEBURG ARPT,35.2475,-87.2284
202207,189932,1167653,1,0.66,SW,COCHRAN,35.4224,-86.827
202207,189932,1167654,1,0.91,SE,COCHRAN,35.4224,-86.8067
202207,189932,1167597,1,2.32,ENE,IVY BLUFF,35.6777,-86.0098
202207,189932,1167598,1,1.19,SW,BOMAR ARPT,35.56,-86.4674
202207,189932,1167744,1,0.86,NE,VAUGHNS GAP,36.0772,-86.8675
202207,189932,1167744,2,2.08,SSE,ANTIOCH,36.042,-86.6562
202207,189932,1167744,3,1.37,WSW,COUCHVILLE,36.0945,-86.5736
202207,189932,1167744,4,1.7,NE,TULIP GROVE,36.2153,-86.576
202207,189932,1167744,6,1.37,SSE,UNION HILL,36.3116,-86.7706
202207,189932,1167744,7,1.8,N,BULL RUN,36.2757,-86.9155
202207,189932,1167744,8,2.85,WSW,NASHVILLE TUNE ARPT,36.1654,-86.9278
202207,189932,1167744,5,0.61,ENE,RAYON CITY,36.2739,-86.6601
202207,189932,1167411,1,9.0,S,LINDEN,35.4897,-87.85
202207,189932,1167412,1,2.0,SE,HOHENWALD,35.5295,-87.5449
202207,189932,1167609,1,1.0,E,FAIRFIELD GLADE,36.0,-84.8621
202207,189932,1167419,1,1.0,NE,WHITE HOUSE,36.4802,-86.6473
202207,189932,1167420,1,2.0,N,WHITE HOUSE,36.499,-86.66
202207,189932,1167422,1,1.0,NE,WHITE HOUSE,36.4802,-86.6473
202207,189979,1168004,1,0.13,WNW,SHADY GROVE,35.6208,-85.9822
202207,189979,1167996,1,0.37,ESE,BERLIN,35.5284,-86.8236
202207,189979,1167994,1,3.0,W,COLUMBIA,35.62,-87.1034
202207,189979,1167998,1,0.52,W,DUNCANVILLE,35.45,-86.8592
202207,189932,1167641,1,0.68,S,HUNTERS PT,36.2903,-86.2717
202207,189979,1168001,1,1.13,E,NORMANDY,35.4519,-86.26
202207,189979,1168003,1,0.9,NE,FAIRVIEW,35.4398,-86.2194
202207,189932,1167602,1,1.38,N,TARLTON,35.52,-85.67
202207,189932,1167390,1,0.0,N,CEDAR HILL,36.55,-87.0
202207,189932,1167391,1,1.57,WSW,MORNY,36.272,-86.9064
202207,189932,1167396,1,2.0,N,CROSS PLAINS,36.579,-86.7
202207,189654,1166043,1,0.03,SSW,STEPPSVILLE,35.5296,-85.7001
202207,189654,1166045,1,1.44,SSE,LEBANON,36.2001,-86.2921
202207,189932,1167615,1,0.47,SSE,COCHRAN,35.4241,-86.8158
202207,189932,1167618,1,2.0,NNE,PALMER,35.3767,-85.5564
202207,189932,1167430,1,1.11,W,PINNACLE,36.35,-86.95
202207,189932,1167433,1,2.42,WSW,LUNNS STORE,35.662,-86.817
202207,189932,1167433,2,1.92,SW,LUNNS STORE,35.6622,-86.8063
202207,189979,1168006,1,0.99,ENE,WEBBER CITY,35.3553,-87.2837
202207,189979,1168006,2,3.39,ESE,ALEXANDER SPGS,35.3684,-87.2215
202207,189979,1168008,1,0.89,NW,BUMPUS MILLS,36.61,-87.83
202207,189979,1168008,2,1.69,NNW,BUMPUS MILLS,36.6206,-87.8365
202207,189979,1168008,3,1.84,NW,BUMPUS MILLS,36.6187,-87.8436
202207,189979,1168008,4,1.04,NW,BUMPUS MILLS,36.6094,-87.8346
202207,189932,1167435,1,1.4,W,TWO CHESNUT,36.4499,-86.6452
202207,189932,1167479,1,1.77,ENE,NEWTOWN,35.6936,-86.5033
202207,189932,1167479,2,2.51,NE,MIDLAND,35.6975,-86.4508
202207,189932,1167587,1,7.0,S,MURFREESBORO,35.7487,-86.42
202207,189932,1167739,1,1.06,WSW,ORLINDA,36.5935,-86.7372
202207,189932,1167739,2,1.2,SE,HANDLEYTON,36.5875,-86.6151
202207,189932,1167739,3,0.97,E,GALISTIA,36.5226,-86.6528
202207,189932,1167739,4,1.46,W,WHITE HOUSE,36.4734,-86.6859
202207,189932,1167739,6,2.21,W,BAGGETTSVILLE,36.4828,-86.7596
202207,189932,1167739,5,1.38,W,BAGGETTSVILLE,36.4806,-86.7448
202207,189932,1167752,1,0.83,N,CHAPEL HILL,35.6419,-86.6987
202207,189932,1167752,2,1.98,ENE,CHAPEL HILL,35.6399,-86.6669
202207,189932,1167752,3,1.35,SE,BEASLEY,35.6652,-86.6342
202207,189932,1167752,4,0.48,SSW,HOLTS CORNER,35.6738,-86.6837
202207,189932,1167752,5,1.1,WSW,HOLTS CORNER,35.6728,-86.6974
202207,189932,1167957,7,0.83,N,TOBACCOPORT,36.662,-87.8795
202207,189932,1167957,1,1.81,E,THROCKMORTON,36.4317,-87.5976
202207,189932,1167957,2,3.75,SE,CUMBERLAND CITY,36.369,-87.5947
202207,189932,1167957,3,4.19,WSW,CUMBERLAND CITY,36.37,-87.7154
202207,189932,1167957,4,1.09,S,BEAR SPG,36.4643,-87.7716
202207,189932,1167957,5,3.27,W,DOVER,36.489,-87.8878
202207,189932,1167957,6,1.57,NE,MODEL,36.6678,-87.9524
202207,189932,1167625,1,1.59,E,LEGATE,36.5511,-87.6714
202207,189932,1167448,1,1.0,SE,GALLATIN,36.3898,-86.4373
202207,189932,1167458,1,1.0,SSE,INGLEWOOD,36.2066,-86.7231
202207,189932,1167599,1,1.37,S,VANNATTA,35.6002,-86.4811
202207,189932,1167740,1,0.88,ENE,SPRINGFIELD MUNI ARP,36.5358,-86.906
202207,189932,1167740,2,2.36,SW,SPRINGFIELD,36.4775,-86.912
202207,189932,1167740,3,2.82,SW,SPRINGFIELD,36.4683,-86.912
202207,189932,1167740,4,1.66,SSW,COURTLAND,36.4477,-86.8611
202207,189932,1167740,5,0.92,NE,COURTLAND,36.4775,-86.8364
202207,189932,1167740,6,1.58,N,OAKLAND,36.5225,-86.8248
202207,189932,1167740,7,1.62,SW,LAKEVIEW,36.5365,-86.8238
202207,189932,1167404,1,1.0,SSE,PORTLAND,36.5666,-86.5131
202207,189932,1167408,1,0.0,N,CLARKSVILLE,36.53,-87.35
202207,189932,1167413,1,0.0,E,HOHENWALD,35.55,-87.57
202207,189932,1167646,1,0.2,W,MORRISON,35.6003,-85.9236
202207,189932,1167647,1,1.55,E,MT VERNON,35.7338,-86.6028
202207,189932,1167613,1,1.13,W,TARPLEY,35.1492,-87.02
202207,189932,1167650,1,1.58,S,PULASKI,35.1772,-87.021
202207,189932,1167750,1,0.82,ESE,BARKERTOWN,35.3977,-85.5558
202207,189932,1167750,2,2.22,ESE,BARKERTOWN,35.3929,-85.5315
202207,189932,1167750,4,4.3,SW,PALMER,35.3058,-85.6239
202207,189932,1167750,5,0.43,SSE,SWEETON HILL,35.3246,-85.7261
202207,189932,1167750,6,1.29,W,ALTAMONT,35.4283,-85.7528
202207,189932,1167750,7,6.63,E,TARLTON,35.5105,-85.5528
202207,189932,1167750,3,3.0,SE,PALMER,35.3148,-85.5387
202207,189932,1167751,1,0.34,ENE,WOODBURY,35.8317,-86.0743
202207,189932,1167751,2,0.35,ESE,WOODBURY,35.8273,-86.0747
202207,189932,1167751,3,0.88,ESE,WOODBURY,35.8264,-86.065
202207,189932,1167751,4,0.86,ENE,WOODBURY,35.8329,-86.0651
202207,189932,1167414,1,2.0,SE,HOHENWALD,35.5295,-87.5449
202207,189932,1167421,1,0.0,E,CUMBERLAND FURNACE,36.27,-87.37
202207,189932,1167426,1,6.0,SE,ASHLAND CITY,36.2186,-86.9939
202207,189932,1167417,1,1.56,SSW,EDEN CORNER,36.4998,-86.7623
202207,189932,1167626,1,1.47,SE,MC KINNON,36.3046,-87.8819
202207,189932,1167627,1,4.19,ESE,GORDONSBURG,35.5441,-87.3626
202207,189932,1167632,1,0.55,NW,ELBETHEL,35.5263,-86.526
202207,189932,1167655,1,2.56,NNW,LUNA,35.4014,-86.7741
202207,189932,1167603,1,0.69,S,MANCHESTER,35.47,-86.08
202207,189932,1167621,1,1.0,SSE,RED BOILING SPGS,36.5166,-85.8431
202207,189932,1167968,1,2.05,WSW,NASHVILLE CORNELIA F,36.1663,-86.7325
202207,189932,1167968,2,2.23,SW,NASHVILLE CORNELIA F,36.1618,-86.733
202207,189932,1167968,3,1.49,SW,NASHVILLE CORNELIA F,36.1624,-86.7155
202207,189932,1167968,4,0.92,SSW,NASHVILLE CORNELIA F,36.1672,-86.7044
202207,189932,1167968,5,0.84,SW,NASHVILLE CORNELIA F,36.1728,-86.7122
202207,189932,1167969,1,1.66,NNE,HUNTERS PT,36.3232,-86.2623
202207,189932,1167969,2,1.96,NNE,HUNTERS PT,36.3238,-86.2507
202207,189932,1167969,3,2.16,NE,HUNTERS PT,36.3227,-86.2432
202207,189932,1167969,4,1.73,E,HUNTERS PT,36.302,-86.239
202207,189932,1167969,5,0.67,ESE,HUNTERS PT,36.2956,-86.2594
202207,189932,1167969,6,0.79,NW,HUNTERS PT,36.3068,-86.2813
202207,189932,1167969,7,1.7,NNW,HUNTERS PT,36.324,-86.2769
202207,189979,1167993,1,2.0,SE,HOHENWALD,35.5295,-87.5449
202207,189932,1167635,1,1.0,SSW,NASHVILLE,36.1566,-86.7869
202207,189932,1167651,1,1.0,NNE,MOORESVILLE,35.4441,-86.9157
202207,189979,1168005,1,0.0,N,SPARTA,35.93,-85.47
202207,189932,1167642,1,1.08,S,HUNTERS PT,36.2844,-86.2703
202207,189932,1167643,1,1.4,SSE,HUNTERS PT,36.2805,-86.2635
202207,189932,1167737,1,2.92,SSE,BAGGETTSVILLE,36.4409,-86.7001
202207,189932,1167737,2,2.4,S,WHITE HOUSE,36.4355,-86.6641
202207,189932,1167737,3,2.25,SSE,WHITE HOUSE,36.4392,-86.6469
202207,189932,1167737,4,1.39,ESE,WHITE HOUSE,36.4597,-86.6385
202207,189932,1167737,5,1.59,ENE,WHITE HOUSE,36.4814,-86.6352
202207,189932,1167737,6,1.48,ENE,BAGGETTSVILLE,36.487,-86.6949
202207,189932,1167604,1,1.91,SE,BLANTON CHAPEL,35.4783,-86.129
202207,189932,1167606,1,0.69,SW,MANCHESTER,35.4734,-86.0892
202207,189932,1167392,1,0.69,N,YOUNGVILLE,36.59,-86.83
202207,189932,1167397,1,0.0,WNW,BUMPUS MILLS,36.6,-87.82
202207,189654,1166046,1,0.75,N,LEBANON ARPT,36.1908,-86.3195
202207,189654,1166050,1,1.38,SE,TAYLORSVILLE,36.2551,-86.1835
202207,189654,1166050,2,1.46,WNW,BELLWOOD,36.2571,-86.1747
202207,189654,1166052,1,0.37,E,PEYTONSVILLE,35.8201,-86.7735
202207,189654,1166055,1,1.21,SE,KIRKLAND,35.81,-86.6623
202207,189932,1167424,1,0.51,ESE,LILLAMAY,36.2274,-87.0414
202207,189932,1167425,1,0.3,SSE,LILLAMAY,36.2261,-87.0477
202207,189932,1167429,1,3.0,E,ASHLAND CITY,36.28,-87.0161
202207,189979,1168007,1,2.76,N,NEW HAVEN,36.54,-87.8
202207,189979,1168007,2,2.69,N,NEW HAVEN,36.5389,-87.7976
202207,189979,1168007,3,2.98,N,NEW HAVEN,36.5429,-87.7945
202207,189979,1168007,4,3.11,N,NEW HAVEN,36.545,-87.7992
202207,189979,1168007,5,2.89,N,NEW HAVEN,36.5418,-87.8025
202207,189979,1167997,1,1.19,W,BELFAST,35.4199,-86.7412
202207,189979,1167999,1,0.71,NNE,ROSEVILLE,35.48,-86.2971
202207,189979,1168000,1,0.61,W,FAIRVIEW,35.429,-86.2407
202207,189932,1167652,1,1.54,NE,MOORESVILLE,35.4427,-86.8976
202207,189932,1167601,1,1.69,NNE,BETHEL,35.0232,-87.0405
202207,189932,1167601,2,2.05,ESE,POPLAR HILL,35.0183,-86.9367
202207,189932,1167605,1,2.57,NNE,FREDONIA,35.5626,-86.098
202207,189932,1167399,1,1.0,E,BUMPUS MILLS,36.6,-87.802
202207,189932,1167451,1,0.58,SSE,CEDAR GROVE,36.342,-86.4468
202207,189932,1167474,1,0.0,N,HARTSVILLE,36.4,-86.17
202207,189932,1167434,1,2.0,W,GALLATIN,36.4,-86.486
202207,189932,1167461,1,0.18,SSW,CASTALIAN SPGS,36.3976,-86.3212
202207,189932,1167589,1,0.47,NNE,SOUTH CARTHAGE,36.2566,-85.9476
202207,189932,1167596,1,7.0,S,MURFREESBORO,35.7487,-86.42
202207,189932,1167378,1,0.89,NW,BIG ROCK,36.59,-87.76
202207,189932,1167380,1,0.56,W,COTTONTOWN,36.45,-86.54
202207,189932,1167648,1,0.89,SSE,PLEASANT HILL,35.7575,-86.596
202207,189932,1167649,1,0.89,WNW,MT VERNON,35.7328,-86.6455
202207,189932,1167614,1,3.03,SSW,WALES,35.2113,-87.105
202207,189932,1167428,1,0.87,NW,TWO CHESNUT,36.4571,-86.633
202207,189932,1167427,1,0.79,N,TWO CHESNUT,36.4615,-86.62
202207,189932,1167471,1,1.8,SW,CAIRO,36.3528,-86.3942
202207,189932,1167476,1,1.0,E,HARTSVILLE,36.4,-86.152
202207,189932,1167432,1,1.85,WNW,UNION GROVE,35.6095,-87.0007
202207,189932,1167432,2,0.92,SE,RALLY HILL,35.662,-86.817
202207,189932,1167381,1,0.74,NNW,LAFAYETTE,36.529,-86.0372
202207,189932,1167616,1,2.82,SW,BUNKER HILL,35.1248,-86.9193
202207,189932,1167743,1,6.75,W,FT CAMPBELL,36.6344,-87.5916
202207,189932,1167743,2,0.35,SSW,SAILORS REST,36.415,-87.5815
202207,189932,1167743,3,1.59,N,LIVERWORTH,36.4229,-87.3318
202207,189932,1167743,4,7.43,ENE,OAK PLAINS,36.4677,-87.0448
202207,189932,1167743,5,8.04,NE,PORT ROYAL,36.6419,-87.0613
202207,189932,1167738,1,0.97,SSW,COURTLAND,36.4581,-86.8593
202207,189932,1167738,2,1.98,E,COURTLAND,36.4713,-86.8145
202207,189932,1167738,3,1.1,NNW,RIDGETON,36.4148,-86.7771
202207,189932,1167738,4,2.02,SW,GREENBRIER,36.4081,-86.8241
202207,189654,1166059,1,2.67,NW,INDIAN MOUND,35.9504,-85.7296
202207,189654,1166062,1,1.68,NNW,CUMMINGS,35.9021,-85.4627
202207,189654,1166054,1,0.37,E,PEYTONSVILLE,35.8197,-86.7734
202207,189654,1166056,1,0.69,S,BAXTER,36.14,-85.63
202207,189654,1166057,1,1.32,ESE,SAWDUST,35.66,-87.18
202207,189654,1166060,1,1.46,ENE,HENSLEYS CHAPEL,35.928,-85.5059
202207,189654,1166061,1,0.98,N,COUCHVILLE,36.1142,-86.5489
202207,189654,1166063,1,0.85,S,GOSSBURG,35.6577,-86.2197
202207,189654,1166064,1,0.18,N,CUMMINGS,35.8827,-85.4497
202207,189654,1166064,2,0.55,NNE,CUMMINGS,35.8871,-85.4453
202207,189654,1166064,3,1.56,ESE,CUMMINGS,35.8703,-85.4248
202207,189654,1166064,4,1.86,N,RIVER HILL,35.8469,-85.4193
202207,189654,1166064,5,1.95,NNW,RIVER HILL,35.8475,-85.4276
202207,189654,1166065,1,2.17,NE,CRAIGFIELD,35.94,-87.15
202207,189932,1167634,1,2.59,N,IVY BLUFF,35.7075,-86.0523
202207,189932,1167600,1,1.46,NNE,HIAWASEE,35.6389,-85.8883
202207,189932,1167607,1,1.42,ENE,WINTON TOWN,35.4798,-85.9079
202207,189932,1167608,1,0.71,SE,HILLSBORO,35.4123,-85.9715
202207,189932,1167382,1,7.0,WNW,LIVINGSTON,36.4188,-85.4363
202207,189932,1167383,1,2.02,WNW,LIVINGSTON,36.3898,-85.3542
202207,189932,1167446,1,2.18,NW,ROVER,35.69,-86.63
202207,189932,1167405,1,0.0,N,PINE VIEW,35.73,-87.93
202207,189932,1167610,1,1.01,ENE,ISOM,35.6354,-87.3034
202207,189932,1167386,1,1.34,E,EXCELL,36.4766,-87.2463
202207,189654,1166053,1,0.56,E,PEYTONSVILLE,35.82,-86.77
202207,189932,1167741,1,1.42,W,ROCKLAND,36.3028,-86.6552
202207,189932,1167741,2,0.82,SSW,ROCKLAND,36.2896,-86.6371
202207,189932,1167741,3,0.33,N,OLD HICKORY,36.2748,-86.6299
202207,189932,1167741,4,0.74,S,OLD HICKORY,36.2594,-86.6308
202207,189932,1167741,5,2.71,ESE,HENDERSONVILLE,36.2647,-86.5752
202207,189932,1167741,6,1.15,WSW,OCANA,36.373,-86.5687
202207,189932,1167741,7,1.79,WSW,SHACKLE IS,36.3635,-86.6511
202207,189932,1167644,1,1.64,N,FLAT ROCK,36.2538,-86.0993
202207,189932,1167645,1,0.56,NE,SOUTH CARTHAGE,36.2557,-85.943
202207,189932,1167633,1,3.0,S,CENTERTOWN,35.6766,-85.92
202207,189979,1167995,1,2.77,S,YOKLEY,35.3804,-87.1277
202207,190084,1168884,1,0.0,N,CELINA,36.55,-85.5
202207,189654,1166058,1,0.47,WNW,SMITHVILLE,35.9719,-85.8581
202207,189654,1166058,2,0.59,S,SMITHVILLE MUNI ARPT,35.9714,-85.8003
202207,189654,1166049,1,2.24,E,LEBANON,36.2196,-86.2598
202207,190084,1168882,1,0.69,S,GREENWOOD,36.49,-85.87
202207,190084,1168888,1,2.0,W,GALLATIN,36.4,-86.486
202207,190585,1171829,1,0.0,N,BYRDSTOWN,36.57,-85.13
202207,190585,1171811,1,3.0,ESE,FAIRVIEW,35.9634,-87.0704
202207,190585,1187384,1,2.35,NNE,SHARP PLACE,36.53,-84.81
202207,190585,1171828,1,3.1,ESE,OAKLAND,36.48,-86.78
202207,189932,1167480,1,1.49,SSE,ROCK CITY,36.25,-86.04
202207,190585,1171819,1,0.89,NW,MUDSINK,35.93,-86.83
202207,189654,1166051,1,1.22,WSW,LEIPERS FORK,35.8917,-87.0193
202207,189932,1167585,1,0.68,NE,SOUTH CARTHAGE,36.2571,-85.9416
202207,189932,1167481,1,2.45,NNW,TUCKERS XRDS,36.2314,-86.2002
202207,189932,1167590,1,0.62,NNE,SOUTH CARTHAGE,36.2587,-85.9469
202207,189932,1167594,1,0.62,N,SOUTH CARTHAGE,36.259,-85.95
202207,189654,1166047,1,1.75,SE,LEBANON,36.2005,-86.2799
202207,200763,1244757,1,3.42,ESE,WARTBURG,36.09,-84.54
202207,200763,1244760,1,0.89,SW,DECATUR,35.51,-84.81
202207,200763,1244761,1,0.0,N,HEISKELL,36.08,-84.05
202207,200763,1244765,1,2.33,ESE,WINONA,36.37,-84.39
202207,200763,1245512,1,0.69,SW,CHICKAMAUGA,35.0632,-85.2588
202207,200763,1245512,2,0.69,S,CHICKAMAUGA,35.06,-85.25
202207,200763,1245512,3,1.35,ESE,CHATTANOOGA,35.0454,-85.2568
202207,200763,1245512,4,0.75,ESE,CHATTANOOGA,35.0465,-85.2676
202207,200763,1245515,1,1.35,NW,HICKS CHAPEL,35.232,-85.4889
202207,200763,1245515,2,0.42,N,HICKS CHAPEL,35.226,-85.4687
202207,200763,1245515,3,0.63,WNW,SULPHUR SPGS,35.1719,-85.5109
202207,200763,1245515,4,1.62,S,WHITWELL,35.1766,-85.5286
202207,200763,1244753,1,0.89,SE,BIRCHWOOD,35.36,-84.99
202207,200763,1244755,1,0.56,E,UNION MC MINN,35.55,-84.56
202207,200763,1244759,1,0.89,NE,ROBINSON MILL,35.73,-84.31
202207,200763,1244763,1,0.56,E,SALE CREEK,35.38,-85.11
202207,200763,1244739,1,0.89,SW,MONTLAKE,35.21,-85.13
202207,200763,1246171,1,0.65,ESE,DECATUR,35.5151,-84.7901
202207,200923,1246173,1,0.89,SE,SPRING CITY,35.69,-84.86
202207,200923,1246172,1,1.12,W,COOPER MILL,35.63,-85.19
202207,200923,1246174,1,0.56,W,MOUNTAIN CITY,36.48,-81.81
202207,200763,1244738,1,1.32,WNW,ATHENS ARPT,35.41,-84.59
202207,200763,1244740,1,0.0,N,NEW SALEM,35.23,-85.15
202207,200763,1244741,1,0.89,SE,OAK RIDGE,36.01,-84.26
202207,200763,1244742,1,1.81,ESE,BATLEY,36.02,-84.22
202207,200763,1244743,1,1.31,ESE,BATLEY,36.02,-84.23
202207,200763,1244744,1,0.89,SE,NORRIS,36.19,-84.06
202207,200763,1244745,1,0.69,N,NINEMILE,35.71,-85.1
202207,200763,1244749,1,2.82,NNE,FREDONIA,35.44,-85.42
202207,200763,1244754,1,0.89,SW,CANNON CREEK,35.49,-85.34
202207,200763,1244752,1,0.56,E,GRIFFITH CREEK,35.28,-85.54
202207,199504,1233650,1,1.78,SW,CREWSTOWN,35.16,-87.47
202207,199504,1233650,2,1.49,SSE,BUSBY,35.1,-87.41
202207,199504,1233650,3,1.79,SE,IRON CITY,35.0,-87.56
202207,199504,1233650,4,3.15,WSW,IRON CITY,35.0,-87.63
202207,199520,1233763,1,1.09,E,HAMPSHIRE,35.6018,-87.2808
202207,199520,1233763,2,0.29,NW,CANAAN,35.583,-87.1836
202207,199504,1233660,1,1.82,WNW,SIMS SPG,35.53,-86.66
202207,199504,1233660,2,2.15,SSW,CEDAR GROVE,35.62,-86.64
202207,199504,1233660,3,2.67,NW,GRAY,35.53,-86.45
202207,199504,1233660,4,2.18,NE,CORTNER,35.49,-86.25
202207,199504,1233660,5,2.18,SE,NORMANDY,35.43,-86.25
202207,199504,1233660,6,1.82,WSW,HIMESVILLE,35.42,-86.48
202207,199504,1233667,2,0.83,SW,PRUETTE SPG,35.823,-87.832
202207,199504,1233667,1,3.24,E,PRUETTE SPG,35.838,-87.763
202207,199504,1233667,3,2.17,SE,PLANT,36.0,-87.89
202207,199504,1233667,4,1.78,SE,LONELY,36.0,-87.83
202207,199504,1233690,1,0.0,N,LORETTO,35.08,-87.45
202207,199504,1233690,2,1.04,NW,SOUTH FAIRVIEW,35.0617,-87.4815
202207,199504,1233690,3,0.19,NE,SOUTH FAIRVIEW,35.0519,-87.4674
202207,199504,1233690,4,1.18,WNW,BROWN XRDS,35.0747,-87.42
202207,199504,1233690,5,1.38,N,BROWN XRDS,35.0899,-87.4022
202207,199504,1233690,6,1.58,SSW,BUSBY,35.0988,-87.4307
202207,199504,1233692,1,0.42,ESE,CROSSVILLE,35.9475,-85.0231
202207,199504,1233692,2,0.34,SE,CROSSVILLE,35.9462,-85.0262
202207,199504,1233692,3,1.21,NNW,CROSSVILLE,35.965,-85.0414
202207,199504,1233692,4,0.95,ESE,CRESTON,36.014,-85.0546
202207,199504,1233692,5,0.54,SSW,ELMORE,36.1127,-85.0833
202207,199504,1233692,6,2.21,N,RINNIE,36.182,-85.0317
202207,199504,1233692,7,2.53,NE,RINNIE,36.1766,-84.9987
202207,199520,1233764,1,1.57,SW,WESTWOOD,35.5867,-87.1026
202207,199520,1233764,2,3.33,SE,WESTWOOD,35.5707,-87.033
202207,199520,1233767,1,1.0,WSW,SHELBYVILLE,35.4745,-86.4864
202207,199504,1233694,1,2.66,NW,WESTWOOD,35.6296,-87.1101
202207,199504,1233694,2,2.13,NW,WESTWOOD,35.6246,-87.1029
202207,199504,1233694,3,2.01,WNW,WESTWOOD,35.6099,-87.1136
202207,199504,1233694,4,0.82,NE,DUKES STORE,35.5877,-87.1188
202207,199504,1233694,5,0.29,S,FRIERSON TOWN,35.5258,-87.1798
202207,199504,1233694,6,1.89,S,ARROW,35.4927,-87.2027
202207,199504,1233694,7,1.62,SE,MT JOY,35.5111,-87.2531
202207,199504,1233694,8,1.07,NE,NEEDMORE,35.5619,-87.2178
202207,199504,1233633,1,2.27,W,BIG SPGS,35.7213,-86.3204
202207,199504,1233634,1,0.0,N,MC MINNVILLE,35.68,-85.78
202207,199504,1233623,1,0.61,S,LONGVIEW,35.6412,-86.5296
202207,199504,1233635,1,2.63,W,JOPPA,35.8245,-85.6767
202207,199520,1233744,1,1.08,SSE,SPRINGFIELD,36.4865,-86.8703
202207,199520,1233745,1,1.26,ENE,TIDWELL,35.9356,-87.2085
202207,199520,1233745,2,1.62,ENE,TIDWELL,35.936,-87.202
202207,199520,1233753,1,7.0,NW,LEBANON,36.2916,-86.3888
202207,199520,1233761,1,2.0,W,NOLENSVILLE,35.95,-86.7158
202207,199504,1233653,1,0.56,E,NASHVILLE CORNELIA F,36.18,-86.69
202207,199504,1233653,2,0.56,W,RURAL HILL,36.07,-86.64
202207,199504,1233653,3,8.55,SE,WRENCOE,35.92,-86.61
202207,199504,1233653,4,7.26,SSW,WRENCOE,35.92,-86.74
202207,199504,1233653,6,2.17,SW,NASHVILLE CORNELIA F,36.16,-86.73
202207,199504,1233653,5,0.89,NE,BRENTWOOD,36.04,-86.77
202207,199504,1233664,1,4.82,SW,ONLY,35.82,-87.76
202207,199504,1233664,2,3.93,NW,SPOT,35.92,-87.65
202207,199504,1233664,3,3.36,E,JONES VLY,35.77,-87.21
202207,199504,1233664,4,4.97,SSW,DUCK RIVER,35.66,-87.32
202207,199504,1233655,1,1.38,N,GREENBRIER,36.3,-87.12
202207,199504,1233655,2,1.81,ESE,GRIFFINTOWN,36.17,-87.1
202207,199504,1233655,3,3.48,NE,PEGRAM,36.13,-87.0
202207,199504,1233655,4,4.18,S,PEGRAM,36.04,-87.04
202207,199504,1233655,5,5.21,WNW,BELL TOWN,36.14,-87.24
202207,199504,1233655,6,1.81,WSW,FOX BLUFF,36.31,-87.2
202207,199504,1233670,1,3.0,E,WAVERLY,36.08,-87.7463
202207,199504,1233670,2,1.0,SSW,WAVERLY ARPT,36.1058,-87.7338
202207,199504,1233670,3,1.06,NNE,FOREST HILL,36.1129,-87.7898
202207,199504,1233670,4,1.22,WSW,FOREST HILL,36.0904,-87.8183
202207,199504,1233670,5,1.17,SW,WAVERLY,36.0699,-87.8167
202207,199504,1233613,1,1.5,N,LONGVIEW,35.6716,-86.5328
202207,199504,1233613,2,2.1,NNE,LONGVIEW,35.677,-86.513
202207,199504,1233696,1,0.83,ENE,CUMBERLAND FURNACE,36.2735,-87.3557
202207,199504,1233696,2,0.84,E,CUMBERLAND FURNACE,36.2692,-87.355
202207,199504,1233696,3,0.43,SE,STAYTON,36.2752,-87.3252
202207,199504,1233696,4,0.37,ENE,STAYTON,36.2815,-87.3235
202207,199504,1233696,5,0.26,NW,STAYTON,36.2827,-87.3333
202207,199504,1233625,1,0.91,E,RUCKER,35.7523,-86.3841
202207,199504,1233636,1,1.28,W,PINE HAVEN,36.4483,-84.9529
202207,199504,1233637,1,0.0,N,PALMER,35.35,-85.57
202207,199520,1233765,1,5.14,WNW,HOUSTON,35.2767,-88.015
202207,199504,1233695,1,1.28,SSE,GOODLETTSVILLE,36.3028,-86.7112
202207,199504,1233695,2,1.43,SSE,GOODLETTSVILLE,36.3017,-86.7081
202207,199504,1233695,3,1.67,SSE,GOODLETTSVILLE,36.2966,-86.7126
202207,199504,1233695,4,1.48,S,GOODLETTSVILLE,36.299,-86.7154
202207,199504,1233675,1,2.58,NE,TENNESSEE CITY,36.1221,-87.4827
202207,199504,1233675,2,2.4,NE,TENNESSEE CITY,36.1212,-87.4859
202207,199504,1233675,3,2.67,ENE,TENNESSEE CITY,36.1141,-87.4754
202207,199504,1233675,4,2.09,WSW,DICKSON MUNI ARPT,36.1179,-87.4643
202207,199504,1233675,5,1.52,WSW,DICKSON MUNI ARPT,36.1208,-87.4549
202207,199504,1233675,6,1.5,WSW,DICKSON MUNI ARPT,36.1243,-87.4559
202207,199504,1233676,1,0.45,S,BUCK LODGE,36.5134,-86.4693
202207,199504,1233676,2,0.53,SSW,BUCK LODGE,36.5135,-86.4753
202207,199504,1233676,3,1.0,ESE,FOUNTAIN HEAD,36.5438,-86.4836
202207,199504,1233676,4,1.35,ESE,FOUNTAIN HEAD,36.5453,-86.4763
202207,199504,1233676,5,1.23,N,BUCK LODGE,36.5378,-86.4705
202207,199504,1233648,1,1.79,NE,WHEELERTON,35.1,-86.83
202207,199504,1233648,2,2.99,SSE,WHEELERTON,35.04,-86.83
202207,199504,1233648,3,2.73,SSE,POPLAR HILL,34.9941,-86.9497
202207,199504,1233648,4,0.48,SE,BETHEL,34.996,-87.043
202207,199504,1233626,1,1.22,NE,CRESCENT,35.7607,-86.4327
202207,199504,1233630,1,0.0,N,BOMAR ARPT,35.57,-86.45
202207,199520,1233746,1,1.65,NW,CRAIGFIELD,35.936,-87.202
202207,199520,1233746,2,1.11,NNE,CRAIGFIELD,35.9337,-87.1697
202207,199520,1233747,1,2.95,WSW,LINDEN PERRY CO ARPT,35.585,-87.9291
202207,199520,1233747,2,2.66,WSW,LINDEN PERRY CO ARPT,35.5872,-87.9246
202207,199520,1233749,1,1.45,N,CRAIGFIELD,35.9409,-87.1833
202207,199504,1233680,1,1.01,E,BAGGETTSVILLE,36.4813,-86.7019
202207,199504,1233680,2,1.51,E,BAGGETTSVILLE,36.4805,-86.6928
202207,199504,1233680,3,1.79,ENE,BAGGETTSVILLE,36.49,-86.6903
202207,199504,1233680,4,0.99,NNE,BAGGETTSVILLE,36.4926,-86.7114
202207,199504,1233680,5,0.5,E,BAGGETTSVILLE,36.48,-86.7111
202207,199513,1233699,1,1.14,ESE,AVONDALE,36.3211,-86.5328
202207,199513,1233700,1,1.05,SSW,KANSAS,36.4369,-86.3896
202207,199513,1233703,1,3.55,NNE,BERRYS CHAPEL,36.0197,-86.8641
202207,199513,1233715,1,0.88,WNW,WAVERLY,36.0826,-87.8154
202207,199518,1233729,1,0.0,N,GAINESBORO,36.35,-85.65
202207,199520,1233740,1,4.0,E,CLARKSVILLE,36.53,-87.278
202207,199518,1233726,1,1.11,SSE,SANDHILL,36.0144,-86.5456
202207,199518,1233727,1,0.79,SE,GLADEVILLE,36.1122,-86.4096
202207,199504,1233632,1,0.13,SSW,DONNEL CHAPEL,35.7483,-86.2311
202207,199520,1233736,1,0.0,N,BUMPUS MILLS,36.6,-87.82
202207,199520,1233738,1,1.77,NNE,WAVERLY ARPT,36.144,-87.7188
202207,199520,1233738,2,3.16,ENE,WAVERLY ARPT,36.1445,-87.6822
202207,199520,1233742,1,2.7,S,HURRICANE MILLS,35.9312,-87.7743
202207,199520,1233742,2,3.88,SW,BOLD SPGS,35.9304,-87.7292
202207,199504,1233644,1,1.28,NW,OAKLEY,36.5121,-85.3175
202207,199504,1233657,1,0.71,SSW,SADLERSVILLE,36.591,-87.126
202207,199504,1233657,2,2.1,S,WALNUT GROVE,36.52,-87.114
202207,199504,1233657,3,2.32,WNW,FAIRVIEW,36.64,-86.92
202207,199504,1233657,4,5.32,NE,ADAMS,36.64,-87.01
202207,199504,1233658,1,1.78,SW,KETTLE MILLS,35.66,-87.32
202207,199504,1233658,2,1.68,W,WATER VLY,35.77,-87.21
202207,199504,1233658,3,0.56,E,POTTSVILLE,35.63,-86.82
202207,199504,1233658,4,0.56,E,BRYANT STATION,35.52,-86.89
202207,199504,1233681,1,0.31,NW,WESTMORELAND,36.5731,-86.254
202207,199504,1233681,2,0.25,WNW,WESTMORELAND,36.5718,-86.2539
202207,199504,1233681,3,0.53,WNW,WESTMORELAND,36.5719,-86.2592
202207,199504,1233681,4,0.85,NW,WESTMORELAND,36.578,-86.2617
202207,199504,1233681,5,1.31,NW,WESTMORELAND,36.5854,-86.2639
202207,199504,1233681,6,1.86,S,TURNERS STATION,36.5931,-86.2707
202207,199504,1233681,7,1.69,WSW,PLEASANT GROVE,36.595,-86.2599
202207,199504,1233649,1,1.49,SSE,POPLAR HILL,35.01,-86.96
202207,199504,1233649,2,0.69,N,ANTHONY HILL,35.14,-87.12
202207,199504,1233649,3,0.56,E,CAMPBELLSVILLE,35.33,-87.12
202207,199504,1233649,4,1.69,W,BLUE CREEK,35.33,-86.96
202207,199504,1233649,5,0.56,W,FIVE PTS,35.18,-86.96
202207,199504,1233649,6,1.13,E,ELKTON,35.05,-86.88
202207,199520,1233755,1,0.44,SSW,MUDSINK,35.9147,-86.8241
202207,199520,1233757,1,0.53,WNW,TRINITY,35.9223,-86.779
202207,199504,1233684,2,1.36,E,BERRY HILL,36.1219,-86.7458
202207,199504,1233684,1,1.28,ENE,BERRY HILL,36.1258,-86.7482
202207,199504,1233684,3,0.84,E,BERRY HILL,36.1195,-86.7549
202207,199504,1233684,4,0.78,ENE,BERRY HILL,36.1248,-86.7574
202207,199504,1233689,1,0.91,NNE,LEOMA,35.1817,-87.3428
202207,199504,1233689,2,0.96,NE,LEOMA,35.181,-87.3394
202207,199504,1233689,3,1.0,NE,LEOMA,35.1791,-87.3362
202207,199504,1233689,4,1.18,ENE,LEOMA,35.1772,-87.3311
202207,199504,1233689,5,1.52,SE,DUNN,35.1857,-87.3296
202207,199504,1233689,6,0.95,SSE,DUNN,35.1877,-87.3426
202207,199504,1233615,1,0.98,ESE,NEWTOWN,35.677,-86.513
202207,199504,1233615,2,2.02,NE,MIDLAND,35.6926,-86.4573
202207,199504,1233618,1,2.75,SSW,CORNERSVILLE,35.3359,-86.8752
202207,199513,1233710,1,4.23,NNE,MALLORYS,36.0095,-86.7819
202207,199520,1233758,1,1.23,ESE,MUDSINK,35.9113,-86.8009
202207,199520,1233762,1,3.0,S,LA VERGNE,35.9766,-86.58
202207,199513,1233714,1,1.98,SSW,PLANT,35.993,-87.9317
202207,199513,1233719,1,1.82,E,CUMBERLAND HGTS,36.496,-87.3476
202207,199513,1233721,1,2.57,NNW,BRANSFORD,36.5311,-86.3053
202207,199518,1233725,1,2.0,E,FRANKLIN,35.92,-86.8643
202207,199518,1233728,1,0.0,N,SOUTH CARTHAGE,36.25,-85.95
202207,199504,1233666,1,4.07,N,LOBELVILLE,35.838,-87.763
202207,199504,1233666,2,0.89,NE,LOBELVILLE,35.79,-87.74
202207,199504,1233666,3,3.06,NE,CHESTNUT GROVE,35.66,-87.78
202207,199504,1233666,4,2.67,NW,CHESTNUT GROVE,35.66,-87.85
202207,199504,1233666,5,3.98,W,LOBELVILLE,35.79,-87.82
202207,199504,1233666,6,5.47,WNW,LOBELVILLE,35.823,-87.832
202207,199504,1233656,1,1.67,E,NEW PROVIDENCE,36.55,-87.37
202207,199504,1233656,2,3.13,NNE,PORT ROYAL,36.591,-87.126
202207,199504,1233656,3,2.88,SE,PORT ROYAL,36.52,-87.114
202207,199504,1233656,4,2.07,S,PORT ROYAL,36.52,-87.15
202207,199504,1233656,5,0.89,SW,CLARKSVILLE,36.52,-87.36
202207,199520,1233751,1,3.0,NW,FRANKLIN,35.9507,-86.9379
202207,199520,1233766,1,1.33,NNE,MITCHELVILLE,35.8183,-86.1428
202207,199513,1233697,1,1.56,SSE,RICHLAND,36.1305,-86.8658
202207,199504,1233691,1,1.77,NW,WESTPOINT,35.1508,-87.5483
202207,199504,1233691,2,1.61,NW,WESTPOINT,35.1487,-87.547
202207,199504,1233691,3,1.57,NNW,WESTPOINT,35.151,-87.5408
202207,199504,1233691,4,2.08,N,WESTPOINT,35.1595,-87.5371
202207,199504,1233691,5,2.97,N,WESTPOINT,35.173,-87.5285
202207,199504,1233691,6,3.33,N,CHINUBEE,35.1782,-87.5195
202207,199504,1233691,7,3.57,N,CHINUBEE,35.1817,-87.5234
202207,199504,1233691,8,3.36,N,WESTPOINT,35.1784,-87.5354
202207,198526,1236044,1,1.75,WNW,RAYSVILLE,35.3403,-86.3484
202207,198526,1236043,1,1.75,W,LYNCHBURG,35.2751,-86.4105
202502,198332,1227994,1,0.94,NW,CENTER GROVE,36.2793,-85.6123
202502,198332,1227994,2,1.2,NW,MT UNION,36.2807,-85.537
202502,198332,1227998,1,4.72,N,COOKEVILLE ARPT,36.2683,-85.4768
202502,198332,1227998,2,4.26,NW,JEREMIAH,36.272,-85.456
202502,198332,1227999,1,2.09,SSE,WATERLOO,36.272,-85.456
202502,198332,1227999,2,0.63,WSW,OAK HILL,36.2676,-85.341
202502,198332,1228001,1,2.32,WNW,HANGING LIMB,36.247,-85.206
202502,198332,1228001,2,1.03,SSE,VINE RIDGE,36.237,-85.111
202502,198332,1228002,1,1.57,SSE,HIGHLAND JCT,36.2308,-85.0549
202502,198332,1228002,2,1.87,SSE,ROSLIN,36.2036,-84.9124
202502,198332,1228006,1,2.63,SSE,WATERLOO,36.267,-85.4462
202502,198332,1228020,1,0.95,NW,BONSACK,36.2298,-85.142
202502,198332,1228004,1,2.66,SSE,WATERLOO,36.265,-85.4503
202502,198701,1228864,1,2.47,NW,KENNEDY,36.6415,-87.3157
202502,198701,1228864,2,1.7,NNW,KENNEDY,36.6412,-87.2954
202502,198701,1228864,3,1.13,NW,KENNEDY,36.6304,-87.2956
202502,198701,1228864,4,2.18,WNW,KENNEDY,36.6326,-87.316
202502,198701,1228865,1,0.75,SSW,KENWOOD,36.5702,-87.4055
202502,198701,1228865,2,0.88,ESE,BEL AIR ESTATES,36.5675,-87.4044
202502,198701,1228865,3,0.69,ESE,BEL AIR ESTATES,36.5654,-87.4091
202502,198701,1228865,4,0.61,SE,BEL AIR ESTATES,36.5649,-87.411
202502,198701,1228865,5,0.42,ESE,BEL AIR ESTATES,36.5678,-87.413
202502,198701,1228866,1,0.7,N,FREDONIA,36.44,-87.2187
202502,198701,1228866,2,0.61,N,FREDONIA,36.4388,-87.2183
202502,198701,1228866,3,0.69,NW,FREDONIA,36.4373,-87.2285
202502,198701,1228866,4,0.46,NE,HICKORY PT,36.4345,-87.2439
202502,198701,1228866,5,0.24,NNE,HICKORY PT,36.4332,-87.2483
202502,198701,1228866,6,0.41,NNE,HICKORY PT,36.4357,-87.2479
202502,198701,1228866,7,1.02,NW,FREDONIA,36.4406,-87.2328
202502,198701,1228867,1,0.94,ENE,OAKWOOD,36.5343,-87.564
202502,198701,1228867,2,0.67,ENE,OAKWOOD,36.5338,-87.569
202502,198701,1228867,3,0.68,ESE,OAKWOOD,36.5255,-87.5692
202502,198701,1228867,4,1.22,NE,STRINGTOWN,36.494,-87.5568
202502,198701,1228867,5,1.29,NE,STRINGTOWN,36.4943,-87.5549
202502,198701,1228867,6,1.7,SE,OAKWOOD,36.515,-87.5557
202502,199989,1238158,1,2.26,W,LODGE,35.08,-85.84
202502,199989,1238160,1,0.69,S,CLEVELAND,35.16,-84.88
202502,198701,1228868,2,1.18,SSW,FLEWELLYN,36.4655,-86.9811
202502,198701,1228868,3,2.02,WSW,COOPERTOWN,36.4145,-86.9807
202502,198701,1228868,4,1.98,SE,CRUNK,36.4004,-86.854
202502,198701,1228868,5,2.09,ENE,RIDGETON,36.4126,-86.7359
202502,198701,1228868,6,1.78,ENE,BAGGETTSVILLE,36.4871,-86.6893
202502,198701,1228868,7,2.98,NNW,HANDLEYTON,36.6393,-86.6523
202502,198701,1228868,1,4.17,WNW,BARREN PLAIN,36.6326,-86.9833
202502,198701,1228869,1,1.52,ENE,MODEL,36.662,-87.947
202502,198701,1228869,2,5.74,WSW,DOVER,36.4411,-87.9212
202502,198701,1228869,3,0.6,NNE,CARLISLE,36.4382,-87.7666
202502,198701,1228869,4,1.68,SSE,BRIGHAM HILL,36.4467,-87.6714
202502,198701,1228869,5,5.0,NNE,LEGATE,36.6166,-87.665
202502,199989,1238161,1,4.84,SE,SULPHUR SPGS,35.12,-85.44
202502,199989,1238162,1,1.49,SSW,COLD SPG,35.65,-85.16
202502,199989,1238163,1,0.89,NE,FLINT SPGS,35.04,-84.91
202502,199989,1240204,1,0.51,NNW,ONEIDA,36.5061,-84.525
202502,199989,1240204,2,1.02,ENE,ONEIDA,36.5067,-84.5037
202502,199989,1240204,3,1.04,SE,ONEIDA,36.4913,-84.5047
202502,199989,1240204,4,0.49,SSE,WEST ONEIDA,36.4939,-84.5254
202502,199989,1240205,1,1.38,NNW,STANLEY JCT,36.4668,-84.4934
202502,199989,1240205,2,1.54,NNE,STANLEY JCT,36.4702,-84.4683
202502,199989,1240205,3,1.0,E,STANLEY JCT,36.448,-84.4622
202502,199989,1240205,4,0.61,WSW,STANLEY JCT,36.4463,-84.4901
202502,198701,1228375,6,1.75,NNE,SULPHUR SPGS,36.272,-87.0344
202502,198701,1228375,1,1.48,NNE,SULPHUR SPGS,36.2694,-87.0387
202502,198701,1228375,2,2.1,NE,SULPHUR SPGS,36.2692,-87.0209
202502,198701,1228375,3,2.32,SW,BEARWALLOW,36.2728,-87.0045
202502,198701,1228375,4,2.15,SW,BEARWALLOW,36.2759,-87.0045
202502,198701,1228375,5,2.45,SW,BEARWALLOW,36.2762,-87.0125
202502,198701,1228376,1,0.23,WNW,SYCAMORE,36.321,-87.054
202502,198701,1228376,2,0.14,N,SYCAMORE,36.322,-87.0505
202502,198701,1228376,3,0.22,SSE,SYCAMORE,36.3172,-87.0481
202502,198701,1228376,4,0.97,SSE,SYCAMORE,36.3081,-87.0408
202502,198701,1228376,5,1.2,SSE,SYCAMORE,36.3034,-87.0437
202502,198701,1228376,6,0.97,S,SYCAMORE,36.3061,-87.0486
202502,198701,1228870,1,3.43,W,MODEL,36.6552,-88.0315
202502,198701,1228870,2,1.24,SSW,FT HENRY,36.4627,-88.026
202502,198701,1228870,3,5.01,W,DOVER,36.4788,-87.9202
202502,198701,1228870,4,2.31,WNW,TOBACCOPORT,36.6626,-87.9187
202502,198701,1228872,1,1.42,W,MITCHELLVILLE,36.6336,-86.5553
202502,198701,1228872,2,0.67,WSW,CLEARVIEW,36.5477,-86.6118
202502,198701,1228872,3,0.69,NE,HIGHLAND ACADEMY,36.5281,-86.4929
202502,198701,1228872,4,1.22,NW,ROCK BRIDGE,36.5303,-86.3979
202502,198701,1228872,5,1.19,SSE,BON AIR,36.5833,-86.3648
202502,198701,1228872,6,1.16,NE,NUBIA,36.6436,-86.3578
202502,199989,1242457,1,0.56,E,VERDUN,36.5,-84.54
202502,199989,1242457,2,0.59,ENE,VERDUN,36.5041,-84.5407
202502,199989,1242457,3,0.44,NNW,WEST ONEIDA,36.5056,-84.534
202502,199989,1242457,4,0.21,WNW,WEST ONEIDA,36.501,-84.5335
202502,199989,1242459,1,0.89,NE,FOGAL,36.48,-84.51
202502,199989,1242459,2,0.45,NNW,HIGH PT,36.486,-84.5329
202502,199989,1242459,3,0.55,NNE,WEST ONEIDA,36.5076,-84.5271
202502,199989,1242459,4,0.86,E,ONEIDA,36.4996,-84.5046
202502,199989,1242462,1,0.94,NW,HARROGATE,36.5897,-83.662
202502,199989,1242462,2,1.0,NNE,SHAWANEE,36.5937,-83.6239
202502,199989,1242462,3,0.08,ESE,FORGE RIDGE,36.5697,-83.6185
202502,199989,1242462,4,0.79,SW,TIPRELL,36.5624,-83.6607
202502,199989,1242468,1,0.9,N,CHURCH HILL,36.533,-82.719
202502,199989,1242468,2,0.66,NNE,CHURCH HILL,36.5288,-82.7152
202502,199989,1242468,3,0.54,N,CHURCH HILL,36.5278,-82.7191
202502,199989,1242468,4,0.86,N,CHURCH HILL,36.5324,-82.7222
202502,199989,1242470,1,0.69,S,BUCKEYE,36.41,-84.3
202502,199989,1242470,2,0.79,SW,BUCKEYE,36.4107,-84.3083
202502,199989,1242470,3,0.31,WSW,BUCKEYE,36.4185,-84.3052
202502,199989,1242470,4,0.49,SSE,BUCKEYE,36.4141,-84.2953
202502,198701,1228377,1,1.99,W,SYCAMORE,36.3222,-87.0857
202502,198701,1228377,2,1.73,W,SYCAMORE,36.3205,-87.0811
202502,198701,1228377,3,1.49,W,SYCAMORE,36.3228,-87.0766
202502,198701,1228377,4,1.67,WNW,SYCAMORE,36.3332,-87.0752
202502,198701,1228377,5,2.39,NNW,SYCAMORE,36.3507,-87.07
202502,198701,1228377,6,2.55,E,LOCKERTSVILLE,36.3537,-87.0745
202502,198701,1228378,1,1.52,SE,LOCKERTSVILLE,36.3356,-87.0994
202502,198701,1228378,2,2.19,SE,LOCKERTSVILLE,36.3272,-87.0926
202502,198701,1228378,3,2.17,SE,LOCKERTSVILLE,36.3266,-87.0941
202502,198701,1228378,4,1.87,SE,LOCKERTSVILLE,36.3292,-87.0985
202502,198701,1228378,5,1.36,SSE,LOCKERTSVILLE,36.3334,-87.107
202502,198701,1228378,6,0.92,SE,LOCKERTSVILLE,36.3399,-87.1092
202502,198701,1228378,7,1.2,SE,LOCKERTSVILLE,36.3391,-87.1032
202502,198701,1228876,1,0.36,WNW,OCANA,36.3819,-86.556
202502,198701,1228876,2,0.55,WNW,OCANA,36.3826,-86.5593
202502,198701,1228876,3,0.57,WSW,OCANA,36.3757,-86.5589
202502,198701,1228876,4,0.8,SW,OCANA,36.3707,-86.5586
202502,198701,1228876,5,1.21,S,OCANA,36.3625,-86.552
202502,198701,1228876,6,1.09,S,OCANA,36.3643,-86.5498
202502,198701,1228879,1,1.06,SW,SHACKLE IS,36.3573,-86.6306
202502,198701,1228879,2,1.48,ESE,SHACKLE IS,36.3619,-86.5954
202502,198701,1228879,3,1.34,NW,SAUNDERSVILLE,36.3446,-86.5859
202502,198701,1228879,4,1.17,S,SAUNDERSVILLE,36.3131,-86.5702
202502,198701,1228879,5,2.1,SSW,SAUNDERSVILLE,36.3013,-86.5824
202502,198701,1228879,6,2.3,E,HENDERSONVILLE,36.274,-86.5795
202502,198701,1228879,7,0.23,NNE,HENDERSONVILLE,36.2832,-86.6186
202502,198701,1228879,8,1.45,W,ROCKLAND,36.3027,-86.6559
202502,199989,1242481,1,1.31,ENE,CHURCH HILL,36.53,-82.7
202502,199989,1242481,2,1.67,SW,CLICK,36.5311,-82.6888
202502,199989,1242481,3,1.69,NNW,BLOCK CITY,36.521,-82.6857
202502,199989,1242481,4,1.19,E,CHURCH HILL,36.5189,-82.6986
202502,199989,1242548,1,2.19,ESE,ARTHUR,36.5374,-83.6338
202502,199989,1242548,2,1.64,ESE,ARTHUR,36.5448,-83.6412
202502,199989,1242548,3,1.2,SSW,FORGE RIDGE,36.5531,-83.6253
202502,199989,1242548,4,1.8,S,FORGE RIDGE,36.544,-83.62
202502,199989,1242560,1,6.19,ESE,SYCAMORE HALL,36.405,-83.4037
202502,199989,1242560,2,4.58,ESE,SYCAMORE HALL,36.4288,-83.422
202502,199989,1242560,3,6.41,E,SYCAMORE HALL,36.44,-83.3854
202502,199989,1242560,4,7.68,ESE,SYCAMORE HALL,36.4194,-83.3672
202502,198701,1228379,1,0.23,ENE,SYCAMORE,36.3216,-87.0464
202502,198701,1228379,2,0.99,WSW,SYCAMORE,36.3142,-87.0662
202502,198701,1228379,3,2.1,WSW,SYCAMORE,36.3136,-87.0869
202502,198701,1228379,4,2.05,N,GREENBRIER,36.3095,-87.1163
202502,198701,1228379,5,2.1,ESE,CHEAP HILL,36.3146,-87.1175
202502,198701,1228379,6,1.68,SSE,LOCKERTSVILLE,36.3275,-87.1086
202502,198701,1228379,7,2.06,WNW,SYCAMORE,36.3275,-87.0859
202502,198701,1228380,1,1.24,N,GREENBRIER,36.2979,-87.1183
202502,198701,1228380,2,1.14,N,GREENBRIER,36.2965,-87.1187
202502,198701,1228380,3,1.3,NNW,GREENBRIER,36.2979,-87.1271
202502,198701,1228380,4,1.78,NNW,GREENBRIER,36.3042,-87.1312
202502,198701,1228380,5,1.33,SSE,CHEAP HILL,36.3115,-87.1431
202502,198701,1228380,6,0.32,SSE,CHEAP HILL,36.3258,-87.1477
202502,198701,1228380,7,0.64,ESE,CHEAP HILL,36.325,-87.1402
202502,198701,1228881,1,0.38,E,TEMPLOW,36.4293,-86.2232
202502,198701,1228881,2,3.14,E,ANTIOCH,36.3526,-86.2136
202502,198701,1228881,3,1.39,ENE,PROVIDENCE,36.3358,-86.1261
202502,198701,1228881,4,2.89,SSW,CATO,36.3297,-86.0634
202502,198701,1228881,5,2.73,NNE,CATO,36.4084,-86.0383
202502,198701,1228883,3,0.7,SSE,FERNVALE,35.9403,-87.0768
202502,198701,1228883,4,0.79,SSE,FERNVALE,35.9394,-87.0745
202502,198701,1228883,1,0.64,SE,FERNVALE,35.9426,-87.0732
202502,198701,1228883,2,0.56,SSE,FERNVALE,35.9429,-87.075
202502,198332,1231265,1,1.99,N,CLARKRANGE,36.2085,-85.0253
202502,198701,1228381,1,3.17,W,BUTLERS LNDG,36.4766,-85.627
202502,198701,1228381,2,1.58,SSE,BUTLERS LNDG,36.4593,-85.5577
202502,198701,1228381,3,1.98,W,NEELY XRDS,36.502,-85.4856
202502,198701,1228381,4,3.79,ESE,NEELY XRDS,36.4866,-85.3838
202502,198701,1228381,5,3.38,S,FAIRVIEW,36.5012,-85.3155
202502,198701,1228381,6,2.24,ENE,FAIRVIEW,36.5566,-85.2805
202502,198701,1228381,7,4.11,NE,ST JOHN,36.6232,-85.269
202502,198701,1228381,8,1.0,NNW,PEA RIDGE STORE,36.6139,-85.4353
202502,198701,1228398,4,2.1,ENE,MADISON,36.2604,-86.7347
202502,198701,1228398,5,1.73,ENE,MADISON,36.2608,-86.7419
202502,198701,1228398,1,1.21,ESE,MADISON,36.2455,-86.749
202502,198701,1228398,2,1.47,ESE,MADISON,36.2425,-86.7453
202502,198701,1228398,3,1.69,NNW,MAPLEWOOD,36.2508,-86.7359
202502,198701,1228885,1,0.78,SSE,BETHLEHEM,36.319,-85.2972
202502,198701,1228885,2,2.36,S,BETHLEHEM,36.2958,-85.2997
202502,198701,1228885,3,1.9,SSE,ALLRED,36.3049,-85.166
202502,198701,1228885,4,0.8,ENE,ALLRED,36.334,-85.1666
202502,198701,1228890,1,7.5,NE,DOVER,36.5568,-87.7345
202502,198701,1228400,1,1.19,SE,NASHVILLE,36.1601,-86.7625
202502,198701,1228400,2,1.34,ESE,NASHVILLE,36.1608,-86.7588
202502,198701,1228400,3,1.01,E,NASHVILLE,36.169,-86.7619
202502,198701,1228400,4,0.71,ESE,NASHVILLE,36.1673,-86.7677
202502,198701,1228401,1,1.19,WSW,MADISON,36.2411,-86.7884
202502,198701,1228401,2,0.98,SW,MADISON,36.2405,-86.7831
202502,198701,1228401,3,0.77,WSW,MADISON,36.2449,-86.7824
202502,198701,1228401,4,0.99,WSW,MADISON,36.2451,-86.7867
202502,198701,1228891,1,0.0,N,VANLEER,36.23,-87.45
202502,198701,1228892,1,0.21,WNW,MANCHESTER,35.4809,-86.0835
202502,198701,1228814,1,1.13,S,BERRY HILL,36.1037,-86.7701
202502,198701,1228814,2,1.5,S,BERRY HILL,36.0983,-86.7694
202502,198701,1228814,3,1.78,SSE,BERRY HILL,36.0974,-86.7546
202502,198701,1228814,4,1.36,SE,BERRY HILL,36.1046,-86.7548
202502,198701,1228815,1,0.75,W,PROVIDENCE,36.0787,-86.7333
202502,198701,1228815,2,0.35,NNW,TUSCULUM,36.0745,-86.723
202502,198701,1228815,3,0.46,WNW,OGLESBY,36.0525,-86.7377
202502,198701,1228815,4,0.9,WNW,OGLESBY,36.0543,-86.7452
202502,198701,1228893,1,0.92,SE,JOELTON,36.3095,-86.86
202502,198701,1228894,1,0.69,N,BONNERTOWN,35.01,-87.3
202502,198701,1228816,1,0.06,SE,GOODLETTSVILLE,36.3194,-86.7191
202502,198701,1228816,2,0.61,E,GOODLETTSVILLE,36.319,-86.7091
202502,198701,1228816,3,1.47,S,GOODLETTSVILLE,36.2987,-86.7181
202502,198701,1228816,4,1.84,S,GOODLETTSVILLE,36.2937,-86.7259
202502,198701,1228816,5,1.71,SSW,GOODLETTSVILLE,36.2966,-86.7298
202502,198701,1228817,1,1.4,ESE,LITTLE CREEK,36.2721,-86.7569
202502,198701,1228817,2,1.35,ESE,LITTLE CREEK,36.2693,-86.7597
202502,198701,1228817,3,1.71,NE,MADISON,36.2654,-86.746
202502,198701,1228817,4,1.96,ENE,MADISON,36.2639,-86.7392
202502,198701,1228817,5,2.19,NE,MADISON,36.2685,-86.738
202502,198701,1229082,1,2.16,NW,MODEL,36.67,-88.0
202502,198701,1229082,2,1.8,ENE,TOBACCOPORT,36.66,-87.85
202502,198701,1229082,3,2.98,NNW,NEW HAVEN,36.54,-87.82
202502,198701,1229082,4,2.66,NE,THROCKMORTON,36.46,-87.6
202502,198701,1229082,5,4.33,SE,CUMBERLAND CITY,36.36,-87.59
202502,198701,1229082,6,4.66,WSW,CARLISLE,36.41,-87.85
202502,198701,1228818,1,1.87,S,NEWSOM,36.0529,-87.0012
202502,198701,1228818,2,1.81,NE,LINTON,36.0514,-87.0015
202502,198701,1228818,3,1.42,N,LINTON,36.0504,-87.017
202502,198701,1228818,4,1.65,N,LINTON,36.0537,-87.0167
202502,198701,1228818,5,1.68,S,NEWSOM,36.056,-87.0049
202502,198701,1228819,1,0.17,SSE,CONCORD,36.2276,-87.7693
202502,198701,1228819,2,0.36,SSE,CONCORD,36.2255,-87.7668
202502,198701,1228819,3,0.57,SE,CONCORD,36.2252,-87.7617
202502,198701,1228819,4,0.5,ESE,CONCORD,36.2275,-87.7616
202502,198701,1229083,1,1.4,NNW,CLARKSVILLE,36.5499,-87.355
202502,198701,1229083,2,0.33,NNW,CLARKSVILLE,36.534,-87.3533
202502,198701,1229083,3,1.71,ESE,CLARKSVILLE,36.5194,-87.3221
202502,198701,1229083,4,1.82,NNW,SANGO,36.5223,-87.2476
202502,198701,1229083,5,0.49,E,PORT ROYAL,36.5488,-87.1413
202502,198701,1229083,6,2.03,N,PORT ROYAL,36.5791,-87.1553
202502,198701,1229084,1,1.18,W,WALNUT GROVE,36.5488,-87.1413
202502,198701,1229084,2,2.43,SW,SADLERSVILLE,36.5791,-87.1553
202502,198701,1229084,3,1.76,N,ADAMS,36.6052,-87.0742
202502,198701,1229084,4,5.3,NW,BARREN PLAIN,36.6428,-86.9992
202502,198701,1229084,5,3.93,NW,BARREN PLAIN,36.6432,-86.966
202502,198701,1229084,6,3.21,ENE,ADAMS,36.5994,-87.0174
202502,199916,1237376,1,1.11,W,THORN HILL,36.37,-83.44
202502,199916,1237379,1,0.56,W,BEECH SPGS,35.97,-83.61
202502,199916,1237380,1,2.24,E,CHESTNUT HILL,35.92,-83.31
202502,199916,1237381,1,1.12,W,NEWPORT,35.95,-83.2
202502,198701,1228820,1,0.54,SW,PLANT,36.0139,-87.926
202502,198701,1228820,2,0.44,S,NEW HOPE,36.0236,-87.6294
202502,198701,1228820,3,1.92,NNW,FEW CHAPEL,36.1262,-87.5917
202502,198701,1228820,4,5.24,E,WOOLWORTH,36.2135,-87.6263
202502,198701,1228820,5,8.46,W,CONCORD,36.239,-87.9214
202502,198701,1228821,1,2.97,WSW,BURRISTOWN,36.3593,-85.5768
202502,198701,1228821,2,1.77,N,FREEWILL,36.3254,-85.5762
202502,198701,1228821,3,0.63,NW,FREEWILL,36.3074,-85.5867
202502,198701,1228821,4,1.94,NW,CENTER GROVE,36.2915,-85.6224
202502,198701,1228821,5,2.44,SSW,NEW SALEM,36.2898,-85.6926
202502,198701,1228821,6,2.62,SW,GLADDICE,36.3268,-85.8372
202502,198701,1228821,7,0.14,NNE,DYCUS,36.4017,-85.7788
202502,198701,1228821,8,1.02,WSW,SUGAR CREEK,36.4239,-85.6167
202502,198701,1229085,1,4.18,S,SAILORS REST,36.36,-87.59
202502,198701,1229085,2,2.17,SW,STRINGTOWN,36.46,-87.6
202502,198701,1229085,3,2.22,E,KENWOOD,36.58,-87.36
202502,198701,1229085,4,1.77,SE,FREDONIA,36.41,-87.2
202502,198701,1229085,5,2.35,SSE,SOUTHSIDE,36.35,-87.28
202502,198701,1229085,6,0.89,SE,ROUND POND,36.44,-87.37
202502,198701,1229086,1,4.35,NE,COBLE,35.82,-87.57
202502,198701,1229086,2,1.68,E,GRAHAM STATION,35.9,-87.5
202502,198701,1229086,3,4.18,N,PINEWOOD,35.98,-87.47
202502,198701,1229086,4,1.78,NE,NUNNELLY,35.89,-87.46
202502,198701,1229086,5,3.05,NW,GRINDERS,35.81,-87.54
202502,199916,1237382,1,1.12,W,PLEASANT GROVE,35.88,-83.19
202502,199916,1237383,1,0.69,N,SPEEDWELL,36.46,-83.87
202502,199916,1237385,1,1.11,W,MARSHALL,36.58,-82.67
202502,199916,1237389,1,0.55,W,LYNN GARDEN,36.58,-82.58
202502,198701,1228822,1,0.53,N,RED BOILING SPGS,36.5376,-85.8487
202502,198701,1228822,2,0.47,N,RED BOILING SPGS,36.5367,-85.8496
202502,198701,1228822,3,0.71,N,RED BOILING SPGS,36.5402,-85.852
202502,198701,1228822,4,0.81,N,RED BOILING SPGS,36.5417,-85.8497
202502,198701,1228823,1,0.7,WNW,GREEN VLY,36.6242,-86.0616
202502,198701,1228823,2,0.78,E,NEW HARMONY,36.4814,-86.0861
202502,198701,1228823,3,1.13,S,UNION CAMP,36.4537,-85.9317
202502,198701,1228823,4,3.33,ENE,WILLETTE,36.4535,-85.8178
202502,198701,1228823,5,2.97,E,SMITHS CHAPEL,36.5446,-85.7769
202502,198701,1228823,6,3.29,ENE,SPIVEY,36.613,-85.7728
202502,198701,1229087,1,1.38,N,GREENBRIER,36.3,-87.12
202502,198701,1229087,2,1.81,ESE,GRIFFINTOWN,36.17,-87.1
202502,198701,1229087,3,3.48,NE,PEGRAM,36.13,-87.0
202502,198701,1229087,4,4.18,S,PEGRAM,36.04,-87.04
202502,198701,1229087,5,5.21,WNW,BELL TOWN,36.14,-87.24
202502,198701,1229087,6,1.81,WSW,FOX BLUFF,36.31,-87.2
202502,199916,1237390,1,2.15,NNE,MOHAWK,36.23,-83.04
202502,199916,1237391,1,0.0,N,HILLCREST,36.45,-82.28
202502,199916,1240022,1,3.67,NNW,KODAK,36.0202,-83.6417
202502,199916,1240022,2,0.9,SE,CATES XRDS,35.9699,-83.5599
202502,199916,1240022,3,1.38,SSE,KODAK,35.9506,-83.6145
202502,199916,1240022,4,1.11,NW,KODAK,35.9821,-83.6331
202502,199916,1240031,1,1.91,SW,NEWPORT,35.9342,-83.208
202502,199916,1240031,2,1.76,SE,NEWPORT,35.9347,-83.1549
202502,199916,1240031,3,1.15,ESE,PLEASANT GROVE,35.8712,-83.1526
202502,199916,1240031,4,2.28,NW,DENTON,35.8687,-83.2135
202502,198701,1228838,1,1.91,W,KENNEDY,36.625,-87.3139
202502,198701,1228838,2,1.04,NNW,ST BETHLEHEM,36.5926,-87.31
202502,198701,1228838,3,1.33,NW,ST BETHLEHEM,36.5925,-87.3182
202502,198701,1228838,4,2.48,NW,ST BETHLEHEM,36.6096,-87.3254
202502,198701,1228838,5,2.46,WNW,KENNEDY,36.6291,-87.3229
202502,198701,1228839,1,2.61,SE,BELDON,36.5716,-87.1891
202502,198701,1228839,2,2.36,NW,PORT ROYAL,36.5723,-87.1822
202502,198701,1228839,3,1.69,WNW,PORT ROYAL,36.5588,-87.1783
202502,198701,1228839,4,1.78,W,PORT ROYAL,36.5523,-87.182
202502,198701,1228839,5,2.38,WNW,PORT ROYAL,36.5635,-87.1895
202502,198701,1228844,1,1.65,NE,ST BETHLEHEM,36.5961,-87.278
202502,198701,1228844,2,1.64,NE,ST BETHLEHEM,36.5944,-87.2765
202502,198701,1228844,3,1.8,SSE,KENNEDY,36.5955,-87.2693
202502,198701,1228844,4,1.96,SE,KENNEDY,36.5967,-87.2597
202502,198701,1228844,5,1.86,SE,KENNEDY,36.5992,-87.2587
202502,198701,1228844,6,1.54,SSE,KENNEDY,36.5995,-87.269
202502,198701,1228844,7,1.5,SSE,KENNEDY,36.5989,-87.2741
202502,198701,1228853,1,0.95,E,BRIARWOOD,36.5188,-87.3629
202502,198701,1228853,2,0.92,SW,CLARKSVILLE,36.5218,-87.3631
202502,198701,1228853,3,0.61,SSE,CLARKSVILLE,36.5214,-87.3476
202502,198701,1228853,4,1.41,SE,CLARKSVILLE,36.5171,-87.3302
202502,198701,1228853,5,1.97,ESE,CLARKSVILLE,36.5148,-87.32
202502,198701,1228853,6,2.03,SE,CLARKSVILLE,36.5136,-87.3197
202502,198701,1228862,1,2.21,NNW,EXCELL,36.5111,-87.2797
202502,198701,1228862,2,2.09,NNW,EXCELL,36.5091,-87.2805
202502,198701,1228862,3,2.87,ESE,CLARKSVILLE,36.5122,-87.3033
202502,198701,1228862,4,2.38,ESE,CLARKSVILLE,36.5132,-87.3125
202502,198701,1228862,5,2.38,ESE,CLARKSVILLE,36.5147,-87.3116
202502,198701,1228862,6,2.91,NNW,EXCELL,36.5156,-87.2979
202502,198701,1228863,1,0.41,WSW,KENWOOD,36.5776,-87.4068
202502,198701,1228863,2,0.42,W,KENWOOD,36.5789,-87.4075
202502,198701,1228863,3,0.17,SSW,KENWOOD,36.5779,-87.4016
202502,198701,1228863,4,0.42,SE,KENWOOD,36.5766,-87.3937
202502,198701,1228863,5,0.44,SE,KENWOOD,36.576,-87.3938
202505,201022,1247159,1,1.48,ESE,WESTWOOD,35.5947,-87.0545
202505,201022,1247160,1,2.13,W,UNION GROVE,35.6053,-87.0074
202505,201022,1247161,1,2.0,SSE,COLUMBIA,35.5933,-87.0364
202505,201022,1247162,1,1.0,SE,COLUMBIA,35.6098,-87.0374
202505,201022,1247167,1,1.49,ENE,LITTLE HOPE,35.9057,-86.5043
202505,201022,1247169,1,2.0,SW,LEANNA,35.908,-86.4731
202505,200922,1246147,1,1.73,SSE,CUMBERLAND FURNACE,36.2485,-87.3541
202505,200922,1246148,1,3.73,WSW,SUGAR HILL,35.5275,-87.8804
202505,201022,1247172,1,1.75,NNE,UNION GROVE,35.6242,-86.9611
202505,201022,1247173,1,0.55,E,ADAMS,36.58,-87.06
202505,201022,1247174,1,2.03,ESE,PINEWOOD,35.9096,-87.446
202505,200922,1246149,1,1.82,NE,BINGHAM,35.9493,-86.9479
202505,200922,1246150,1,2.1,NNE,EWINGVILLE,35.9465,-86.8516
202505,200922,1246151,1,0.38,W,BERRYS CHAPEL,35.9697,-86.8867
202505,200922,1246152,1,3.36,NNE,MALLORYS,35.9955,-86.7789
202505,200922,1246153,1,1.08,SE,ASHLAND CITY,36.2672,-87.0591
202505,201022,1247111,1,5.0,WSW,COLLINWOOD,35.1523,-87.8318
202505,201022,1247175,1,0.94,SE,NUNNELLY,35.8599,-87.4688
202505,201022,1247177,1,7.0,E,EAGLEVILLE,35.75,-86.5252
202505,201022,1247179,1,1.47,ENE,UNION RIDGE,35.5276,-86.2555
202505,202876,1262765,1,1.31,WSW,LONE MTN,36.26,-84.5
202505,202876,1262766,1,0.69,N,PIKEVILLE,35.61,-85.2
202505,202876,1262767,1,0.89,SW,BACCHUS,36.51,-83.61
202505,202876,1262768,1,0.0,N,SPRING CITY,35.7,-84.87
202505,202876,1262769,1,1.78,NE,EUCHEE,35.69,-84.7
202505,202876,1262770,1,2.36,SSE,OAK HILL,35.7,-84.61
202505,202876,1262771,1,1.12,E,SWEETWATER,35.6,-84.45
202505,202876,1262772,1,0.69,N,PIKEVILLE,35.61,-85.2
202505,202876,1262773,1,1.49,SSW,MC GHEE,35.6,-84.23
202505,200922,1246154,1,3.0,SE,ASHLAND CITY,36.2493,-87.0319
202505,200922,1246155,1,1.02,ENE,STIVERSVILLE,35.4539,-87.0325
202505,200922,1246156,1,1.75,NNE,NASHVILLE,36.1942,-86.7712
202505,200922,1246157,1,1.76,NE,NASHVILLE,36.1895,-86.7597
202505,200922,1246158,1,2.26,SW,INGLEWOOD,36.2,-86.7621
202505,201022,1247116,1,4.73,NW,LOBELVILLE,35.8197,-87.8188
202505,201022,1247117,1,0.59,N,SHIPPS BEND,35.8086,-87.4302
202505,201022,1247119,1,0.6,N,SHIPPS BEND,35.8086,-87.4302
202505,201022,1247181,1,3.92,SW,COOPERTOWN,36.39,-87.0
202505,201022,1247182,1,0.42,S,JOELTON,36.314,-86.8686
202505,201022,1247183,1,1.05,ESE,CROSS PLAINS,36.545,-86.6822
202505,201209,1248995,1,1.01,NNW,CLOUSE HILL,35.2939,-85.8057
202505,202876,1262775,1,0.89,SW,FAGIN,35.54,-84.33
202505,202876,1262776,1,2.25,E,COOPER MILL,35.63,-85.13
202505,202876,1262777,1,1.78,SE,MC GHEE,35.6,-84.2
202505,202876,1262779,1,0.56,E,TALLASSEE,35.55,-84.06
202505,202876,1262774,1,0.69,S,BUCKEYE,36.41,-84.3
202505,202876,1262780,1,0.56,W,WELLSVILLE,35.6,-84.09
202505,202876,1262782,1,1.49,SSW,MC GHEE,35.6,-84.23
202505,202876,1262783,1,0.0,N,SHAWANEE,36.58,-83.63
202505,202876,1262784,1,1.32,ENE,PEAKLAND,35.63,-84.75
202505,200922,1246159,1,1.52,SW,INGLEWOOD,36.2046,-86.7495
202505,200922,1246160,1,1.84,SW,INGLEWOOD,36.1982,-86.7489
202505,200922,1246161,1,0.69,S,INGLEWOOD,36.21,-86.73
202505,200922,1246162,1,1.58,SSE,INGLEWOOD,36.1979,-86.7231
202505,200922,1246163,1,1.83,ESE,MAPLEWOOD,36.2167,-86.6917
202505,201022,1247120,1,0.84,N,SHIPPS BEND,35.8121,-87.4321
202505,201022,1247121,1,2.85,S,WRIGLEY,35.859,-87.3564
202505,201022,1247122,1,4.09,S,WRIGLEY,35.841,-87.3448
202505,201022,1247184,1,2.91,SSE,MILLERSVILLE,36.3288,-86.689
202505,201022,1247185,1,2.0,SE,DOWELLTOWN,35.9995,-85.9047
202505,201022,1247186,1,0.0,N,AUBURNTOWN,35.95,-86.1
202505,202876,1262787,1,0.56,E,CITICO BEACH,35.53,-84.11
202505,202876,1262788,1,0.0,N,FRENCH BROAD,35.9,-83.0
202505,202876,1262789,1,0.56,E,ROGERS STATION,35.38,-84.31
202505,202876,1262790,1,0.0,N,DEL RIO,35.92,-83.03
202505,202876,1262791,1,2.67,NW,WOLF CREEK,35.95,-82.98
202505,202876,1262792,1,1.33,ESE,GLOVER HILL,35.06,-85.63
202505,202876,1262785,1,0.0,N,ROCKY GOVE,35.77,-83.28
202505,202876,1262786,1,1.49,SSE,BLUFFTON,35.78,-83.16
202505,202876,1262793,1,0.89,SE,EAST CHATTANOOGA,35.06,-85.22
202505,200345,1241013,1,0.89,NW,MODEL,36.66,-87.98
202505,200345,1241014,1,2.82,SSW,WAYNESBORO,35.28,-87.78
202505,200345,1241015,1,0.0,W,COLLINWOOD,35.18,-87.75
202505,200345,1241016,1,1.0,NE,MINOR HILL,35.0602,-87.1375
202505,200922,1246164,1,2.21,NNE,NASHVILLE CORNELIA F,36.2082,-86.6814
202505,200922,1246165,1,1.33,S,WATERTOWN,36.0809,-86.1271
202505,200922,1246166,1,1.36,S,ALEXANDRIA,36.0606,-86.0263
202505,200922,1246167,1,2.27,NNW,DISMAL,36.0588,-85.9895
202505,200922,1246168,1,0.69,N,CRAB ORCHARD,35.91,-84.88
202505,201022,1247123,1,1.61,WSW,CENTERVILLE ARPT,35.8206,-87.4763
202505,201022,1247124,1,7.82,SW,LAMPLEY STORE,35.8209,-87.25
202505,201022,1247125,1,0.34,SSE,LEIPERS FORK,35.8955,-86.9973
202505,201022,1247187,1,9.0,S,MURFREESBORO,35.7197,-86.42
202505,201022,1247188,1,8.0,SE,MURFREESBORO,35.7681,-86.319
202505,201022,1247191,1,1.66,WSW,BURWOOD,35.8151,-87.0091
202505,202876,1262794,1,1.38,N,ALTON PARK,35.02,-85.32
202505,202886,1262826,1,0.89,SW,MONTLAKE,35.21,-85.13
202505,202886,1262830,1,0.89,NE,SHADY GROVE,35.26,-85.11
202505,202886,1262832,1,0.89,NW,BRAINERD,35.04,-85.24
202505,202886,1262833,1,1.83,ENE,CHATANOOGA MUNI ARPT,35.19,-85.15
202505,200345,1241017,1,0.65,WSW,LAWRENCEBURG,35.2455,-87.3402
202505,200345,1241018,1,4.0,W,LEWISBURG,35.45,-86.8711
202505,200345,1241019,1,1.53,WNW,BERRY HILL,36.1288,-86.7952
202505,200345,1241020,1,2.0,WNW,ANTIOCH,36.0811,-86.7031
202505,200922,1247416,1,2.25,WNW,BERRYVILLE,36.2128,-86.6672
202505,201022,1247126,1,0.95,SW,HARPETH,35.7892,-86.8605
202505,201022,1247127,1,2.87,SSE,BENDING CHESTNUT,35.8318,-87.0796
202505,201022,1247128,1,0.84,ESE,THOMPSONS STATION,35.797,-86.9054
202505,201022,1247192,1,0.89,SE,QUEBECK,35.81,-85.56
202505,201022,1247193,1,1.22,SW,VANDEVER,35.8176,-85.0954
202505,201022,1247195,1,0.98,WNW,NEW ERA,35.7875,-85.0849
202505,201022,1247195,2,1.49,NNE,BIG LICK,35.8197,-85.0093
202505,202886,1262834,1,0.56,E,DALLAS HILLS,35.22,-85.14
202505,202886,1262835,1,0.89,SW,BIG SPG,35.39,-84.93
202505,202886,1262836,1,0.56,W,BETA,35.42,-84.89
202505,202894,1262878,1,0.89,NE,FRENCH BROAD,35.96,-83.56
202505,202894,1262879,1,0.89,NE,DEEP SPGS,35.99,-83.54
202505,202894,1262881,1,0.56,W,WINFIELD,36.55,-84.46
202505,200345,1241021,1,3.0,SSW,ANTIOCH,36.0299,-86.6906
202505,200345,1241022,1,2.03,WSW,BROOKLIN,36.043,-86.6553
202505,200345,1241023,1,1.36,WNW,UNA,36.0899,-86.641
202505,200345,1241024,1,0.69,N,LAFAYETTE,36.53,-86.03
202505,200345,1241025,1,2.07,N,FALL CREEK,35.6,-86.55
202505,201022,1247129,1,1.18,WSW,CALLE,35.8218,-86.8884
202505,201022,1247130,1,0.86,E,THOMPSONS STATION,35.7994,-86.9046
202505,201022,1247131,1,6.0,SW,FRANKLIN,35.8586,-86.9758
202505,201022,1247197,1,1.12,W,COOKEVILLE,36.17,-85.52
202505,201022,1247198,1,1.2,SSE,VERONA,35.5141,-86.7715
202505,201022,1247198,2,1.53,E,VERONA,35.5281,-86.7529
202505,201022,1247200,1,1.3,N,EXCELL,36.4985,-87.2743
202505,201022,1247200,2,1.09,NNE,SANGO,36.5134,-87.2197
202505,202894,1262882,1,0.56,W,DE LAP,36.35,-84.16
202505,202894,1262884,1,0.89,SW,LA FOLLETTE,36.37,-84.14
202505,202894,1262885,1,2.88,WSW,UNION,36.06,-84.53
202505,202894,1262889,1,1.78,SE,JOPPA,36.21,-83.6
202505,202894,1262890,1,0.89,NW,RICEVILLE,35.39,-84.71
202505,202894,1262892,1,1.32,ENE,KINGSTON,35.88,-84.5
202505,200345,1241026,1,0.89,NE,OAKLEY,36.51,-85.29
202505,200345,1241029,1,4.5,ESE,BERBLECH,36.0856,-85.2317
202505,200345,1241039,1,0.67,WSW,PULASKI,35.1973,-87.0314
202505,200345,1241039,2,0.73,WSW,PULASKI,35.1963,-87.032
202505,200345,1241039,3,0.61,SW,PULASKI,35.1945,-87.0285
202505,200345,1241039,4,0.94,SE,PULASKI,35.1913,-87.0071
202505,200345,1241039,5,1.01,ESE,PULASKI,35.1931,-87.0042
202505,200345,1241041,1,0.86,S,RAMAH,35.0676,-87.3302
202505,200345,1241041,2,0.81,NNW,FIVE PTS,35.0602,-87.3271
202505,200345,1241041,3,0.7,N,FIVE PTS,35.0601,-87.3221
202505,200345,1241041,4,0.84,SSE,RAMAH,35.0686,-87.3249
202505,200345,1241041,5,0.63,SSE,RAMAH,35.0713,-87.3269
202505,201022,1247132,1,0.71,SSW,CALLE,35.8209,-86.8758
202505,201022,1247133,1,1.57,SW,DOUGLAS,35.8517,-86.8866
202505,201022,1247134,1,1.41,SSW,EWINGVILLE,35.9021,-86.8821
202505,201022,1247202,1,23.84,E,PALMETTO,35.5233,-86.2471
202505,201022,1247202,2,24.13,E,PALMETTO,35.534,-86.243
202505,201022,1247204,1,3.47,SW,NOAH,35.534,-86.243
202505,201022,1247204,2,3.14,SW,NOAH,35.5389,-86.2408
202505,201022,1247205,1,0.69,S,MOONEYHAM,35.74,-85.33
202505,202894,1262899,1,1.38,S,MT VERNON,35.4,-84.37
202505,202894,1262893,1,1.31,WSW,FLAT GAP,36.06,-83.5
202505,202894,1262895,1,1.38,N,STAUNTON MILL,36.15,-82.85
202505,202894,1262897,1,0.89,SW,MARS HILL,35.37,-84.51
202505,202894,1262898,1,1.31,WNW,TIMBER RIDGE,36.13,-82.95
202505,202894,1262901,1,0.0,N,BUSSELLTOWN,35.77,-84.25
202505,200345,1241043,1,4.01,ESE,CALFKILLER,36.0663,-85.2503
202505,200345,1248990,1,0.9,SE,WOODBURY,35.8202,-86.0694
202505,201022,1247135,1,1.44,ESE,DOUGLAS,35.8607,-86.8469
202505,201022,1247136,1,1.59,NE,DOUGLAS,35.8878,-86.8521
202505,201022,1247137,1,1.83,SE,EWINGVILLE,35.8995,-86.8494
202505,201022,1247411,1,0.76,N,SOUTHALL,35.8909,-86.9282
202505,201022,1247411,2,0.97,NNE,SOUTHALL,35.8929,-86.9233
202505,201022,1247411,3,1.29,N,SOUTHALL,35.8986,-86.9281
202505,201022,1247411,4,1.77,NNW,SOUTHALL,35.9015,-86.9471
202505,201022,1247411,5,0.45,E,LEIPERS FORK,35.9011,-86.9921
202505,201022,1247411,6,0.57,SE,LEIPERS FORK,35.8949,-86.9921
202505,201022,1247412,1,1.12,E,RUDDERVILLE,35.85,-86.73
202505,201022,1247412,2,0.46,WNW,ARRINGTON,35.872,-86.7279
202505,201022,1247412,3,0.66,WNW,ARRINGTON,35.8736,-86.7308
202505,201022,1247412,4,0.82,ENE,RUDDERVILLE,35.8545,-86.7364
202505,201022,1247412,5,1.04,SE,RUDDERVILLE,35.8389,-86.7375
202505,201022,1247412,6,1.36,SE,RUDDERVILLE,35.839,-86.7299
202505,201022,1247413,1,1.82,WNW,ARRINGTON,35.88,-86.75
202505,201022,1247413,2,1.75,WNW,ARRINGTON,35.876,-86.7504
202505,201022,1247413,3,1.87,N,RUDDERVILLE,35.8766,-86.7557
202505,201022,1247413,4,2.15,WNW,ARRINGTON,35.8852,-86.7535
202505,201022,1247413,5,1.91,WNW,ARRINGTON,35.8851,-86.7485
202505,202894,1262903,1,0.56,E,PLEASANT GROVE,35.88,-83.16
202505,202894,1262904,1,2.18,SE,ACORN,35.45,-84.2
202505,201022,1247138,1,1.71,NNE,DOUGLAS,35.8923,-86.8566
202505,201022,1247139,1,1.77,NW,PEYTONSVILLE,35.8392,-86.8008
202505,201022,1247140,1,0.99,SW,MUDSINK,35.9083,-86.8302
202505,201022,1247414,1,0.94,SW,WOODBINE,36.1096,-86.7308
202505,201022,1247414,2,0.47,WNW,OAK HILL,36.1035,-86.8271
202505,201022,1247414,3,0.98,NNE,BORDEAUX,36.2118,-86.8404
202505,201022,1247414,4,1.66,ESE,MAPLEWOOD,36.2199,-86.6929
202505,201022,1247414,5,1.52,WSW,DONELSON,36.1619,-86.6753
202505,201022,1247415,1,1.32,WNW,BIG LICK,35.81,-85.04
202505,201022,1247415,2,0.98,W,BIG LICK,35.7999,-85.0375
202505,201022,1247415,3,0.53,WNW,BIG LICK,35.8039,-85.0282
202505,201022,1247415,4,2.65,ENE,VANDEVER,35.8375,-85.0337
202505,201022,1247415,5,2.7,NE,VANDEVER,35.8558,-85.0437
202505,201022,1247415,6,1.88,NNE,VANDEVER,35.8549,-85.0665
202505,201022,1250278,1,1.78,SW,KIMMINS,35.6,-87.57
202505,201022,1250278,2,0.89,NE,KIMMINS,35.63,-87.54
202505,202923,1263161,1,1.49,SSW,NORTH CHATTANOOGA,35.05,-85.31
202505,201022,1247141,1,1.29,WSW,MUDSINK,35.9105,-86.8399
202505,201022,1247142,1,0.56,W,MUDSINK,35.9195,-86.83
202505,201022,1247144,1,0.69,S,MUDSINK,35.91,-86.82
202505,201059,1247712,1,1.05,W,BETHEL,35.5811,-87.8686
202505,201059,1247713,1,0.56,E,WAYNESBORO,35.32,-87.76
202505,201059,1247714,1,0.9,SE,LAWRENCEBURG,35.2392,-87.3209
202505,201059,1247716,1,0.73,SW,LAWRENCEBURG,35.2437,-87.3403
202505,201020,1247095,1,0.44,SW,BEAR SPG,36.475,-87.7749
202505,201020,1247096,1,0.0,N,CLARKSVILLE,36.53,-87.35
202505,201020,1247097,1,1.39,ESE,CUMBERLAND CITY,36.3919,-87.6272
202505,201020,1247098,1,1.31,ESE,SPRINGFIELD MUNI ARP,36.52,-86.9
202505,201022,1247145,1,1.38,N,EPWORTH,35.9,-86.8
202505,201022,1247146,1,0.56,W,TRINITY,35.92,-86.78
202505,201022,1247147,1,0.56,W,TRINITY,35.92,-86.78
202505,201059,1247717,1,0.53,S,LAWRENCEBURG,35.2423,-87.3305
202505,201059,1247718,1,0.73,WSW,LAWRENCEBURG,35.2471,-87.3424
202505,201059,1247719,1,0.56,E,WACO,35.38,-87.01
202505,201059,1247720,1,1.13,W,LEWISBURG,35.45,-86.82
202505,201059,1247722,1,1.32,WSW,MT HERMAN,35.36,-86.5
202505,201059,1247723,1,2.35,S,FLAT CREEK,35.366,-86.4234
202505,201020,1247099,1,3.0,SW,COOPERTOWN,36.3993,-86.9882
202505,201020,1247100,1,4.0,SW,COOPERTOWN,36.3891,-87.0009
202505,201020,1247101,1,1.08,W,GRABALL,36.4824,-86.4492
202505,201020,1247102,1,2.0,E,ROCK BRIDGE,36.521,-86.3441
202505,201020,1247103,1,5.0,SW,BETHPAGE,36.4288,-86.3836
202505,201020,1247104,1,0.69,N,LIVINGSTON,36.39,-85.32
202505,201021,1247105,1,1.1,E,BERRYS CHAPEL,35.9722,-86.8606
202505,201022,1247148,1,0.89,SE,WEST HARPETH,35.84,-86.91
202505,201022,1247149,1,1.78,NE,DOUGLAS,35.89,-86.85
202505,201022,1247151,1,4.95,W,DOVER,36.4792,-87.9191
202505,201059,1247724,1,1.29,NNW,MANCHESTER,35.4979,-86.087
202505,201021,1247106,1,0.0,N,BERRY HILL,36.12,-86.77
202505,201022,1247152,1,1.9,SSE,BUMPUS MILLS,36.5737,-87.8102
202505,201022,1247156,1,1.09,WNW,WOODLAWN,36.5578,-87.5171
202505,201022,1247156,2,2.74,E,CLARKSVILLE ARPT,36.6247,-87.3709
202505,201022,1247158,1,0.64,W,ARROW,35.519,-87.2114
202207,200763,1245514,1,1.49,NW,OLIVER SPGS,36.063,-84.3512
202207,200763,1245514,2,1.86,ENE,OLIVER SPGS,36.0606,-84.2994
202207,200763,1245514,3,2.05,SSE,OLIVER SPGS,36.0217,-84.3191
202207,200763,1245514,4,0.96,NNE,SCANDLYN,36.0317,-84.3707
202207,200763,1245516,1,1.79,NNW,OAKDALE,36.0035,-84.5834
202207,200763,1245516,2,2.19,SE,CAMP AUSTIN,36.0062,-84.5442
202207,200763,1245516,3,1.47,SSE,OAKDALE,35.9611,-84.5579
202207,200763,1245516,4,1.43,SW,OAKDALE,35.9642,-84.5866
202207,199504,1248973,3,1.36,WNW,PLEASANT VIEW,35.759,-86.0216
202207,199504,1248973,4,1.19,ENE,GASSAWAY,35.9358,-85.98
202207,199504,1248973,1,1.94,WSW,AUBURNTOWN,35.9428,-86.1335
202207,199504,1248973,2,1.6,WNW,MITCHELVILLE,35.8063,-86.1774
202505,202899,1263142,1,0.56,E,GREENEVILLE,36.17,-82.82
202505,202899,1263143,1,1.31,WNW,BRADBURN HILL,36.19,-82.79
202505,202899,1263144,1,0.89,SE,GRIFFITH CREEK,35.27,-85.54
202505,202899,1263145,1,2.36,SSW,DUNLAP,35.35,-85.4
202505,202899,1263146,1,0.69,S,BAKEWELL,35.34,-85.13
202505,202899,1263147,1,1.32,WNW,ATHENS,35.46,-84.62
202505,202899,1263148,1,0.69,S,EWTONVILLE,35.41,-85.37
202505,202547,1259889,1,0.56,E,LEXINGTON,35.65,-88.39
202505,202547,1259890,1,0.56,E,EUREKA,35.22,-88.24
202505,202547,1259892,1,0.89,SE,GARLAND,35.57,-89.76
202505,202547,1259893,1,1.32,ENE,RIPLEY,35.74,-89.53
202505,202547,1259894,1,0.69,S,MAURY CITY,35.81,-89.23
202505,202899,1263149,1,0.0,N,WEST ONEIDA,36.5,-84.53
202505,202899,1263150,1,0.56,E,ONEIDA,36.5,-84.51
202505,202899,1263151,1,0.0,N,UNION MC MINN,35.55,-84.57
202505,202899,1263152,1,1.31,ESE,DYLLIS,35.96,-84.35
202505,202899,1263153,1,0.69,S,NORWOOD,35.97,-83.98
202505,202899,1263154,1,0.89,NW,MARYVILLE,35.76,-83.98
202505,202899,1263155,1,1.67,W,ARTHUR,36.55,-83.7
202505,202899,1263156,1,3.63,NNW,KODAK,36.02,-83.64
202505,202547,1259896,1,1.81,ESE,PILLOWVILLE,36.14,-88.64
202505,202547,1259898,1,1.78,SE,PILLOWVILLE,36.13,-88.65
202505,202547,1259902,1,2.07,S,HENRY CO ARPT,36.3,-88.38
202505,202547,1259904,1,0.56,W,PARIS,36.3,-88.33
202505,202547,1259905,1,2.17,NW,NOBLES,36.39,-88.26
202505,202899,1263157,1,2.63,ENE,CUSICK,35.87,-83.66
202505,202899,1263158,1,0.0,N,LOVELL,35.9,-84.15
202505,202899,1263159,1,0.69,S,EWTONVILLE,35.41,-85.37
202505,202899,1265418,1,0.59,WSW,JONESVILLE,35.9762,-84.4094
202505,202899,1265418,2,0.11,W,JONESVILLE,35.9799,-84.402
202505,202899,1265419,1,1.03,SSE,JONESVILLE,35.9673,-84.3904
202505,202547,1259906,1,3.1,WNW,FOUNDRY HILL,36.44,-88.4
202505,202711,1261525,1,2.15,SSW,ARLINGTON MUNI ARPT,35.25,-89.68
202505,202711,1261526,1,2.9,WSW,ARLINGTON MUNI ARPT,35.27,-89.72
202505,202711,1267045,1,1.73,S,ARLINGTON MUNI ARPT,35.255,-89.6684
202505,202719,1261588,1,0.69,N,ARLINGTON MUNI ARPT,35.29,-89.67
202505,202719,1261590,1,1.78,SE,SOMERVILLE,35.23,-89.33
202505,202719,1261591,1,2.91,ESE,OAKVILLE,35.06,-89.9
202505,202719,1261593,1,1.32,ENE,LIFE,35.63,-88.46
202505,201560,1251450,1,0.99,N,WORLEY,35.044,-85.1532
202505,201560,1251450,2,0.9,NNE,WORLEY,35.0417,-85.143
202505,201560,1251450,3,0.25,NE,WORLEY,35.0321,-85.1464
202505,201560,1251450,4,0.74,NW,WORLEY,35.0365,-85.1605
202505,201560,1251451,2,1.46,S,SOUTH CENTER,35.3591,-84.2661
202505,201560,1251451,3,1.95,S,SOUTH CENTER,35.3519,-84.2714
202505,201560,1251451,4,1.02,SE,TELLICO PLAINS,35.3587,-84.2883
202505,201560,1251451,1,0.98,ESE,TELLICO PLAINS,35.3667,-84.2831
202505,201560,1251452,1,1.09,WSW,HAMILLVILLE,35.1267,-85.2489
202505,201560,1251452,2,0.27,SSW,HAMILLVILLE,35.1261,-85.231
202505,201560,1251452,3,1.16,S,HAMILLVILLE,35.1134,-85.2331
202505,201560,1251452,4,1.6,SW,HAMILLVILLE,35.1155,-85.2521
202505,201560,1253131,1,0.56,E,PROSPECT,35.18,-84.92
202505,201560,1253132,1,0.89,NE,BRAINERD HILLS,35.04,-85.17
202505,201560,1253133,1,0.0,N,MARYVILLE,35.75,-83.97
202505,201560,1253134,1,0.57,W,HAMILLVILLE,35.13,-85.24
202505,201560,1253135,1,1.33,WSW,APISON,35.01,-85.04
202505,201560,1253139,1,1.12,W,GREENEVILLE,36.17,-82.85
202505,201560,1253142,1,0.69,N,WORLEY,35.04,-85.15
202505,201560,1253143,1,0.0,N,MARYVILLE,35.75,-83.97
202505,201560,1253144,1,1.49,NNE,OAK GROVE,35.2,-84.62
202505,201560,1253145,1,0.0,N,ONEIDA,36.5,-84.52
202505,201560,1253146,1,1.78,SE,MORGAN SPGS,35.55,-85.08
202505,201560,1253147,1,0.89,NE,ONEIDA,36.51,-84.51
202505,201560,1253148,1,2.64,ESE,ACORN,35.45,-84.19
202505,202724,1261791,1,2.07,S,BUENA VISTA,35.95,-88.28
202505,202724,1261792,1,0.56,E,CAMDEN BENTON CO ARP,36.02,-88.11
202505,202576,1260234,1,0.0,N,SPRINGVILLE,36.25,-88.15
202505,202576,1260235,1,0.56,W,BIG SANDY,36.23,-88.09
202505,202576,1260236,1,3.5,S,FAXON,36.22,-88.01
202505,202576,1260237,1,2.17,SE,DRESDEN,36.28,-88.69
202505,201560,1253149,1,0.56,E,KINCAID,35.57,-84.29
202505,201560,1253150,1,1.49,NNE,CHESTNUT VLY,35.44,-84.21
202505,201560,1253151,1,3.14,WSW,SNOW HILL,35.16,-85.1
202505,201560,1253152,1,0.89,SW,WHITE OAK,35.12,-85.29
202505,201560,1253153,1,0.0,N,HIGHLAND PARK,35.8,-84.27
202505,202724,1261795,1,1.35,WSW,MC KELLAR FLD,35.5905,-88.941
202505,202724,1261795,2,0.28,S,MC KELLAR FLD,35.596,-88.9192
202505,202724,1261797,1,1.32,ENE,SAVANNAH,35.24,-88.23
202505,202724,1261798,1,1.38,N,DAMON,35.04,-88.33
202505,202576,1260238,1,0.89,NE,PINSON,35.49,-88.72
202505,202576,1260239,1,3.63,SSW,MIFFLIN,35.5,-88.6
202505,202576,1260240,1,2.18,SE,MIFFLIN,35.53,-88.55
202505,202576,1260241,1,0.56,W,PARIS,36.3,-88.33
202505,202576,1260242,1,2.17,SW,PORTER COURT,36.3,-88.36
202505,202576,1260243,1,2.18,SW,REAGAN,35.5,-88.38
202505,202576,1260246,1,0.89,SW,BIG SANDY,36.22,-88.09
202505,202576,1260247,1,0.89,NE,BIG SANDY,36.24,-88.07
202505,201560,1253154,1,0.0,N,ROCKWOOD,35.87,-84.68
202505,201560,1253155,1,1.12,W,STEPHENS,36.07,-84.45
202505,201560,1253156,1,1.49,SSW,NORTH CHATTANOOGA,35.05,-85.31
202505,201560,1253157,1,0.89,SE,PIONEER,36.41,-84.31
202505,201560,1253158,1,0.89,SE,PLEASANT GROVE,35.06,-85.59
202505,202724,1261800,1,0.0,N,DAMON,35.02,-88.33
202505,202724,1261804,1,0.89,NE,BROADWAY,35.68,-88.46
202505,202724,1261807,1,0.89,SW,MARTIN,36.34,-88.86
202505,202576,1260248,1,0.56,W,BIG SANDY,36.23,-88.09
202505,201560,1253159,1,0.89,NE,WALTER XRD,36.13,-82.96
202505,201560,1253161,1,1.7,E,PARKSVILLE,35.1,-84.62
202505,201560,1253162,1,0.56,W,FALL BRANCH,36.42,-82.63
202505,201560,1253163,1,0.56,W,MOUNTAIN CITY,36.48,-81.81
202505,202724,1261808,1,0.0,N,COTTAGE GROVE,36.38,-88.48
202505,202724,1261809,1,0.89,SW,PURYEAR,36.44,-88.34
202505,202724,1261810,1,1.12,E,LUCKETT,35.72,-89.5
202505,202579,1260280,1,0.69,S,TIPTONVILLE,36.37,-89.48
202505,202579,1260281,1,0.69,S,RIDGELY,36.26,-89.48
202505,202579,1260282,1,0.89,NE,MC KENZIE,36.14,-88.51
202505,202724,1261811,1,0.0,N,MC KELLAR FLD,35.6,-88.92
202505,202724,1261812,1,0.0,N,SUNNYSIDE,36.38,-88.98
202505,202724,1261813,1,1.82,WNW,BROWNSVILLE,35.61,-89.3
202505,202579,1260283,1,0.89,NE,MC KENZIE,36.14,-88.51
202505,202579,1260284,1,2.62,WNW,ROUTON,36.25,-88.42
202505,202579,1260285,1,0.56,E,ROUTON,36.23,-88.37
202505,202579,1260286,1,3.04,NW,NOBLES,36.4,-88.27
202505,202724,1261814,1,0.0,N,EATON,35.97,-89.13
202505,202724,1261815,1,1.31,WSW,MARTIN,36.34,-88.87
202505,202724,1261817,1,0.0,N,SPRINGVILLE,36.25,-88.15
202505,202579,1260287,1,2.23,E,WHITLOCK,36.37,-88.31
202505,202579,1260288,1,0.89,SW,PARIS,36.29,-88.33
202505,202579,1260289,1,1.38,S,INDIA,36.31,-88.27
202505,202579,1260290,1,0.56,W,OAK HILL,36.43,-88.11
202505,202923,1263160,1,0.69,S,JASPER,35.07,-85.63
202505,202724,1261818,1,1.32,WSW,CLOPTON,35.46,-89.7
202505,202724,1261819,1,1.32,ESE,HUNTERSVILLE,35.61,-88.96
202505,202724,1261822,1,0.0,N,CLARKSBURG,35.87,-88.4
202505,202724,1261822,2,0.56,E,CLARKSBURG,35.87,-88.39
202505,202579,1260291,1,2.34,WNW,STAFFORDS STORE,36.11,-88.74
202505,202547,1259873,1,0.89,NW,BARTLETT,35.21,-89.89
202505,202547,1259874,1,0.89,SW,ARLINGTON MUNI ARPT,35.27,-89.68
202505,202547,1259875,1,3.85,SSW,HICKORY WITHE,35.2,-89.63
202505,202547,1259876,1,0.69,N,ATOKA,35.44,-89.78
202505,202925,1265406,1,0.25,NNE,LUTTRELL,35.6534,-84.5287
202505,202925,1265406,2,1.44,ENE,LUTTRELL,35.6541,-84.5049
202505,202925,1265415,1,2.67,NNW,NORTHPOINT,35.6533,-84.504
202505,202925,1265415,2,2.46,N,NORTHPOINT,35.6554,-84.4844
202505,202724,1267044,1,2.09,NE,BENJESTOWN,35.2692,-90.0413
202505,202547,1259877,1,0.89,SE,BROWNSVILLE,35.59,-89.26
202505,202547,1259878,1,0.89,SW,BROWNSVILLE,35.59,-89.28
202505,202547,1259879,1,2.91,WSW,ELBA,35.11,-89.63
202505,202547,1259880,1,0.69,S,SOMERVILLE,35.24,-89.35
202505,202547,1259881,1,0.89,NE,CANADAVILLE,35.16,-89.59
202505,202547,1259882,1,0.56,E,MACON,35.15,-89.49
202505,202899,1263138,1,0.56,W,OLIVER SPGS,36.05,-84.34
202505,202899,1263139,1,0.89,NE,ROE,36.19,-83.29
202505,202899,1263140,1,0.56,E,MOHAWK,36.2,-83.04
202505,202899,1263141,1,0.89,SW,HULL MILL,36.19,-82.94
202505,202547,1259883,1,0.89,SE,OAKLAND,35.22,-89.51
202505,202547,1259884,1,0.69,S,SOMERVILLE,35.24,-89.35
202505,202547,1259885,1,1.32,WSW,FINGER,35.36,-88.62
202505,202547,1259886,1,2.36,ENE,HENDERSON,35.44,-88.63
202505,202547,1259887,1,2.36,ENE,HENDERSON,35.44,-88.63
202505,202547,1259888,1,0.0,N,JACKS CREEK,35.47,-88.53
202508,205636,1283104,1,0.69,S,SUNBRIGHT,36.24,-84.67
202508,205637,1283105,1,0.57,W,CHICKAMAUGA,35.07,-85.26
202508,206952,1291176,1,0.45,ENE,ROBINSON,35.9517,-84.1623
202508,206952,1291176,2,0.63,SW,BYINGTON,35.9624,-84.1264
202508,206952,1291176,3,0.41,NNW,BALL CAMP,35.9558,-84.1219
202508,206952,1291176,4,0.8,SE,ROBINSON,35.9434,-84.1583
202508,206953,1291178,1,1.01,SSE,GRAY,36.4059,-82.4657
202508,206953,1291178,2,1.34,SE,GRAY,36.4056,-82.4539
202508,206953,1291178,3,1.63,SSE,GRAY,36.4001,-82.4543
202508,206953,1291178,4,1.4,S,GRAY,36.4,-82.466
202508,206953,1291177,1,1.26,WSW,GRAY,36.4136,-82.4912
202508,206953,1291177,2,0.49,WSW,GRAY,36.4165,-82.4776
202508,206953,1291177,3,0.87,SSW,GRAY,36.4081,-82.4752
202508,206953,1291177,4,1.45,SW,GRAY,36.404,-82.4868
202508,206953,1291179,1,1.33,SW,BOONE,36.3674,-82.448
202508,206953,1291179,2,0.4,SSW,BOONE,36.3752,-82.434
202508,206953,1291179,3,0.23,W,CROUCH XRD,36.3697,-82.4242
202508,206953,1291179,4,1.24,SW,CROUCH XRD,36.3584,-82.437
202508,206953,1291180,1,1.17,NNW,BOONES CREEK,36.4151,-82.4296
202508,206953,1291180,2,1.38,N,BOONES CREEK,36.42,-82.42
202508,206953,1291180,3,1.1,N,BOONES CREEK,36.4157,-82.4166
202508,206953,1291180,4,0.84,NNW,BOONES CREEK,36.4108,-82.427
202508,205637,1283107,1,0.88,NE,HIXON,35.159,-85.219
202508,206323,1287788,1,1.3,E,BLUFF CITY,36.4791,-82.2467
202508,206323,1287788,2,1.33,SW,SILVER GROVE,36.4858,-82.2362
202508,206323,1287788,3,1.49,SSW,SILVER GROVE,36.48,-82.23
202508,206323,1287788,4,1.58,ESE,BLUFF CITY,36.4735,-82.2428
202508,206323,1287785,1,0.89,ESE,VANCE,36.5154,-82.205
202508,206323,1287785,2,1.03,WSW,WEAVER,36.5151,-82.1976
202508,206323,1287785,3,1.15,ENE,SILVER GROVE,36.5054,-82.2005
202508,206323,1287785,4,0.73,NE,SILVER GROVE,36.5068,-82.21
202508,206323,1287787,1,0.99,ENE,CRESTWOOD HILLS,35.9231,-84.0527
202508,206323,1287787,2,1.21,ENE,CRESTWOOD HILLS,35.9237,-84.0489
202508,206323,1287787,3,1.17,E,CRESTWOOD HILLS,35.9199,-84.0492
202508,206323,1287787,4,0.96,E,CRESTWOOD HILLS,35.9193,-84.0529
202508,206323,1287789,1,0.53,S,FOUNTAIN CITY,36.0224,-83.9286
202508,206323,1287789,2,0.77,SE,FOUNTAIN CITY,36.0226,-83.9198
202508,206323,1287789,3,1.32,SSE,FOUNTAIN CITY,36.0129,-83.9196
202508,206323,1287789,4,1.22,S,FOUNTAIN CITY,36.0124,-83.9291
202508,206323,1287790,1,0.52,N,VANCE,36.5274,-82.2186
202508,206323,1287790,2,0.75,W,WEAVER,36.5189,-82.1935
202508,206323,1287790,3,1.21,WSW,WEAVER,36.5105,-82.1984
202508,206323,1287790,4,0.32,W,VANCE,36.5205,-82.2257
202508,206952,1291175,1,0.28,SSW,SOLWAY,35.9765,-84.1823
202508,206952,1291175,2,0.51,ESE,SOLWAY,35.9769,-84.1718
202508,206952,1291175,3,1.03,N,ROBINSON,35.9647,-84.167
202508,206952,1291175,4,1.1,NW,ROBINSON,35.9627,-84.182
202504,201395,1250538,1,1.33,ENE,RICHARD CITY,34.99,-85.73
202504,201395,1250539,1,1.49,SSW,LEES STATION,35.53,-85.26
202504,201395,1250540,1,0.0,N,SOLWAY,35.98,-84.18
202504,201395,1250541,1,1.38,S,TEN MILE,35.65,-84.68
202504,201395,1250542,1,1.33,ENE,RICHARD CITY,34.99,-85.73
202504,201395,1250543,1,0.56,E,GULF PARK,35.93,-84.07
202504,199614,1235390,3,3.86,NE,ELLIS MILLS,36.334,-87.515
202504,199614,1235390,4,6.43,ESE,SILVERTON,36.178,-87.567
202504,199614,1235390,5,1.32,SSE,SILVERTON,36.202,-87.662
202504,199614,1235390,6,5.36,SSW,TENNESSEE RIDGE,36.246,-87.799
202504,199614,1235390,7,5.48,SSW,DANVILLE,36.244,-87.948
202504,199614,1235390,8,4.17,NW,DANVILLE,36.354,-87.982
202504,199614,1235390,1,2.59,N,SPRING HILL,36.367,-87.592
202504,199614,1235390,2,1.06,NE,SPRING HILL,36.342,-87.588
202504,199614,1235392,1,10.07,W,CONCORD,36.243,-87.95
202504,199614,1235392,2,3.68,W,CONCORD,36.232,-87.836
202504,199614,1235392,3,1.92,WNW,CONCORD,36.245,-87.799
202504,199614,1235392,4,3.26,ESE,WOOLWORTH,36.204,-87.665
202504,199614,1235392,5,3.18,NNW,DENVER,36.094,-87.947
202504,199614,1235393,1,3.26,ESE,WOOLWORTH,36.204,-87.665
202504,199614,1235393,2,5.28,NE,MC EWEN,36.177,-87.567
202504,199614,1235393,3,3.5,SSE,FEW CHAPEL,36.056,-87.549
202504,199614,1235393,4,0.56,SSW,BAKERVILLE,35.942,-87.882
202504,199614,1235393,5,3.01,SSW,HUSTBURG,35.939,-87.988
202504,199614,1235393,6,3.18,NNW,DENVER,36.094,-87.947
202504,199614,1235395,1,3.5,SSE,FEW CHAPEL,36.056,-87.549
202504,199614,1235395,2,4.91,ESE,MILLTOWN,35.969,-87.351
202504,199614,1235395,3,4.8,SSW,BOLD SPGS,35.904,-87.707
202504,199614,1235395,4,5.8,E,PRUETTE SPG,35.839,-87.717
202504,199614,1235395,5,0.5,NNE,PRUETTE SPG,35.837,-87.818
202504,199614,1235395,6,5.24,W,PRUETTE SPG,35.838,-87.913
202504,199614,1235395,7,6.56,SSW,SYCAMORE LNDG,35.841,-87.961
202504,199614,1235395,8,3.01,SSW,HUSTBURG,35.939,-87.988
202504,199614,1235396,1,10.07,W,CONCORD,36.243,-87.95
202504,199614,1235396,2,3.68,W,CONCORD,36.232,-87.836
202504,199614,1235396,3,3.49,ESE,WOOLWORTH,36.201,-87.662
202504,199614,1235396,4,5.33,NE,MC EWEN,36.178,-87.567
202504,199614,1235396,5,3.44,SSE,FEW CHAPEL,36.057,-87.549
202504,199614,1235396,6,0.39,WNW,SYCAMORE LNDG,35.933,-87.926
202504,199614,1235396,7,2.05,WNW,HUSTBURG,35.993,-88.003
202504,199614,1235397,1,3.44,SSE,FEW CHAPEL,36.057,-87.549
202504,199614,1235397,2,3.85,E,POPLAR GROVE,35.971,-87.532
202504,199614,1235397,3,3.22,SE,POPLAR GROVE,35.949,-87.557
202504,199614,1235397,4,4.74,SSW,BOLD SPGS,35.905,-87.707
202504,199614,1235397,5,5.8,E,PRUETTE SPG,35.839,-87.717
202504,199614,1235397,6,6.58,SSW,SYCAMORE LNDG,35.841,-87.962
202504,199614,1235397,7,0.39,WNW,SYCAMORE LNDG,35.933,-87.926
202504,199614,1235398,1,7.89,NNW,PINE VIEW,35.841,-87.963
202504,199614,1235398,2,7.54,N,PINE VIEW,35.838,-87.911
202504,199614,1235398,3,5.38,NNW,DE PRIEST BEND,35.804,-87.85
202504,199614,1235398,4,5.48,NW,LOBELVILLE,35.837,-87.818
202504,199614,1235398,5,4.48,NNE,LOBELVILLE,35.839,-87.717
202504,199614,1235398,6,4.87,ENE,CHESTNUT GROVE,35.664,-87.744
202504,199614,1235398,7,7.92,E,CHESTNUT GROVE,35.628,-87.679
202504,199614,1235398,8,3.72,NNE,PETERS LNDG,35.531,-87.979
202504,199614,1235399,1,7.92,E,CHESTNUT GROVE,35.628,-87.679
202504,199614,1235399,2,9.58,E,SUGAR HILL,35.568,-87.651
202504,199614,1235399,3,7.42,E,SUGAR HILL,35.55,-87.688
202504,199614,1235399,4,7.89,ESE,SUGAR HILL,35.505,-87.691
202504,199614,1235399,5,6.87,ESE,SUGAR HILL,35.505,-87.711
202504,199614,1235399,6,6.36,E,FLAT WOOD,35.484,-87.717
202504,199614,1235399,7,3.9,S,PETERS LNDG,35.424,-88.009
202504,199614,1235399,8,3.72,NNE,PETERS LNDG,35.531,-87.979
202504,201395,1250544,1,1.83,WSW,ALTON PARK,34.99,-85.35
202504,201395,1250545,1,0.69,S,ROBINSON,35.94,-84.17
202504,201395,1250546,1,1.49,NNE,RATHBURN,35.3,-85.16
202504,201395,1250547,1,0.89,SW,FIVE PTS,35.44,-85.03
202504,201395,1250548,1,0.56,W,FIVE PTS,35.45,-85.03
202504,201395,1250549,1,0.89,SW,COWARDS,35.94,-84.09
202504,199614,1234503,1,4.35,NE,COBLE,35.82,-87.57
202504,199614,1234503,2,1.68,E,GRAHAM STATION,35.9,-87.5
202504,199614,1234503,3,4.18,N,PINEWOOD,35.98,-87.47
202504,199614,1234503,4,1.78,NE,NUNNELLY,35.89,-87.46
202504,199614,1234503,5,3.05,NW,GRINDERS,35.81,-87.54
202504,199614,1235400,1,7.89,NNW,PINE VIEW,35.841,-87.963
202504,199614,1235400,2,7.54,N,PINE VIEW,35.838,-87.911
202504,199614,1235400,3,5.38,NNW,DE PRIEST BEND,35.804,-87.85
202504,199614,1235400,4,5.48,NW,LOBELVILLE,35.837,-87.818
202504,199614,1235400,5,4.48,NNE,LOBELVILLE,35.839,-87.717
202504,199614,1235400,6,4.87,ENE,CHESTNUT GROVE,35.664,-87.744
202504,199614,1235400,7,9.21,E,CHESTNUT GROVE,35.609,-87.658
202504,199614,1235400,8,3.83,SSW,PETERS LNDG,35.432,-88.034
202504,199614,1235402,1,9.21,E,CHESTNUT GROVE,35.609,-87.658
202504,199614,1235402,2,7.53,E,SUGAR HILL,35.549,-87.686
202504,199614,1235402,3,7.94,ESE,SUGAR HILL,35.505,-87.69
202504,199614,1235402,4,6.89,ESE,SUGAR HILL,35.506,-87.71
202504,199614,1235402,5,6.36,E,FLAT WOOD,35.483,-87.717
202504,199614,1235402,6,3.96,S,PETERS LNDG,35.423,-88.008
202504,199614,1235402,7,3.83,SSW,PETERS LNDG,35.432,-88.034
202504,199614,1235403,1,8.19,NNW,OAKWOOD,36.638,-87.641
202504,199614,1235403,2,6.51,ENE,BELDON,36.642,-87.115
202504,199614,1235403,3,0.57,ENE,PORT ROYAL,36.554,-87.141
202504,199614,1235403,4,2.23,SSW,MC ALLISTERS XRDS,36.32,-87.365
202504,199614,1235403,5,5.24,WSW,SHILOH,36.341,-87.587
202504,199614,1235404,1,0.57,ENE,PORT ROYAL,36.554,-87.141
202504,199614,1235404,2,2.94,E,SHADY GROVE,36.462,-87.128
202504,199614,1235404,3,1.52,NE,OAK PLAINS,36.445,-87.15
202504,199614,1235404,4,4.16,ESE,MC ALLISTERS XRDS,36.319,-87.286
202504,199614,1235404,5,2.34,SSE,MC ALLISTERS XRDS,36.318,-87.336
202504,199614,1235405,1,8.19,NNW,OAKWOOD,36.638,-87.641
202504,199614,1235405,2,6.51,ENE,BELDON,36.642,-87.115
202504,199614,1235405,3,2.94,E,SHADY GROVE,36.462,-87.128
202504,199614,1235405,4,1.52,NE,OAK PLAINS,36.445,-87.15
202504,199614,1235405,5,4.16,ESE,MC ALLISTERS XRDS,36.319,-87.286
202504,199614,1235405,6,5.24,WSW,SHILOH,36.341,-87.587
202504,199614,1235406,1,8.19,NNW,OAKWOOD,36.638,-87.641
202504,199614,1235406,2,6.51,ENE,BELDON,36.642,-87.115
202504,199614,1235406,3,2.94,E,SHADY GROVE,36.462,-87.128
202504,199614,1235406,4,1.52,NE,OAK PLAINS,36.445,-87.15
202504,199614,1235406,5,4.16,ESE,MC ALLISTERS XRDS,36.319,-87.286
202504,199614,1235406,6,5.24,WSW,SHILOH,36.341,-87.587
202504,199614,1235409,1,3.77,ENE,CLAYLICK,36.185,-87.155
202504,199614,1235409,2,4.39,ESE,PORTER,35.959,-87.206
202504,199614,1235409,3,1.84,WSW,IRON HILL,35.974,-87.352
202504,199614,1235409,4,0.85,WSW,POND,36.095,-87.444
202504,201395,1250550,1,0.56,E,AMHERST,35.95,-84.02
202504,201395,1250551,1,1.32,WSW,SHOOKS,35.91,-83.85
202504,201395,1250552,1,0.56,W,PUMPKIN CENTER,35.82,-84.09
202504,201395,1250553,1,0.56,W,MARYVILLE,35.75,-83.98
202504,201395,1250554,1,0.69,S,GATLINBURG,35.71,-83.52
202504,201395,1250555,1,0.69,S,CASCADES,35.74,-83.63
202504,199614,1234504,1,4.35,NE,COBLE,35.82,-87.57
202504,199614,1234504,2,1.68,E,GRAHAM STATION,35.9,-87.5
202504,199614,1234504,3,4.18,N,PINEWOOD,35.98,-87.47
202504,199614,1234504,4,1.78,NE,NUNNELLY,35.89,-87.46
202504,199614,1234504,5,3.05,NW,GRINDERS,35.81,-87.54
202504,199614,1234505,1,0.56,E,NASHVILLE CORNELIA F,36.18,-86.69
202504,199614,1234505,2,2.17,SW,NASHVILLE CORNELIA F,36.16,-86.73
202504,199614,1234505,3,0.89,NE,BRENTWOOD,36.04,-86.77
202504,199614,1234505,4,0.56,E,BRENTWOOD,36.03,-86.77
202504,199614,1234505,5,5.53,S,BROOKLIN,35.97,-86.62
202504,199614,1234505,6,0.56,W,RURAL HILL,36.07,-86.64
202504,199614,1234506,1,5.78,NNE,MALLORYS,36.03,-86.77
202504,199614,1234506,2,3.63,ENE,NOLENSVILLE,35.97,-86.62
202504,199614,1234506,3,4.43,ESE,NOLENSVILLE,35.92,-86.61
202504,199614,1234506,4,1.68,E,TRINITY,35.92,-86.74
202504,199614,1234509,1,1.38,N,GREENBRIER,36.3,-87.12
202504,199614,1234509,2,1.77,SE,FOX BLUFF,36.3,-87.15
202504,199614,1234509,3,1.31,WSW,BELL TOWN,36.11,-87.17
202504,199614,1234509,4,4.18,S,PEGRAM,36.04,-87.04
202504,199614,1234509,5,3.48,NE,PEGRAM,36.13,-87.0
202504,199614,1234509,6,1.81,ESE,GRIFFINTOWN,36.17,-87.1
202504,199614,1234512,1,25.95,N,TIDWELL,36.3,-87.15
202504,199614,1234512,2,25.91,NNE,BON AQUA,36.31,-87.2
202504,199614,1234512,3,14.06,NNE,BON AQUA,36.14,-87.24
202504,199614,1234512,4,12.88,NNE,TIDWELL,36.11,-87.17
202504,199614,1235412,4,3.26,SSW,TENNESSEE CITY,36.059,-87.549
202504,199614,1235412,5,2.07,W,EDGEWOOD,36.178,-87.567
202504,199614,1235412,1,3.44,NW,SLAYDEN,36.335,-87.514
202504,199614,1235412,2,3.08,NE,BELLSBURG,36.306,-87.155
202504,199614,1235412,3,3.79,ENE,CLAYLICK,36.183,-87.154
202504,199614,1235416,1,2.53,N,ONLY,35.906,-87.708
202504,199614,1235416,2,5.91,NNW,PINEWOOD,35.993,-87.535
202504,199614,1235416,3,1.65,NNE,BON AQUA,35.97,-87.314
202504,199614,1235416,4,2.81,E,PRIMM SPGS,35.817,-87.22
202504,199614,1235416,5,2.28,E,JONES VLY,35.776,-87.23
202504,199614,1235416,6,1.64,SSW,FARMERS EXCHANGE,35.627,-87.677
202504,199614,1235418,1,2.53,N,ONLY,35.906,-87.708
202504,199614,1235418,2,5.91,NNW,PINEWOOD,35.993,-87.535
202504,199614,1235418,3,1.65,NNE,BON AQUA,35.97,-87.314
202504,199614,1235418,4,2.81,E,PRIMM SPGS,35.817,-87.22
202504,199614,1235418,5,2.28,E,JONES VLY,35.776,-87.23
202504,199614,1235418,6,1.64,SSW,FARMERS EXCHANGE,35.627,-87.677
202504,199614,1235426,1,2.92,N,SADLERSVILLE,36.642,-87.115
202504,199614,1235426,2,1.73,S,STROUDSVILLE,36.455,-87.12
202504,199614,1235426,3,4.79,SSW,COOPERTOWN,36.367,-86.986
202504,199614,1235426,4,2.14,S,CHESTNUT GROVE,36.389,-86.899
202504,199614,1235426,5,4.65,SW,RIDGETON,36.35,-86.826
202504,199614,1235426,6,3.88,ENE,RIDGE TOP,36.41,-86.691
202504,199614,1235426,7,0.39,ENE,BLACK JACK,36.633,-86.564
202504,199614,1235426,8,1.88,NW,BLACK JACK,36.652,-86.59
202504,199614,1235429,1,2.92,N,SADLERSVILLE,36.642,-87.115
202504,199614,1235429,2,1.73,S,STROUDSVILLE,36.455,-87.12
202504,199614,1235429,3,4.79,SSW,COOPERTOWN,36.367,-86.986
202504,199614,1235429,4,2.14,S,CHESTNUT GROVE,36.389,-86.899
202504,199614,1235429,5,4.65,SW,RIDGETON,36.35,-86.826
202504,199614,1235429,6,3.88,ENE,RIDGE TOP,36.41,-86.691
202504,199614,1235429,7,0.39,ENE,BLACK JACK,36.633,-86.564
202504,199614,1235429,8,1.88,NW,BLACK JACK,36.652,-86.59
202504,199614,1235449,1,1.3,W,GRIFFINTOWN,36.183,-87.153
202504,199614,1235449,2,2.18,E,GRAVELOTTE,36.232,-86.981
202504,199614,1235449,3,3.49,ENE,PEGRAM,36.128,-86.998
202504,199614,1235449,4,0.83,SE,PEGRAM,36.093,-87.038
202504,199614,1235449,5,4.04,S,PEGRAM,36.042,-87.041
202504,199614,1235449,6,3.92,SSW,CRAGGIE HOPE,36.05,-87.183
202504,199614,1235456,1,1.3,W,GRIFFINTOWN,36.183,-87.153
202504,199614,1235456,2,2.18,E,GRAVELOTTE,36.232,-86.981
202504,199614,1235456,3,2.17,NNE,PINNACLE,36.377,-86.91
202504,199614,1235456,4,2.79,NNW,MT ZION,36.368,-86.987
202504,199614,1235456,5,2.4,NNE,OAKPLAIN,36.454,-87.121
202504,199614,1235456,6,3.71,WSW,DODDSVILLE,36.321,-87.286
202504,199614,1235456,7,2.11,SSE,FOX BLUFF,36.291,-87.158
202504,199614,1235459,1,3.49,ENE,PEGRAM,36.128,-86.998
202504,199614,1235459,2,0.83,SE,PEGRAM,36.093,-87.038
202504,199614,1235459,3,4.04,S,PEGRAM,36.042,-87.041
202504,199614,1235459,4,3.92,SSW,CRAGGIE HOPE,36.05,-87.183
202504,199614,1235459,5,2.11,SSE,FOX BLUFF,36.291,-87.158
202504,199614,1235459,6,2.4,NNE,OAKPLAIN,36.454,-87.121
202504,199614,1235459,7,2.79,NNW,MT ZION,36.368,-86.987
202504,199614,1235459,8,2.17,NNE,PINNACLE,36.377,-86.91
202504,201395,1250556,1,3.56,NW,LEES STATION,35.59,-85.29
202504,201395,1250557,1,3.56,NW,LEES STATION,35.59,-85.29
202504,201395,1250558,1,3.42,ESE,WARTBURG,36.09,-84.54
202504,201425,1250738,1,0.69,N,OLD ENGLEWOOD,35.43,-84.5
202504,201426,1250739,1,1.32,WSW,WEST EMORY,35.87,-84.1
202504,199903,1237315,1,2.36,NE,BURT,35.7971,-86.1044
202504,199903,1237315,2,2.22,NE,BURT,35.7952,-86.1054
202504,199903,1237315,3,2.29,NE,BURT,35.7931,-86.1008
202504,199903,1237315,4,2.6,NE,BURT,35.791,-86.0915
202504,199903,1237315,5,2.41,SSW,WOODBURY,35.7961,-86.0901
202504,199903,1237316,1,0.92,ENE,BERRY HILL,36.1249,-86.7548
202504,199903,1237316,2,1.18,ENE,BERRY HILL,36.126,-86.7503
202504,199903,1237316,3,1.34,SW,WOODBINE,36.1081,-86.739
202504,199903,1237316,4,1.56,SE,BERRY HILL,36.1072,-86.747
202504,199614,1234544,1,1.38,N,GREENBRIER,36.3,-87.12
202504,199614,1234544,2,1.77,SE,FOX BLUFF,36.3,-87.15
202504,199614,1234544,3,1.31,WSW,BELL TOWN,36.11,-87.17
202504,199614,1234544,4,4.18,S,PEGRAM,36.04,-87.04
202504,199614,1234544,5,3.48,NE,PEGRAM,36.13,-87.0
202504,199614,1234544,6,1.81,ESE,GRIFFINTOWN,36.17,-87.1
202504,199614,1234545,1,25.95,N,TIDWELL,36.3,-87.15
202504,199614,1234545,2,25.91,NNE,BON AQUA,36.31,-87.2
202504,199614,1234545,3,14.06,NNE,BON AQUA,36.14,-87.24
202504,199614,1234545,4,12.88,NNE,TIDWELL,36.11,-87.17
202504,199614,1234547,1,1.67,E,NEW PROVIDENCE,36.55,-87.37
202504,199614,1234547,2,2.98,NNE,PORT ROYAL,36.59,-87.13
202504,199614,1234547,3,1.8,ESE,PORT ROYAL,36.54,-87.12
202504,199614,1234547,4,2.07,S,PORT ROYAL,36.52,-87.15
202504,199614,1234547,5,0.89,SW,CLARKSVILLE,36.52,-87.36
202504,199614,1234549,1,0.89,SW,SADLERSVILLE,36.59,-87.13
202504,199614,1234549,2,5.32,NE,ADAMS,36.64,-87.01
202504,199614,1234549,3,2.32,WNW,FAIRVIEW,36.64,-86.92
202504,199614,1234549,4,0.69,S,WALNUT GROVE,36.54,-87.12
202504,199614,1234551,1,4.18,S,SAILORS REST,36.36,-87.59
202504,199614,1234551,2,2.17,SW,STRINGTOWN,36.46,-87.6
202504,199614,1234551,3,2.22,E,KENWOOD,36.58,-87.36
202504,199614,1234551,4,1.77,SE,FREDONIA,36.41,-87.2
202504,199614,1234551,5,2.35,SSE,SOUTHSIDE,36.35,-87.28
202504,199614,1234551,6,0.89,SE,ROUND POND,36.44,-87.37
202504,199614,1235468,4,2.28,E,CHIPMAN,36.452,-86.239
202504,199614,1235468,5,0.75,ENE,CHIPMAN,36.453,-86.267
202504,199614,1235468,6,3.79,SE,CASTALIAN SPGS,36.361,-86.272
202504,199614,1235468,7,2.74,WNW,ROCKLAND,36.316,-86.675
202504,199614,1235468,8,1.0,SW,WHITE HILL,36.408,-86.69
202504,199614,1235468,1,1.91,W,MITCHELLVILLE,36.634,-86.564
202504,199614,1235468,2,6.93,WNW,MITCHELLVILLE,36.652,-86.652
202504,199614,1235468,3,3.01,NNE,PLEASANT GROVE,36.639,-86.206
202504,199614,1235469,1,1.91,W,MITCHELLVILLE,36.634,-86.564
202504,199614,1235469,2,6.93,WNW,MITCHELLVILLE,36.652,-86.652
202504,199614,1235469,3,3.01,NNE,PLEASANT GROVE,36.639,-86.206
202504,199614,1235469,4,2.28,E,CHIPMAN,36.452,-86.239
202504,199614,1235469,5,0.75,ENE,CHIPMAN,36.453,-86.267
202504,199614,1235469,6,3.79,SE,CASTALIAN SPGS,36.361,-86.272
202504,199614,1235469,7,2.74,WNW,ROCKLAND,36.316,-86.675
202504,199614,1235469,8,1.0,SW,WHITE HILL,36.408,-86.69
202504,199614,1235470,1,3.58,W,SCOTTSBORO,36.225,-86.984
202504,199614,1235470,2,1.47,W,FOREST GROVE,36.366,-86.906
202504,199614,1235470,3,2.56,W,IVY PT,36.349,-86.826
202504,199614,1235470,4,1.88,NNE,BAKERS,36.404,-86.754
202504,199614,1235470,5,0.57,ESE,LAKEWOOD,36.248,-86.62
202504,199614,1235470,6,1.18,S,BELLEVUE,36.053,-86.929
202504,199614,1235471,1,0.57,ESE,LAKEWOOD,36.248,-86.62
202504,199614,1235471,2,1.9,E,COUCHVILLE,36.1,-86.516
202504,199614,1235471,3,5.67,S,BROOKLIN,35.968,-86.619
202504,199614,1235471,4,1.18,S,BELLEVUE,36.053,-86.929
202504,199614,1235472,1,1.73,E,GOODLETTSVILLE,36.32,-86.689
202504,199614,1235472,2,3.54,W,SCOTTSBORO,36.227,-86.983
202504,199614,1235472,3,3.11,SSW,LINTON,35.988,-87.04
202504,199614,1235472,4,1.17,S,BELLEVUE,36.053,-86.93
202504,199614,1235472,5,5.67,S,BROOKLIN,35.968,-86.617
202504,199614,1235472,6,1.95,E,COUCHVILLE,36.1,-86.515
202504,199614,1235473,1,52.59,NNW,WALNUT GROVE,36.39,-86.909
202504,199614,1235473,2,48.44,NNW,WALNUT GROVE,36.35,-86.825
202504,199614,1235473,3,51.08,NNW,WALNUT GROVE,36.404,-86.755
202504,199614,1235473,4,35.65,N,WALNUT GROVE,36.196,-86.576
202504,199614,1235473,5,31.17,NNW,ROVER,36.049,-86.902
202504,199614,1235473,6,32.24,NW,ROVER,36.053,-86.929
202504,199614,1235473,7,32.77,NW,CEDAR GROVE,35.989,-87.039
202504,201427,1250744,1,1.49,NNW,WARTBURG,36.12,-84.61
202504,201427,1250745,1,0.0,N,ERNESTVILLE,36.07,-82.5
202504,201427,1250746,1,0.89,SW,HOPSON,36.22,-82.13
202504,201426,1250740,1,0.0,N,MOORELAND HGTS,35.92,-83.9
202504,201426,1250741,1,1.12,W,LYONS VIEW,35.92,-84.02
202504,201426,1250742,1,0.69,N,FOUNTAIN CITY,36.04,-83.93
202504,201426,1250743,1,1.49,SSE,FENNEL STORE,36.15,-83.61
202504,199744,1235828,1,1.99,W,PORTLAND,36.5835,-86.5556
202504,199744,1235832,1,0.41,S,BRIGHAM HILL,36.4641,-87.6787
202504,199744,1235836,1,2.54,E,DE PRIEST BEND,35.7353,-87.7751
202504,199744,1235838,1,1.41,ESE,CHEAP HILL,36.3191,-87.1286
202504,199903,1237317,1,2.09,N,SHEYBOGAN,35.7803,-86.0722
202504,199955,1237696,1,1.33,WNW,BROWN XRDS,35.08,-87.42
202504,199955,1237696,2,1.37,NW,BROWN XRDS,35.0841,-87.417
202504,199955,1237696,3,0.66,N,BROWN XRDS,35.0795,-87.3998
202504,199955,1237696,4,0.83,W,BROWN XRDS,35.0707,-87.4146
202504,199955,1237696,5,1.24,W,BROWN XRDS,35.073,-87.4217
202504,199614,1234553,1,2.16,NW,MODEL,36.67,-88.0
202504,199614,1234553,2,1.8,ENE,TOBACCOPORT,36.66,-87.85
202504,199614,1234553,3,2.98,NNW,NEW HAVEN,36.54,-87.82
202504,199614,1234553,4,2.66,NE,THROCKMORTON,36.46,-87.6
202504,199614,1234553,5,4.33,SE,CUMBERLAND CITY,36.36,-87.59
202504,199614,1234553,6,4.66,WSW,CARLISLE,36.41,-87.85
202504,199614,1234554,1,0.56,E,NASHVILLE CORNELIA F,36.18,-86.69
202504,199614,1234554,2,2.17,SW,NASHVILLE CORNELIA F,36.16,-86.73
202504,199614,1234554,3,0.89,NE,BRENTWOOD,36.04,-86.77
202504,199614,1234554,4,0.56,E,BRENTWOOD,36.03,-86.77
202504,199614,1234554,5,5.53,S,BROOKLIN,35.97,-86.62
202504,199614,1234554,6,0.56,W,RURAL HILL,36.07,-86.64
202504,199614,1234556,1,5.78,NNE,MALLORYS,36.03,-86.77
202504,199614,1234556,2,3.63,ENE,NOLENSVILLE,35.97,-86.62
202504,199614,1234556,3,4.43,ESE,NOLENSVILLE,35.92,-86.61
202504,199614,1234556,4,1.68,E,TRINITY,35.92,-86.74
202504,199614,1234557,1,2.17,SE,PLANT,36.0,-87.89
202504,199614,1234557,2,1.78,SE,LONELY,36.0,-87.83
202504,199614,1234557,3,3.43,ENE,PRUETTE SPG,35.84,-87.76
202504,199614,1234557,4,0.89,SW,PRUETTE SPG,35.82,-87.83
202504,199614,1234558,1,5.27,WNW,LOBELVILLE,35.82,-87.83
202504,199614,1234558,2,3.98,W,LOBELVILLE,35.79,-87.82
202504,199614,1234558,3,2.67,NW,CHESTNUT GROVE,35.66,-87.85
202504,199614,1234558,4,3.06,NE,CHESTNUT GROVE,35.66,-87.78
202504,199614,1234558,5,0.89,NE,LOBELVILLE,35.79,-87.74
202504,199614,1234558,6,4.18,N,LOBELVILLE,35.84,-87.76
202504,199614,1235474,1,5.06,SW,LAMPLEY STORE,35.85,-87.216
202504,199614,1235474,2,2.63,NW,NEW HOPE,36.048,-87.182
202504,199614,1235474,3,5.68,ENE,NEW HOPE,36.047,-87.054
202504,199614,1235474,4,3.57,NE,FERNVALE,35.989,-87.038
202504,199614,1235474,5,5.04,N,FOREST HOME,36.053,-86.929
202504,199614,1235474,6,0.75,SSE,FRANKLIN,35.91,-86.895
202504,199614,1235474,7,3.6,SSW,BENDING CHESTNUT,35.822,-87.125
202504,199614,1235475,1,17.96,N,WALNUT GROVE,35.937,-86.618
202504,199614,1235475,2,8.01,NNW,WALNUT GROVE,35.79,-86.615
202504,199614,1235475,3,9.01,NNW,ROVER,35.79,-86.663
202504,199614,1235475,4,7.83,NW,ROVER,35.753,-86.695
202504,199614,1235475,5,5.6,NW,CEDAR GROVE,35.71,-86.697
202504,199614,1235475,6,30.15,WNW,CEDAR GROVE,35.822,-87.124
202504,199614,1235475,7,23.61,NW,CEDAR GROVE,35.903,-86.913
202504,199614,1235476,1,2.74,NW,NEW HOPE,36.05,-87.182
202504,199614,1235476,2,5.66,ENE,NEW HOPE,36.046,-87.054
202504,199614,1235476,3,3.41,NE,FERNVALE,35.988,-87.041
202504,199614,1235476,4,4.98,N,FOREST HOME,36.052,-86.931
202504,199614,1235476,5,3.6,ENE,NOLENSVILLE,35.969,-86.62
202504,199614,1235476,6,3.59,E,NOLENSVILLE,35.94,-86.617
202504,199614,1235476,7,3.75,S,BENDING CHESTNUT,35.816,-87.106
202504,199614,1235476,8,4.97,SW,LAMPLEY STORE,35.851,-87.215
202504,199614,1235477,1,1.38,WSW,GREENLAWN,36.245,-86.594
202504,199614,1235477,2,1.89,WNW,HUNTERS PT,36.311,-86.301
202504,199614,1235477,3,2.82,SW,TAYLORSVILLE,36.239,-86.233
202504,199614,1235477,4,2.59,WSW,GREENWOOD,36.138,-86.274
202504,199614,1235477,5,1.85,WSW,VESTA,36.063,-86.452
202504,199614,1235477,6,1.61,SW,SUGGS CREEK,36.107,-86.524
202504,199614,1235478,1,2.36,SSW,CENTERVILLE,36.248,-86.235
202504,199614,1235478,2,1.69,ENE,BELLWOOD,36.261,-86.123
202504,199614,1235478,3,2.82,SSE,COTTAGE HOME,35.961,-86.015
202504,199614,1235478,4,3.47,W,CAINSVILLE,35.979,-86.311
202504,199614,1235478,5,1.52,SW,VESTA,36.056,-86.441
202504,199614,1235478,6,1.15,SE,MORENE,36.057,-86.237
202504,199614,1235783,4,2.15,SSE,BRYANT STATION,35.493,-86.881
202504,199614,1235783,5,2.71,SSE,CAMPBELLS STATION,35.414,-86.961
202504,199614,1235783,6,3.1,SSE,SANDY HOOK,35.44,-87.225
202504,199614,1235783,1,1.48,NW,WATER VLY,35.787,-87.196
202504,199614,1235783,2,1.56,NNW,BETHEL,35.822,-87.126
202504,199614,1235783,3,1.79,ENE,LEES CORNER,35.709,-86.8
202504,199614,1235796,1,2.69,NW,TEMPLOW,36.453,-86.269
202504,199614,1235796,2,5.49,NE,CATO,36.426,-85.98
202504,199614,1235796,3,1.38,S,PROVIDENCE,36.31,-86.15
202504,199614,1235796,4,0.84,S,PAYNES STORE,36.388,-86.272
202504,199614,1235797,1,2.69,NW,TEMPLOW,36.453,-86.269
202504,199614,1235797,2,5.49,NE,CATO,36.426,-85.98
202504,199614,1235797,3,1.38,S,PROVIDENCE,36.31,-86.15
202504,199614,1235797,4,0.84,S,PAYNES STORE,36.388,-86.272
202504,199744,1235840,1,2.0,NNW,OAK HILL,36.1259,-86.836
202504,199744,1235842,1,1.67,N,OAK HILL,36.1238,-86.8252
202504,199744,1235843,1,2.85,W,NASHVILLE TUNE ARPT,36.173,-86.9304
202504,199744,1235844,1,0.0,N,NASHVILLE TUNE ARPT,36.18,-86.88
202504,199744,1235845,1,0.68,NE,OAK HILL,36.1079,-86.8126
202504,199955,1237699,1,2.05,NE,BROWN XRDS,35.0943,-87.3791
202504,199955,1237699,2,1.95,NNE,BROWN XRDS,35.0944,-87.3826
202504,199955,1237699,3,2.15,NNE,BROWN XRDS,35.0978,-87.3829
202504,199955,1237699,4,2.57,NNE,BROWN XRDS,35.103,-87.379
202504,199955,1237699,5,2.51,W,CENTER PT,35.1025,-87.3742
202504,199955,1237759,1,1.14,SW,SOUTH FAIRVIEW,35.0364,-87.4815
202504,199955,1237759,2,1.22,SSW,SOUTH FAIRVIEW,35.0349,-87.4811
202504,199955,1237759,3,1.17,S,SOUTH FAIRVIEW,35.0331,-87.4698
202504,199955,1237759,4,1.06,SSE,SOUTH FAIRVIEW,35.0353,-87.4648
202504,199955,1237759,5,0.8,SSE,SOUTH FAIRVIEW,35.0388,-87.4665
202504,199955,1237759,6,0.98,SSW,SOUTH FAIRVIEW,35.0381,-87.4796
202504,199614,1234559,1,2.17,SE,PLANT,36.0,-87.89
202504,199614,1234559,2,1.78,SE,LONELY,36.0,-87.83
202504,199614,1234559,3,3.43,ENE,PRUETTE SPG,35.84,-87.76
202504,199614,1234559,4,0.89,SW,PRUETTE SPG,35.82,-87.83
202504,199614,1234560,1,5.27,WNW,LOBELVILLE,35.82,-87.83
202504,199614,1234560,2,3.98,W,LOBELVILLE,35.79,-87.82
202504,199614,1234560,3,2.67,NW,CHESTNUT GROVE,35.66,-87.85
202504,199614,1234560,4,3.06,NE,CHESTNUT GROVE,35.66,-87.78
202504,199614,1234560,5,0.89,NE,LOBELVILLE,35.79,-87.74
202504,199614,1234560,6,4.18,N,LOBELVILLE,35.84,-87.76
202504,199614,1234561,1,1.31,ESE,HUSTBURG,35.97,-87.95
202504,199614,1234561,2,2.76,N,LONELY,36.06,-87.85
202504,199614,1234561,3,3.84,SSE,BOLD SPGS,35.92,-87.65
202504,199614,1234561,4,3.43,ESE,PRUETTE SPG,35.82,-87.76
202504,199614,1234562,1,1.31,ESE,HUSTBURG,35.97,-87.95
202504,199614,1234562,2,2.76,N,LONELY,36.06,-87.85
202504,199614,1234562,3,3.84,SSE,BOLD SPGS,35.92,-87.65
202504,199614,1234562,4,3.43,ESE,PRUETTE SPG,35.82,-87.76
202504,199614,1234563,1,4.82,SW,ONLY,35.82,-87.76
202504,199614,1234563,2,3.93,NW,SPOT,35.92,-87.65
202504,199614,1234563,3,3.36,E,JONES VLY,35.77,-87.21
202504,199614,1234563,4,4.97,SSW,DUCK RIVER,35.66,-87.32
202504,199614,1234564,1,1.78,SW,CREWSTOWN,35.16,-87.47
202504,199614,1234564,2,3.15,WSW,IRON CITY,35.0,-87.63
202504,199614,1234564,3,2.19,SE,IRON CITY,35.0,-87.55
202504,199614,1234564,4,1.49,SSE,BUSBY,35.1,-87.41
202504,199614,1235075,1,2.35,SSW,LOBELVILLE,35.7516,-87.7731
202504,199614,1235798,1,0.76,WNW,ONLY,35.873,-87.713
202504,199614,1235798,2,3.75,NNE,PRIMM SPGS,35.87,-87.244
202504,199614,1235798,3,0.28,E,CHARTERSVILLE,35.72,-87.265
202504,199614,1235798,4,4.11,SE,AETNA,35.616,-87.46
202504,199614,1235798,5,4.97,NNW,PLEASANTVILLE,35.737,-87.732
202504,199614,1235800,1,4.96,SW,LAMPLEY STORE,35.853,-87.217
202504,199614,1235800,2,3.58,ENE,NOLENSVILLE,35.97,-86.621
202504,199614,1235800,3,1.49,NE,COLLEGE GROVE,35.792,-86.658
202504,199614,1235800,4,1.77,ESE,REEDS STORE,35.71,-86.741
202504,199614,1252345,1,0.67,N,OAK HILL,36.1097,-86.8184
202504,201527,1251063,1,0.97,SSW,IRISH CUT,35.9868,-83.1858
202504,201527,1251063,2,1.03,NNW,WEST END,35.983,-83.2092
202504,201527,1251063,3,0.71,WSW,NEWPORT,35.9447,-83.1909
202504,201527,1251063,4,1.06,ENE,NEWPORT,35.9538,-83.1616
202504,199744,1235847,1,1.61,NE,NASHVILLE,36.1883,-86.7621
202504,199744,1235849,1,1.04,SW,DONELSON,36.1605,-86.6644
202504,199744,1235852,1,3.36,NE,BERRYS CHAPEL,36.0022,-86.835
202504,199744,1235854,1,0.0,N,RIDGE TOP,36.38,-86.75
202504,199744,1235856,1,2.63,WNW,BERRY HILL,36.1396,-86.8105
202504,199614,1235076,1,5.0,NNE,ASHLAND CITY,36.3469,-87.0356
202504,199614,1235077,1,6.0,NE,ASHLAND CITY,36.3414,-86.9938
202504,199614,1235078,1,3.0,ESE,COOPERTOWN,36.4134,-86.9002
202504,199614,1235080,1,3.0,E,COOPERTOWN,36.43,-86.896
202504,199614,1235082,1,0.0,N,SPRINGFIELD,36.5,-86.88
202504,199614,1235083,1,0.0,N,WHITE HOUSE,36.47,-86.66
202504,199614,1235085,1,0.0,N,ERIN,36.32,-87.7
202504,199614,1235086,1,5.0,N,FREDONIA,36.5024,-87.22
202504,199614,1235087,1,4.0,E,CLARKSVILLE,36.53,-87.278
202504,199614,1235089,1,0.3,E,POMONA,36.0302,-87.3447
202504,199614,1235090,1,2.77,ENE,FAIRVIEW,36.0001,-87.0771
202504,199614,1235092,1,3.39,NNW,FOREST HOME,36.027,-86.9472
202504,199614,1235095,1,0.61,ENE,BELLEVUE,36.0746,-86.9206
202504,199744,1235857,1,0.0,N,NASHVILLE METRO ARPT,36.13,-86.68
202504,199744,1235859,1,0.0,N,SMYRNA ARPT,36.0,-86.52
202504,199744,1235860,1,0.64,NW,BARNESVILLE,35.4352,-87.3894
202504,199744,1235861,1,1.18,NNE,NORTH XRDS,35.3356,-87.3416
202504,199744,1235862,1,1.0,ESE,LAWRENCEBURG,35.2445,-87.3136
202504,199614,1235096,1,1.0,S,HOHENWALD,35.5355,-87.57
202504,199614,1235097,1,3.0,SW,MT JULIET,36.1693,-86.558
202504,199614,1235099,1,0.0,N,WILLIAMSPORT,35.68,-87.22
202504,199614,1235101,1,1.11,WSW,TRIUNE,35.8648,-86.6888
202504,199614,1235102,1,1.0,NW,SPRING HILL,35.7602,-86.9426
202504,199614,1235104,1,8.0,WSW,LINDEN,35.5757,-87.9816
202504,199614,1235106,1,9.03,E,SUGAR HILL,35.5615,-87.66
202504,199614,1235107,1,0.0,N,HOHENWALD,35.55,-87.57
202504,199614,1235109,1,0.8,NW,CHARTERSVILLE,35.7279,-87.2804
202504,199614,1235110,1,0.0,N,WILLIAMSPORT,35.68,-87.22
202504,199614,1235111,1,4.0,W,SANTA FE,35.73,-87.2013
202504,199614,1235112,1,0.84,NW,SANTA FE,35.7397,-87.1389
202504,199614,1235113,1,0.93,SE,FLY,35.769,-87.1405
202504,199744,1235863,1,1.18,SSE,WEBBER CITY,35.3333,-87.2957
202504,199744,1235865,1,1.26,SSE,TRIUNE,35.8542,-86.6586
202504,199744,1235867,1,0.82,ESE,ROGANA,36.4447,-86.3168
202504,199744,1235869,1,6.0,NE,MC MINNVILLE,35.7414,-85.7044
202504,199744,1235871,1,0.1,W,TEMPERANCE HALL,36.0801,-85.9017
202504,199614,1235114,1,0.77,NW,THETA,35.7891,-87.0578
202504,199614,1235115,1,2.0,WSW,FRANKLIN,35.9089,-86.933
202504,199614,1235116,1,4.0,NE,SANTA FE,35.7709,-87.0796
202504,199614,1235117,1,2.49,ENE,DE PRIEST BEND,35.7377,-87.7766
202504,199614,1235118,1,1.25,SSE,BEARDSTOWN,35.703,-87.8126
202504,199614,1235119,1,1.52,NW,CRAIGFIELD,35.9375,-87.1965
202504,199614,1235120,1,1.76,SW,ANTIOCH,36.0535,-86.6939
202504,199614,1235121,1,2.0,S,MT JULIET,36.1711,-86.52
202504,199614,1235122,1,2.0,ENE,MT JULIET,36.2111,-86.4869
202504,199614,1235123,1,0.82,ENE,LIBERTY HILL,35.9848,-87.1566
202504,199614,1235124,1,1.99,E,BINGHAM,35.9312,-86.9345
202504,199614,1235125,1,5.82,N,MALLORYS,36.0331,-86.7828
202504,199744,1235872,1,1.83,ESE,BUMPUS MILLS,36.5896,-87.7896
202504,199744,1235873,1,2.0,N,LORETTO,35.109,-87.45
202504,199614,1235126,1,4.0,NW,FRANKLIN,35.9609,-86.9506
202504,199614,1235127,1,5.82,N,MALLORYS,36.0331,-86.7828
202504,199614,1235128,1,2.57,N,CENTER,35.3872,-87.4493
202504,199614,1235134,1,1.91,N,VINE,36.0573,-86.3648
202504,199614,1235134,2,1.66,ENE,GREENWOOD,36.1614,-86.2038
202504,199614,1235135,1,1.45,WNW,DEERFIELD,35.3085,-87.5036
202504,199614,1235135,2,1.39,WNW,DEERFIELD,35.3086,-87.5023
202504,199614,1235137,1,5.9,NNW,PIGEON ROOST,36.1759,-87.8983
202504,199614,1235140,1,0.0,N,MC EWEN,36.12,-87.63
202504,199614,1235141,1,0.16,NE,MC EWEN,36.1219,-87.6283
202504,199614,1235146,1,0.0,N,COLLINWOOD,35.18,-87.75
202504,199614,1235161,1,1.35,E,BUFFALO,35.8809,-87.8059
202504,199614,1235162,1,2.49,ENE,BUFFALO,35.8933,-87.7886
202504,199614,1235163,1,2.29,ENE,POPLAR GROVE,35.9869,-87.5599
202504,199614,1235164,1,0.0,N,DICKSON,36.08,-87.38
202504,199614,1235165,1,3.0,SSW,BURNS,36.0099,-87.3406
202504,199614,1235180,1,1.6,NNW,LIBERTY HILL,36.0014,-87.1807
202504,199614,1235183,1,0.0,N,KINGSTON SPGS,36.1,-87.12
202504,199614,1235184,1,0.0,N,KINGSTON SPGS,36.1,-87.12
202504,199614,1235185,1,0.0,N,PEGRAM,36.1,-87.05
202504,199614,1235186,1,0.0,N,FAIRVIEW,35.98,-87.12
202504,199614,1235187,1,1.08,NNE,BELLE MEADE,36.1138,-86.861
202504,199614,1235188,1,0.71,SW,RICHLAND,36.1438,-86.8901
202504,199614,1235189,1,0.59,SE,KINGSTON SPGS,36.0952,-87.1113
202504,199614,1235190,1,3.0,NW,INGLEWOOD,36.2507,-86.7681
202504,199614,1235191,1,1.14,NE,BORDEAUX,36.2119,-86.8358
202504,199614,1235192,1,1.0,NNW,BERRY HILL,36.1323,-86.7794
202504,199614,1235193,1,2.72,ENE,MADISON,36.2696,-86.7278
202504,199614,1235195,1,0.52,W,OLD HICKORY,36.2597,-86.6593
202504,199614,1235197,1,1.7,SE,GOODLETTSVILLE,36.3032,-86.6977
202506,204411,1274431,1,0.89,NW,DANDRIDGE,36.03,-83.43
202506,204411,1274432,1,0.56,E,JEFFERSON CITY,36.12,-83.47
202506,204413,1274433,1,2.16,NW,NEW CANTON,36.54,-82.78
202506,204413,1274435,1,1.67,E,MC PHEETER BEND,36.48,-82.69
202504,199614,1235198,1,1.67,NNW,AMQUI,36.3014,-86.6939
202504,199614,1235199,1,0.0,N,(BNA)NASHVILLE METRO,36.13,-86.68
202504,199614,1235200,1,0.71,WNW,ROCKLAND,36.3032,-86.6421
202504,199614,1235201,1,4.1,W,ROCKLAND,36.3058,-86.7032
202504,199614,1235202,1,0.32,WNW,ROCKLAND,36.3025,-86.6349
202504,199614,1235203,1,0.58,SSE,OLD HICKORY,36.2624,-86.6256
202504,199614,1235204,1,0.0,N,CROSS PLAINS,36.55,-86.7
202504,199614,1235205,1,2.0,ESE,HENDERSONVILLE,36.2689,-86.5868
202504,199614,1235206,1,1.0,S,HENDERSONVILLE,36.2655,-86.62
202504,199614,1235207,1,1.91,S,SHACKLE IS,36.3425,-86.6179
202504,199614,1235208,1,1.08,W,SAUNDERSVILLE,36.3307,-86.5894
202504,201393,1250523,1,5.0,W,BLACK OAK,36.48,-84.69
202504,199614,1235209,1,1.65,ESE,SHACKLE IS,36.3605,-86.5928
202504,199614,1235210,1,2.17,SSE,SHACKLE IS,36.3404,-86.6071
202504,199614,1235211,1,1.49,ENE,ROCKLAND,36.3081,-86.6052
202504,199614,1235212,1,1.16,SSW,SAUNDERSVILLE,36.3153,-86.58
202504,199614,1235213,1,1.58,SE,PEYTONA,36.352,-86.5025
202504,199614,1235214,1,1.53,SE,LIBERTY,36.4069,-86.4979
202504,199614,1235216,1,3.0,S,MT JULIET,36.1566,-86.52
202504,199614,1235217,1,0.4,E,LAGUARDO,36.3003,-86.4428
202504,199614,1235218,1,2.02,SW,GALLATIN,36.3793,-86.4756
202504,199614,1235219,1,2.09,S,PEYTONA,36.3401,-86.5139
202504,199614,1235220,1,1.46,S,LA GUARDO,36.2789,-86.4298
202504,201394,1250527,1,2.35,NNE,ONEIDA,36.53,-84.5
202504,201395,1250528,1,2.88,WSW,UNION,36.06,-84.53
202504,201395,1250529,1,2.23,E,GLADES,36.25,-84.74
202504,201395,1250530,1,1.12,E,HITCHCOX,35.57,-85.4
202504,201395,1250531,1,1.33,ENE,RICHARD CITY,34.99,-85.73
202504,199614,1235221,1,1.74,SW,CASTALIAN SPGS,36.3812,-86.3409
202504,199614,1235222,1,3.37,E,CASTALIAN SPGS,36.398,-86.2595
202504,199614,1235223,1,1.51,SSE,OAKLAND,36.2507,-86.3372
202504,199614,1235225,1,0.49,E,HARTSVILLE,36.4006,-86.1612
202504,199614,1235226,1,2.51,E,BEECH GROVE,36.4264,-86.0556
202504,199614,1235227,1,0.0,N,HARTSVILLE,36.4,-86.17
202504,199614,1235228,1,0.0,N,RED BOILING SPGS,36.53,-85.85
202504,199614,1235229,1,1.06,SSW,MONTEAGLE,35.2363,-85.8387
202504,199614,1235229,2,0.51,SSE,WHITE CITY,35.2438,-85.7152
202504,199614,1235230,1,1.86,SE,FIVE PTS,35.0329,-87.2945
202504,199614,1235231,1,4.86,E,FALLRIVER,35.1352,-87.1343
202504,201395,1250532,1,1.33,WSW,SOUTH PITTSBURG,35.02,-85.72
202504,201395,1250533,1,2.98,SSW,OAK RIDGE,35.98,-84.29
202504,201395,1250534,1,1.49,SSW,SOUTH PITTSBURG,35.01,-85.71
202504,201395,1250535,1,2.82,SSE,HANNA,35.99,-84.31
202504,201395,1250536,1,0.69,S,OAK RIDGE,36.01,-84.27
202504,201395,1250537,1,0.89,NW,OLD CUMBERLAND,35.56,-85.39
202504,199614,1235233,1,1.03,W,MONTEAGLE,35.2484,-85.8481
202504,199614,1235233,2,0.87,W,WHITE CITY,35.252,-85.7352
202504,199614,1235234,1,0.41,E,BUFFALO,35.8799,-87.8227
202504,199614,1235234,2,3.0,ENE,BUFFALO,35.8962,-87.7803
202504,199614,1235235,1,1.56,S,DICKSON,36.0576,-87.3831
202504,199614,1235235,2,1.38,S,DICKSON,36.0601,-87.3777
202504,199614,1235375,1,5.72,WNW,MODEL,36.676,-88.068
202504,199614,1235375,2,1.58,ENE,TOBACCOPORT,36.661,-87.855
202504,199614,1235375,3,1.82,SE,TOBACCOPORT,36.632,-87.856
202504,199614,1235375,4,6.76,NNE,LEGATE,36.636,-87.642
202504,199614,1235375,5,3.95,SE,CUMBERLAND CITY,36.367,-87.592
202504,199614,1235375,6,8.96,SSE,FT HENRY,36.354,-87.982
202504,199614,1235375,7,1.93,WNW,FT HENRY,36.491,-88.052
202504,199614,1235376,1,5.72,WNW,MODEL,36.676,-88.068
202504,199614,1235376,2,1.58,ENE,TOBACCOPORT,36.661,-87.855
202504,199614,1235376,3,1.82,SE,TOBACCOPORT,36.632,-87.856
202504,199614,1235376,4,6.76,NNE,LEGATE,36.636,-87.642
202504,199614,1235376,5,3.95,SE,CUMBERLAND CITY,36.367,-87.592
202504,199614,1235376,6,8.96,SSE,FT HENRY,36.354,-87.982
202504,199614,1235376,7,1.93,WNW,FT HENRY,36.491,-88.052
202504,199614,1235381,1,2.59,N,SPRING HILL,36.367,-87.592
202504,199614,1235381,2,1.06,NE,SPRING HILL,36.342,-87.588
202504,199614,1235381,3,3.86,NE,ELLIS MILLS,36.334,-87.515
202504,199614,1235381,4,3.1,ESE,YELLOW CREEK,36.256,-87.523
202504,199614,1235381,5,1.21,SSE,SILVERTON,36.203,-87.665
202504,199614,1235381,6,5.36,SSW,TENNESSEE RIDGE,36.246,-87.799
202504,199614,1235381,7,5.48,SSW,DANVILLE,36.244,-87.948
202504,199614,1235381,8,4.17,NW,DANVILLE,36.354,-87.982
202504,199614,1235385,1,3.1,ESE,YELLOW CREEK,36.256,-87.523
202504,199614,1235385,2,1.21,SSE,SILVERTON,36.203,-87.665
202504,199614,1235385,3,6.43,ESE,SILVERTON,36.178,-87.567
202504,199614,1235385,4,5.31,SSE,YELLOW CREEK,36.2055,-87.5469
202508,204423,1274517,1,0.0,N,(CSV)CROSSVILLE MEM,35.95,-85.08
202508,204424,1274518,1,0.87,SW,CELINA,36.5405,-85.5103
202506,203044,1272030,1,1.38,S,WATERVILLE,35.08,-84.87
202506,203044,1272031,1,0.69,N,SPEAR SPGS,36.39,-83.02
202506,203044,1272032,1,1.82,WSW,HICKORY GROVE,35.46,-85.23
202506,203044,1272033,1,1.12,W,NEW LINE,36.2,-83.35
202506,203044,1272034,1,0.89,SE,UNION GROVE,35.07,-84.79
202506,203044,1272035,1,0.89,SW,LIMESTONE,36.22,-82.64
202506,203044,1272036,1,0.69,S,MADISONVILLE ARPT,35.54,-84.38
202207,200763,1244750,1,3.33,W,BLACK OAK,36.48,-84.66
202506,203045,1264309,1,2.64,SW,GRASSY FORK,35.7889,-83.1075
202506,203045,1264309,2,2.78,SSW,GRASSY FORK,35.7815,-83.0946
202506,203045,1264309,3,3.37,SSW,GRASSY FORK,35.7766,-83.1075
202506,203045,1264309,4,3.27,SW,GRASSY FORK,35.7818,-83.1144
202207,199513,1233706,1,4.54,NNE,MALLORYS,36.0141,-86.782
202508,204713,1276261,1,0.06,WNW,FLATWOODS,35.3005,-87.3509
202207,200763,1244747,1,2.99,NNW,MARTIN SPGS,35.21,-85.82
202207,200763,1244764,1,1.67,W,STOWERS,36.23,-84.85
202506,204419,1274492,1,0.89,NW,GLEN ALICE,35.81,-84.74
202506,203044,1264306,1,2.87,WNW,ALPHA,36.1888,-83.4303
202506,203044,1264306,2,2.62,NNW,ALPHA,36.2146,-83.3991
202506,203044,1264306,3,0.74,SW,NEW LINE,36.1937,-83.3407
202506,203044,1264306,4,0.89,S,ALPHA,36.1673,-83.3829
202506,203044,1272029,1,0.69,S,BROWN ARPT,35.06,-85.58
202502,199657,1236888,1,0.31,W,PARIS,36.2995,-88.3256
202502,199657,1236889,1,1.16,WSW,UNION CITY,36.414,-89.0696
202502,199657,1236889,2,1.3,WSW,UNION CITY,36.4147,-89.0725
202502,199657,1236889,3,1.19,WSW,UNION CITY,36.4154,-89.0705
202502,199657,1236889,4,1.1,WSW,UNION CITY,36.4148,-89.0686
202502,199657,1237338,1,0.8,SW,RIVES,36.3606,-89.0584
202502,199657,1237338,2,1.39,SSW,RIVES,36.3506,-89.0564
202502,199657,1237338,3,1.46,SSE,RIVES,36.3494,-89.0443
202502,199657,1237338,4,0.81,SSE,RIVES,36.3588,-89.046
202502,199657,1237338,5,0.39,SSE,RIVES,36.3647,-89.0477
202506,201704,1252902,1,1.69,S,GRAY,35.4756,-86.4186
202506,201704,1252903,1,1.58,SSE,TULLAHOMA,35.3508,-86.2149
202506,201704,1252904,1,1.78,SE,TULLAHOMA,35.35,-86.21
202506,201704,1252905,1,1.41,SSE,CLOUSE HILL,35.2604,-85.7928
202506,201704,1252906,1,0.69,N,CLOUSE HILL,35.29,-85.8
202506,201814,1253679,1,1.41,SW,ORLINDA,36.5835,-86.7349
202506,201814,1253679,2,0.69,WSW,HANDLEYTON,36.5949,-86.6407
202506,201814,1253679,3,0.45,WNW,REUBENSVILLE,36.5831,-86.5872
202506,201814,1253679,4,1.03,S,CALISTIA,36.5151,-86.6301
202506,201814,1253679,5,1.16,E,EDEN CORNER,36.5226,-86.7294
202506,201814,1253680,1,1.91,NNW,PLEASANT VLY,36.5267,-86.6293
202506,201814,1253680,2,0.97,NE,WHITE HOUSE,36.4802,-86.6382
202506,201814,1253680,3,0.99,NW,CUMMINGS XRDS,36.4888,-86.594
202506,201814,1253680,4,0.96,NNW,JOHNSONS XRDS,36.5129,-86.5862
202506,202304,1257756,1,0.32,NE,BETHPAGE,36.483,-86.3157
202502,199657,1236890,1,0.0,N,GREENFIELD,36.15,-88.8
202502,199657,1236891,1,1.49,NNE,PORTER COURT,36.34,-88.32
202506,201704,1252908,1,0.03,WSW,DOGTOWN,35.3499,-85.7005
202506,201814,1253678,1,1.32,WSW,HOLLYWOOD,35.47,-87.07
202506,201814,1253678,2,0.81,SSE,CULLEOKA,35.4688,-86.9755
202506,201814,1253678,3,1.19,SSW,SCRIBNER,35.4838,-86.9573
202506,201814,1253678,4,1.17,WSW,PARK STATION,35.5248,-86.9498
202506,201814,1253678,5,1.16,N,GLENDALE,35.5467,-87.0018
202506,201814,1253678,6,2.68,NNW,MC CAINS,35.5577,-87.0613
202502,199657,1236892,1,1.79,SW,GERMANTOWN,35.06,-89.84
202502,199657,1236892,2,1.76,SW,GERMANTOWN,35.0607,-89.8403
202502,199657,1236892,3,1.7,SW,GERMANTOWN,35.0611,-89.8393
202502,199657,1236892,4,1.72,SW,GERMANTOWN,35.0605,-89.8389
202502,199657,1236894,3,0.37,S,TIPTONVILLE GOOCH FL,36.3647,-89.4305
202502,199657,1236894,4,0.19,WNW,TIPTONVILLE GOOCH FL,36.3709,-89.4332
202502,199657,1236894,1,0.56,W,TIPTONVILLE GOOCH FL,36.37,-89.44
202502,199657,1236894,2,0.57,SSW,TIPTONVILLE GOOCH FL,36.363,-89.4355
202506,203047,1264320,1,0.7,S,LUPTON CITY,35.0899,-85.3011
202506,203047,1264320,2,0.6,S,LUPTON CITY,35.0914,-85.2996
202506,203047,1264320,3,0.69,SSE,LUPTON CITY,35.0905,-85.2963
202506,203047,1264320,4,0.81,S,LUPTON CITY,35.0884,-85.2984
202506,203047,1274454,1,1.38,N,HAMBRIGHT,35.2,-84.48
202506,203047,1274456,1,0.57,W,CHATTANOOGA,35.05,-85.29
202502,199657,1236895,1,1.31,WSW,DRESDEN,36.29,-88.74
202502,199657,1236895,2,1.24,WSW,DRESDEN,36.2905,-88.7389
202502,199657,1236895,3,1.24,SW,DRESDEN,36.29,-88.7385
202502,199657,1236895,4,1.3,WSW,DRESDEN,36.2898,-88.7396
202502,199657,1236896,1,0.65,N,GIBSON CO ARPT,35.9392,-88.848
202502,199916,1237396,1,3.0,WSW,THORN HILL,36.3534,-83.4698
202502,199916,1237396,2,1.0,SE,THORN HILL,36.3598,-83.4073
202506,201941,1254648,1,0.6,SSW,TENNESSEE CITY,36.0915,-87.5222
202506,203047,1274459,1,0.57,W,NORTH CHATTANOOGA,35.07,-85.31
202506,204133,1272037,1,0.57,E,HALETOWN,35.03,-85.54
202506,204133,1272038,1,0.89,SW,DUNLAP,35.37,-85.39
202506,204133,1272039,1,1.7,W,WHITE OAK,35.13,-85.31
202506,204133,1272040,1,0.69,N,LUPTON CITY,35.11,-85.3
202506,203047,1274457,1,6.55,ESE,SULPHUR SPGS,35.14,-85.39
202502,199657,1236897,1,0.56,E,DYER,36.07,-88.99
202502,199657,1236898,1,2.19,NW,LENOW,35.2,-89.78
202502,199916,1237395,1,3.77,WNW,ADKINS MILL,36.2026,-84.9116
202502,199916,1237395,2,1.6,S,ANNADEL,36.1569,-84.6716
202506,201941,1254653,1,2.51,ENE,DE PRIEST BEND,35.7435,-87.7784
202506,201941,1254651,1,1.86,W,HORTENSE,36.1531,-87.4631
202506,201941,1254655,1,0.04,W,POND,36.1001,-87.4307
202506,201941,1254657,1,0.69,N,SPRINGFIELD,36.51,-86.88
202506,201941,1254659,1,0.16,SW,RIDGETON,36.3986,-86.7722
202506,204133,1272042,1,0.89,SW,COLLEGEDALE ARPK,35.04,-85.03
202506,204133,1272043,1,2.07,S,CLEVELAND,35.14,-84.88
202506,204133,1272044,1,0.69,N,WORK,35.29,-85.05
202506,204133,1272041,1,0.89,NE,OOLTEWAH,35.09,-85.06
202506,204133,1272045,1,0.99,W,NORTH CHATTANOOGA,35.0695,-85.3175
202502,199657,1236899,1,1.31,ENE,CLOVERDALE,36.24,-89.31
202502,199657,1236899,2,1.16,NE,CLOVERDALE,36.2407,-89.3139
202502,199657,1236899,3,1.34,NE,CLOVERDALE,36.2428,-89.3119
202502,199657,1236899,4,1.49,ENE,CLOVERDALE,36.2419,-89.3077
202502,199657,1236900,1,1.32,WSW,LEEWOOD,35.16,-90.0
202506,201941,1254660,1,1.34,N,SHACKLE IS,36.3891,-86.6238
202506,201941,1254661,1,1.14,W,CORINTH,36.5783,-86.4504
202506,201941,1254662,1,0.79,NE,PORTLAND,36.5893,-86.5116
202506,201941,1254663,1,0.97,E,SUNRISE,35.6788,-87.4327
202506,201941,1254663,2,2.48,SSW,DUCK RIVER,35.6951,-87.3107
202506,204413,1274436,1,0.35,ENE,CHURCH HILL,36.5219,-82.7141
202506,204413,1274434,1,0.89,SE,GALLOWAY MILL,36.46,-82.27
202506,203046,1264313,1,1.04,NNW,WHITE ROCK,35.814,-83.2571
202506,203046,1264313,2,0.8,W,COSBY,35.818,-83.2441
202506,203046,1264313,3,0.66,ENE,WHITE ROCK,35.8053,-83.2402
202506,203046,1264313,4,0.24,NW,WHITE ROCK,35.8021,-83.2535
202506,203046,1274437,1,1.78,NE,GATLINBURG,35.74,-83.5
202506,203046,1274438,1,2.18,NW,DENTON,35.87,-83.21
202506,203046,1274440,1,0.95,NW,GLADES,35.7399,-83.4818
202502,199657,1236901,1,1.81,ENE,HICO,36.08,-88.47
202502,199657,1236901,2,2.0,NNE,HICO,36.0981,-88.4916
202502,199657,1236901,3,2.87,ESE,MC KENZIE,36.1113,-88.474
202502,199657,1236901,4,2.8,SW,MACEDONIA,36.1023,-88.4566
202502,199657,1236902,1,0.15,WNW,DRUMMONDS,35.471,-89.9223
202506,201941,1254665,1,1.17,SSW,WHITE HILL,36.4039,-86.6864
202506,201941,1254664,1,1.13,NNW,BETHEL,35.5939,-87.8606
202506,201941,1254666,1,1.66,S,GREEN VLY,36.5962,-86.0543
202506,201941,1254666,2,0.15,WNW,UNDERWOOD,36.6211,-85.9824
202506,203047,1274464,1,0.0,N,CENTER PT,35.32,-85.38
202502,199657,1236903,1,1.31,WSW,DRESDEN,36.29,-88.74
202502,199657,1236903,2,1.25,WSW,DRESDEN,36.2906,-88.7392
202502,199657,1236903,3,1.24,WSW,DRESDEN,36.2901,-88.7385
202502,199657,1236903,4,1.3,WSW,DRESDEN,36.2897,-88.7395
202502,199657,1236904,1,1.57,SSE,OAKLAND,36.2577,-88.2243
202502,199657,1236904,2,1.43,SSE,OAKLAND,36.2598,-88.2249
202502,199657,1236904,3,1.42,SSE,OAKLAND,36.2605,-88.2219
202502,199657,1236904,4,1.55,SSE,OAKLAND,36.2586,-88.2217
202502,200503,1242434,1,1.33,E,RED HILL,35.2296,-85.4965
202502,200503,1242434,2,0.38,NW,HICKS CHAPEL,35.2238,-85.475
202502,200503,1242434,3,0.56,E,POWELLS XRD,35.1993,-85.4901
202502,200503,1242434,4,0.73,NNW,POWELLS XRD,35.2089,-85.507
202502,199657,1236905,1,2.34,W,DRESDEN,36.2971,-88.7619
202502,199657,1236905,2,2.21,W,DRESDEN,36.3003,-88.7597
202502,199657,1236905,3,1.92,W,DRESDEN,36.2992,-88.7545
202502,199657,1236905,4,2.08,W,DRESDEN,36.2964,-88.757
202502,199657,1236908,1,1.49,SSW,TRENTON,35.96,-88.94
202502,199657,1236908,2,1.58,SSW,TRENTON,35.9601,-88.9438
202502,199657,1236908,3,1.27,SW,TRENTON,35.9648,-88.9428
202502,199657,1236908,4,1.21,SSW,TRENTON,35.9645,-88.9403
202502,200503,1242437,1,5.23,ESE,SYCAMORE HALL,36.4311,-83.4089
202502,200503,1242437,2,5.77,ESE,SYCAMORE HALL,36.4171,-83.4046
202502,200503,1242437,3,6.72,ESE,SYCAMORE HALL,36.4212,-83.3846
202502,200503,1242437,4,6.21,E,SYCAMORE HALL,36.4362,-83.3897
202502,200503,1242415,1,1.04,SSW,IRISH CUT,35.9868,-83.1889
202502,200503,1242415,2,0.9,WNW,WEST END,35.9771,-83.2134
202502,200503,1242415,3,0.26,WNW,NEWPORT,35.9519,-83.1841
202502,200503,1242415,4,0.95,ESE,NORTHPORT,35.9655,-83.164
202502,200503,1242427,1,1.77,NNE,EAST RIDGE,35.0028,-85.2058
202502,200503,1242427,2,0.85,SSW,EAST BRAINERD,35.009,-85.1768
202502,200503,1242427,3,1.19,NNE,(CHA)LOVELL FLD CHAT,35.0469,-85.1956
202502,200503,1242427,4,1.1,NNE,BRAINERD,35.0455,-85.2256
202502,199657,1237019,1,2.17,NW,EVA,36.09,-88.05
202502,199657,1237019,2,1.99,NW,EVA,36.0871,-88.0486
202502,199657,1237019,3,1.85,NW,EVA,36.0873,-88.0453
202502,199657,1237019,4,2.06,NW,EVA,36.0908,-88.0464
202502,199657,1237020,1,2.71,W,PALMERSVILLE,36.422,-88.6286
202502,199657,1237020,2,2.63,WNW,PALMERSVILLE,36.4316,-88.625
202502,199657,1237020,3,2.23,WNW,PALMERSVILLE,36.4312,-88.6176
202502,199657,1237020,4,2.31,W,PALMERSVILLE,36.4205,-88.6216
202502,199657,1236539,1,3.19,N,ROUTON,36.2757,-88.3716
202502,199657,1236539,2,3.28,N,ROUTON,36.2771,-88.3719
202502,199657,1236539,3,3.11,WSW,PARIS,36.2782,-88.369
202502,199657,1236539,4,3.22,WSW,PARIS,36.2759,-88.3695
202502,199657,1236540,1,0.69,S,PORTER COURT,36.31,-88.33
202502,199657,1236540,2,0.69,SSW,PORTER COURT,36.3103,-88.3327
202502,199657,1236540,3,0.55,S,PORTER COURT,36.312,-88.3297
202502,199657,1236540,4,0.66,S,PORTER COURT,36.3105,-88.3285
202502,199657,1237021,1,0.89,NE,DYERSBURG,36.04,-89.37
202502,199657,1237021,2,1.22,SE,SOUTH DYERSBURG,36.0073,-89.3648
202502,199657,1237021,3,1.2,NNE,TYLERSVILLE,36.0154,-89.52
202502,199657,1237021,4,0.4,ESE,LENOX,36.0969,-89.494
202502,199657,1237021,5,0.93,ENE,NAUVOO,36.1044,-89.4043
202502,199657,1237023,1,0.69,S,BIG SANDY,36.22,-88.08
202502,199657,1237023,2,0.52,S,BIG SANDY,36.2225,-88.0795
202502,199657,1237023,3,0.51,SSE,BIG SANDY,36.2236,-88.0755
202502,199657,1237023,4,0.76,SSE,BIG SANDY,36.2195,-88.0755
202502,199657,1236549,1,0.0,N,CAMDEN,36.05,-88.1
202502,199657,1236628,1,2.5,NW,HOLLADAY,35.8902,-88.1871
202502,199657,1236628,2,2.62,WNW,HOLLADAY,35.8868,-88.192
202502,199657,1236628,3,3.2,WNW,HOLLADAY,35.8934,-88.1992
202502,199657,1236628,4,2.98,NW,HOLLADAY,35.896,-88.1926
202502,199657,1237027,1,1.11,E,PISGAH,36.38,-88.7
202502,199657,1237027,2,0.83,E,PISGAH,36.3803,-88.705
202502,199657,1237027,3,0.9,ENE,PISGAH,36.383,-88.7042
202502,199657,1237027,4,1.13,ENE,PISGAH,36.3838,-88.7003
202502,199657,1237031,1,0.69,S,TERRELL,36.37,-88.93
202502,199657,1237031,2,0.94,S,TERRELL,36.3664,-88.9299
202502,199657,1237031,3,0.95,S,TERRELL,36.3666,-88.9333
202502,199657,1237031,4,0.7,SSW,TERRELL,36.3701,-88.9327
202502,199657,1236652,1,0.56,E,PARIS,36.3,-88.31
202502,199657,1236659,1,0.56,W,TRENTON,35.98,-88.94
202502,199657,1237034,1,2.23,E,MT PELIA,36.32,-88.89
202502,199657,1237034,2,2.02,E,MT PELIA,36.3203,-88.8938
202502,199657,1237034,3,2.02,E,MT PELIA,36.3176,-88.8939
202502,199657,1237034,4,2.19,E,MT PELIA,36.3181,-88.8907
202502,199657,1237043,1,2.36,NNE,MAURY CITY,35.85,-89.21
202502,199657,1237043,2,2.28,NNE,MAURY CITY,35.8507,-89.2149
202502,199657,1237043,3,2.49,WSW,CROCKETT MILLS,35.8563,-89.2112
202502,199657,1237043,4,2.36,WSW,CROCKETT MILLS,35.8554,-89.2081
202502,199657,1236696,1,0.69,N,GREENFIELD,36.16,-88.8
202502,199657,1236697,1,2.17,SW,PORTER COURT,36.3,-88.36
202502,199657,1237045,1,2.18,SE,ALAMO,35.76,-89.09
202502,199657,1237045,2,2.13,ESE,ALAMO,35.7673,-89.0855
202502,199657,1237045,3,2.71,WNW,FRUITVALE,35.7717,-89.0702
202502,199657,1237045,4,2.15,WNW,FRUITVALE,35.7582,-89.067
202502,199657,1237046,1,1.32,ENE,MASON GROVE,35.78,-88.95
202502,199657,1237046,2,1.11,ENE,MASON GROVE,35.7736,-88.9508
202502,199657,1237046,3,1.55,E,MASON GROVE,35.7741,-88.9428
202502,199657,1237046,4,2.04,ENE,MASON GROVE,35.7832,-88.9374
202502,199657,1236840,1,0.84,E,TUCKERS CORNER,36.0005,-88.835
202502,199657,1236840,2,2.56,NW,GANN,36.0219,-88.767
202502,199657,1237047,1,3.23,SSW,MAURY CITY,35.78,-89.26
202502,199657,1237047,2,3.06,S,BROADVIEW,35.7857,-89.2687
202502,199657,1237047,3,2.14,SW,MAURY CITY,35.7957,-89.2537
202502,199657,1237047,4,2.44,SSW,MAURY CITY,35.7859,-89.2414
202502,199657,1237313,1,1.81,ESE,MOORES CHAPEL,35.94,-88.82
202506,201702,1252890,1,0.69,S,SPRINGFIELD,36.49,-86.88
202506,201702,1252893,1,1.18,W,ROCK SPGS,35.9501,-86.5711
202502,199657,1236842,1,0.34,E,ROELLEM,36.02,-89.244
202502,199657,1236842,2,0.62,E,ROELLEM,36.019,-89.239
202502,199657,1236882,1,1.38,N,LIPE,36.05,-88.17
202502,199657,1236882,2,1.65,N,LIPE,36.0539,-88.1688
202502,199657,1236882,3,1.67,N,LIPE,36.0539,-88.1652
202502,199657,1236882,4,1.42,N,LIPE,36.0503,-88.1662
202502,199657,1237314,1,0.0,N,FRUITLAND,35.9,-88.93
202502,199657,1237318,1,0.0,N,DYERSBURG,36.03,-89.38
202506,201702,1252896,1,1.31,WSW,POPLAR RIDGE,36.37,-87.14
202506,201702,1252897,1,2.03,SW,SUMMERTOWN,35.411,-87.3275
202506,201702,1252899,1,1.26,SE,SPRING HILL,35.7378,-86.9133
202506,201702,1252899,2,2.96,NW,LEES CORNER,35.7302,-86.8674
202506,201702,1252895,1,1.44,NNW,CLOUSE HILL,35.2979,-85.8129
202507,203101,1264757,1,0.0,N,THE HERMITAGE,36.22,-86.62
202507,203101,1264757,2,1.66,NNE,TULIP GROVE,36.2209,-86.5855
202507,203101,1264757,3,0.66,ESE,TULIP GROVE,36.1979,-86.5884
202507,203101,1264757,4,0.55,NW,STONE RIVER,36.1851,-86.6077
202507,203101,1264757,5,0.48,E,HERMITAGE,36.1804,-86.6113
202507,203101,1264757,6,0.25,SE,BERRYVILLE,36.197,-86.6275
202507,203101,1264757,7,0.65,W,THE HERMITAGE,36.2196,-86.6316
202507,203101,1264758,1,1.78,SW,GREENLAWN,36.23,-86.59
202507,203101,1264758,2,1.0,WNW,GREEN HILL,36.2337,-86.5674
202507,203101,1264758,3,0.9,SW,GREEN HILL,36.2225,-86.5632
202507,203101,1264758,4,2.36,WSW,GREEN HILL,36.2161,-86.5888
202507,203102,1264759,1,2.16,W,JOELTON,36.3205,-86.9088
202507,205483,1282382,1,3.06,W,GERMANTOWN,35.0723,-89.8733
202507,205483,1282382,2,3.03,W,GERMANTOWN,35.0765,-89.8734
202507,205483,1282382,3,3.29,SSE,WHITE STATION,35.0757,-89.8789
202507,205483,1282382,4,3.38,W,GERMANTOWN,35.0728,-89.8792
202507,205483,1282384,1,2.36,NNE,CAPLEVILLE,35.05,-89.9
202507,205483,1282384,2,2.43,NNE,CAPLEVILLE,35.0502,-89.898
202507,205483,1282384,3,2.49,NNE,CAPLEVILLE,35.0513,-89.8981
202507,205483,1282384,4,2.44,NNE,CAPLEVILLE,35.0514,-89.9002
202507,205483,1282386,1,1.13,W,CAPLEVILLE,35.02,-89.94
202507,205483,1282387,1,1.7,W,CAPLEVILLE,35.02,-89.95
202507,205496,1282392,1,0.0,N,PARSONS,35.65,-88.13
202507,205496,1282395,1,0.41,SSE,ANTIOCH,35.445,-89.3459
202507,203228,1265797,1,1.71,W,TUSCULUM,36.0709,-86.7505
202507,203228,1265798,1,1.27,SE,NASHVILLE TUNE ARPT,36.1683,-86.8626
202507,203231,1265811,1,0.25,SE,LAWRENCEBURG,35.2472,-87.3272
202507,203329,1266641,1,0.73,SSE,THARPE,36.56,-87.916
202507,204541,1275021,1,3.46,ESE,SYLCO,35.02,-84.56
202507,204542,1275022,1,1.31,WNW,BRISTOL,36.59,-82.2
202507,204543,1275023,1,1.38,N,NORRIS LAKE WEST,36.34,-84.12
202507,204545,1275025,1,1.12,W,CHESTNUT RIDGE,36.15,-82.72
202507,204542,1282585,1,1.16,ENE,PINE GROVE,35.8264,-83.5608
202507,204542,1282585,2,0.46,N,MIDDLE CREEK,35.8266,-83.5295
202507,204542,1282585,3,1.25,SSE,MIDDLE CREEK,35.8025,-83.5244
202507,204542,1282585,4,1.62,NNW,PIGEON FORGE,35.8029,-83.5561
202507,204542,1282593,1,0.94,NNW,WALDEN CREEK,35.7919,-83.6381
202507,204542,1282593,2,1.0,NE,WALDEN CREEK,35.7921,-83.62
202507,204542,1282593,3,0.5,ENE,WALDEN CREEK,35.7824,-83.6216
202507,204542,1282593,4,0.54,WNW,WALDEN CREEK,35.7827,-83.6391
202507,204542,1282594,1,0.58,SE,ASBURY,36.315,-82.3917
202507,204542,1282594,2,0.77,NNW,CARNEGIE,36.3301,-82.3359
202507,204542,1282594,3,0.74,S,CARNEGIE,36.3094,-82.3313
202507,204542,1282594,4,0.41,SSW,EMBREEVILLE JCT,36.2949,-82.3836
202507,202753,1261760,1,2.05,WNW,LORETTO,35.0895,-87.4843
202507,202753,1261760,2,1.56,SW,BUSBY,35.1062,-87.4418
202507,202753,1261760,3,1.43,NNE,BROWN XRDS,35.0877,-87.3869
202507,202753,1261760,4,1.4,SSW,BROWN XRDS,35.0521,-87.4116
202507,202753,1261760,5,1.29,E,RASCAL TOWN,35.0035,-87.4276
202507,202753,1261760,6,1.4,SW,IRON CITY,35.0054,-87.5971
202507,202753,1261760,7,1.56,W,WAYLAND SPGS,35.0729,-87.6074
202507,202753,1261762,1,2.82,SSE,FAIRVIEW,35.01,-87.67
202507,202753,1261762,2,2.55,SSE,FAIRVIEW,35.0141,-87.6698
202507,202753,1261762,3,2.46,S,FAIRVIEW,35.0148,-87.6737
202507,202753,1261762,4,3.2,S,FAIRVIEW,35.004,-87.6729
202507,202753,1261762,5,3.24,S,FAIRVIEW,35.0039,-87.6695
202507,204543,1282626,1,1.49,NNW,GREENBRIER,35.72,-83.39
202507,204543,1282626,2,1.46,NNE,GREENBRIER,35.7205,-83.3735
202507,204543,1282626,3,0.33,ENE,GREENBRIER,35.7015,-83.3745
202507,204543,1282626,4,0.63,WNW,GREENBRIER,35.7023,-83.3909
202507,204543,1282628,1,0.69,N,LIMESTONE,36.24,-82.63
202507,204543,1282628,2,0.81,NNE,LIMESTONE,36.2407,-82.6239
202507,204543,1282628,3,0.51,NE,LIMESTONE,36.2353,-82.6237
202507,204543,1282628,4,0.32,N,LIMESTONE,36.2345,-82.6295
202507,204543,1282631,1,1.99,E,STAUNTON MILL,36.1297,-82.8144
202507,204543,1282631,2,2.34,W,ALEXANDER MILL,36.1312,-82.7919
202507,204543,1282631,3,1.44,WNW,CAMP CREEK,36.1069,-82.7943
202507,204543,1282631,4,1.86,ESE,ROCKWOOD HILL,36.1083,-82.8201
202507,205528,1282641,1,2.56,ENE,WALNUT HILL,36.5905,-82.2315
202507,205528,1282641,2,1.59,NNW,PAPERVILLE,36.5919,-82.139
202507,205528,1282641,3,0.65,WNW,RUTHTON,36.5542,-82.1404
202507,205528,1282641,4,0.29,N,AVOCA,36.5541,-82.229
202507,205528,1282644,1,0.56,SSW,MORRISON CITY,36.5623,-82.5734
202507,205528,1282644,2,0.91,NNE,KINGSPORT,36.5627,-82.5453
202507,205528,1282644,3,0.86,SSE,KINGSPORT,36.5379,-82.5464
202507,205528,1282644,4,0.44,S,HOWARD HILL,36.5437,-82.5712
202507,205528,1282646,1,0.65,SE,BLOUNTVILLE,36.5227,-82.3226
202507,205528,1282646,2,1.48,N,GREY MILL,36.5215,-82.3001
202507,205528,1282646,3,0.85,WNW,GREY MILL,36.5026,-82.315
202507,205528,1282646,4,1.55,S,BLOUNTVILLE,36.5077,-82.3274
202507,205526,1282633,1,5.25,NNW,CAGLE,35.5408,-85.5038
202507,205526,1282633,2,5.22,N,CAGLE,35.5445,-85.4547
202507,205526,1282633,3,3.48,NNE,CAGLE,35.5181,-85.4517
202507,205526,1282633,4,3.65,NNW,CAGLE,35.518,-85.4972
202507,205528,1282642,1,2.52,WSW,LEONARD,36.5683,-82.3229
202507,205528,1282642,2,1.11,SW,LEONARD,36.5699,-82.2955
202507,205528,1282642,3,1.78,SW,WALNUT HILL,36.5541,-82.2951
202507,205528,1282642,4,1.7,NNE,BLOUNTVILLE,36.5539,-82.3223
202507,205528,1282645,1,2.07,NW,GRAY,36.4435,-82.4931
202507,205528,1282645,2,1.23,NNE,SPURGEON,36.4455,-82.4393
202507,205528,1282645,3,0.79,SSE,SPURGEON,36.4198,-82.4435
202507,205528,1282645,4,1.2,W,GRAY,36.4228,-82.4914
202508,204293,1288672,1,1.32,WSW,BAKERTOWN,35.24,-86.35
202508,204293,1288672,2,0.91,WSW,BAKERTOWN,35.2429,-86.3435
202508,204293,1288672,3,1.14,WSW,BAKERTOWN,35.2446,-86.3491
202508,204293,1288672,4,1.32,WSW,BAKERTOWN,35.2422,-86.3514
202508,204293,1288673,1,0.89,SE,LYNCHBURG,35.27,-86.37
202508,204293,1288673,2,1.13,SE,LYNCHBURG,35.2674,-86.3673
202508,204293,1288673,3,1.14,SSE,LYNCHBURG,35.2645,-86.3729
202508,204293,1288673,4,1.01,SSE,LYNCHBURG,35.2657,-86.3763
202508,204293,1288674,1,1.32,WSW,ESTILL SPGS ARPT,35.26,-86.17
202508,204293,1288674,2,1.35,SW,ESTILL SPGS ARPT,35.255,-86.1653
202508,204293,1288674,3,1.63,N,WINCHESTER SPGS,35.2534,-86.1735
202508,204293,1288674,4,1.61,WSW,ESTILL SPGS ARPT,35.2593,-86.1754
202508,204641,1287936,2,3.54,SSE,SINKING COVE,35.0015,-85.9601
202508,204641,1287936,1,3.28,SSE,SINKING COVE,35.0051,-85.9612
202508,206620,1289525,1,0.89,NE,MEMPHIS,35.14,-90.01
202508,206620,1289525,2,0.59,ENE,MEMPHIS,35.1339,-90.0108
202508,206620,1289525,3,1.04,ENE,MEMPHIS,35.1336,-90.0021
202508,206620,1289525,4,1.21,NE,MEMPHIS,35.1399,-90.0023
202508,206620,1289526,1,4.18,N,LA GRANGE,35.11,-89.21
202508,206624,1289566,1,0.21,WNW,AULON,35.1314,-89.9833
202508,206627,1289567,1,5.5,ESE,CAPLEVILLE,34.99,-89.83
202508,206627,1289568,1,5.0,SE,MEMPHIS INTL ARPT,34.9988,-89.9175
202508,205640,1283123,1,1.59,NW,EAST RIDGE,34.9991,-85.2358
202508,205640,1287779,1,1.99,NE,LOOKOUT MTN,35.0026,-85.2481
202508,205640,1287779,2,1.52,NNW,EAST RIDGE,34.9996,-85.2321
202508,205640,1287779,3,1.2,NW,EAST RIDGE,34.9911,-85.2364
202508,205640,1287779,4,1.49,NE,LOOKOUT MTN,34.9939,-85.2498
202508,205640,1287781,1,1.59,SE,EAST LAKE,35.0025,-85.2618
202508,205640,1287781,2,1.7,SE,EAST LAKE,35.0053,-85.256
202508,205640,1287781,3,1.75,NE,LOOKOUT MTN,35.0005,-85.2519
202508,205640,1287781,4,1.35,NNE,LOOKOUT MTN,34.997,-85.2584
202508,205640,1287783,3,0.11,NNE,RYALL SPGS,35.0015,-85.1193
202508,205640,1287783,4,1.72,W,RYALL SPGS,35.0008,-85.1504
202508,205640,1287783,5,0.65,S,EAST BRAINERD,35.0107,-85.1695
202508,205640,1287783,1,0.92,N,WORLEY,35.0431,-85.1527
202508,205640,1287783,2,1.1,ENE,WORLEY,35.0375,-85.1329
202508,205640,1287784,1,1.26,S,BRAINERD,35.0119,-85.2331
202508,205640,1287784,2,1.57,SSE,BRAINERD,35.0086,-85.2205
202508,205640,1287784,3,1.38,N,EAST RIDGE,34.9998,-85.2238
202508,205640,1287784,4,1.85,SSW,BRAINERD,35.0041,-85.2382
202508,205842,1284728,1,0.16,S,HARTFORD,35.8177,-83.1501
202508,205842,1284728,2,0.81,E,HARTFORD,35.8198,-83.1355
202508,205842,1284728,3,1.0,SE,HARTFORD,35.8104,-83.1367
202508,205842,1284728,4,0.79,S,HARTFORD,35.8086,-83.1496
202508,205842,1284729,1,0.65,SSE,BIG SPG,36.5721,-83.4735
202508,205842,1284729,2,0.83,ENE,HOPEWELL,36.5735,-83.4358
202508,205842,1284729,3,1.33,NNW,HOOP,36.5484,-83.4372
202508,205842,1284729,4,0.41,ESE,OAK GROVE,36.5481,-83.473
202510,207575,1294607,1,1.49,SSE,PINEY,35.7,-84.27
202510,207575,1294608,1,0.56,E,PUMPKIN CENTER,35.82,-84.07
202510,207575,1294609,1,1.38,S,KODAK,35.95,-83.62
202510,207575,1294610,1,0.0,N,HENRY XRDS,35.95,-83.58
202510,207575,1294611,1,1.32,ENE,NEUBERT,35.89,-83.83
202510,207575,1294612,1,0.89,SW,SHOOKS GAP,35.86,-83.79
202510,207575,1294613,1,0.69,S,KODAK,35.96,-83.62
202510,207575,1294614,1,0.0,N,DANDRIDGE,36.02,-83.42
202510,208256,1297762,1,1.03,N,EAST UNION,35.6149,-88.7819
202512,208339,1304098,1,0.89,NE,DELLROSE,35.13,-86.81
202512,208339,1304100,1,1.78,NNE,CAMARGO,35.1033,-86.6364
202512,208278,1303390,1,0.0,N,CHAPEL HILL,35.63,-86.7
202512,208339,1304101,1,2.11,NNW,COLDWATER,35.1075,-86.7461
202512,208339,1304102,1,0.32,E,SHADY GROVE,35.0993,-86.3244
202512,208339,1304103,1,1.77,SE,BOONSHILL,35.2053,-86.7244
202512,208339,1304104,1,0.52,ENE,HOWELL,35.2325,-86.6114
202512,208278,1297825,1,1.99,NW,HOLLOW SPGS,35.7029,-86.1515
202512,208278,1303382,1,1.45,W,LAWRENCEBURG ARPT,35.2312,-87.2756
202512,208278,1303386,1,1.15,SE,KEDRON,35.6883,-86.9054
202512,208339,1304109,1,0.6,NNE,SKINEM,35.0884,-86.5971
202512,208339,1304112,1,2.58,SE,HOWELL,35.2001,-86.5925
202512,208339,1304122,1,0.93,NNW,PROSPECT,35.0925,-86.586
202512,208339,1304123,1,1.59,ESE,FAYETTEVILLE,35.1426,-86.5534
202512,208339,1304125,1,0.93,ENE,BELLEVILLE,35.2732,-86.554
202512,208278,1303388,1,0.0,N,GALLATIN,36.4,-86.45
202512,208278,1303393,1,0.0,N,MURFREESBORO,35.85,-86.42
202512,208278,1303384,1,0.0,N,CROSS PLAINS,36.55,-86.7
202512,208339,1304135,1,1.38,N,PROSPECT,35.1,-86.58
202512,208339,1304142,1,0.7,NNW,CHAMP,35.1792,-86.4051
202512,208339,1304143,1,3.7,ENE,MULBERRY,35.2327,-86.4064
202512,208339,1304188,1,3.59,NNE,CHAMP,35.2186,-86.3774
202512,208339,1304189,1,1.03,WNW,BAKERTOWN,35.2564,-86.3466
202512,208278,1303392,1,1.7,NE,EPWORTH,35.8947,-86.7756
202512,208339,1304206,1,1.09,N,CUMBERLAND SPGS,35.3455,-86.2964
202512,208339,1304207,1,1.29,E,COUNTY LINE,35.3196,-86.347
202512,208339,1304208,1,0.34,NE,COUNTY LINE,35.3229,-86.3652
202512,208339,1304219,1,0.89,SW,RIDGEVILLE,35.26,-86.31
202512,208339,1304220,1,0.37,ENE,MARBLE HILL,35.2019,-86.324
202512,208339,1304221,1,1.49,ESE,BAKERTOWN,35.2417,-86.3057
202512,208339,1304256,1,1.18,N,RIDGEVILLE,35.287,-86.3016
202512,208278,1297828,1,2.73,WSW,MORRISON,35.5795,-85.9616
202512,208278,1297828,2,4.15,SE,SHELLSFORD,35.6317,-85.643
202512,208278,1303387,1,0.0,N,NASHVILLE TUNE ARPT,36.18,-86.88
202512,208278,1305980,1,0.71,NW,DOVER,36.4871,-87.8391
202512,209756,1308044,1,1.77,NE,AVOCA,36.57,-82.21
202512,208516,1298926,1,0.66,WSW,MT DENSON,36.5456,-86.8906
202511,208764,1300251,1,4.44,NW,WAY,36.17,-88.05
202511,208765,1300252,1,1.49,SSE,PIERCE STATION,36.45,-88.91
202511,208765,1300253,1,2.62,ESE,HARRIS,36.43,-88.91
202511,208765,1300254,1,1.31,ENE,GARDNER,36.38,-88.88
202511,208765,1300255,1,2.82,SSE,PISGAH,36.34,-88.71
202511,208765,1300256,1,2.15,SSE,SOUTH MIDWAY,36.25,-88.46
202511,207510,1294314,1,1.12,WNW,DICKSON,36.084,-87.3995
202511,207510,1294315,1,0.8,NW,BAKERSWORKS,36.0886,-87.2796
202511,207510,1294316,1,0.69,N,PASQUO,36.04,-86.97
202511,207510,1294317,1,1.31,ENE,PASQUO,36.04,-86.95
202511,207510,1294318,1,0.56,E,BELLEVUE,36.07,-86.92
202511,207510,1294319,1,3.42,N,BERRYS CHAPEL,36.0192,-86.8872
202511,207510,1294320,1,0.56,E,ARRINGTON,35.87,-86.71
202511,207510,1294321,1,0.89,NE,BETHPAGE,36.49,-86.31
202511,207510,1294322,1,3.52,NE,MALLORYS,35.9901,-86.7612
202511,207510,1294332,1,0.44,NNE,BERRYS CHAPEL,35.9756,-86.8764
202512,209756,1308025,1,1.32,ESE,NIOTA,35.51,-84.55
202512,209756,1308028,1,0.0,N,POWELL,36.03,-84.03
202512,209756,1308032,1,0.69,N,SEQUOYAH HILLS,35.94,-83.97
202512,209756,1308034,1,0.0,N,KNOXVILLE,35.97,-83.93
202509,205317,1280932,1,0.69,WNW,BELLEVUE,36.0753,-86.9404
202509,205317,1280933,1,1.96,S,MT JULIET,36.1716,-86.5211
202509,205399,1281396,1,1.97,SW,POPE,35.597,-88.0206
202509,205399,1281397,1,1.8,ENE,CHESTNUT GROVE,35.6371,-87.7892
202512,209756,1308042,1,0.56,W,JEFFERSON CITY,36.12,-83.49
202512,209756,1308037,1,0.56,W,JEFFERSON CITY,36.12,-83.49
202512,209756,1308041,1,0.56,W,ALPHA,36.18,-83.39
202512,209756,1308043,1,1.31,WNW,MIDWAY,36.19,-83.0
202512,209756,1308045,1,0.0,N,FLOURVILLE,36.4,-82.4
202509,205399,1281398,1,1.38,SSW,JONES VLY,35.7529,-87.2825
202509,205399,1281399,1,0.72,N,LAFAYETTE,36.5304,-86.0302
202509,205399,1281400,1,0.0,ESE,LAFAYETTE,36.52,-86.03
202509,205399,1281401,1,8.0,NW,GAINESBORO,36.4319,-85.7517
202509,205399,1281402,1,0.62,WNW,DRAPERS XRDS,36.5246,-85.9097
202509,205399,1281403,1,0.0,N,WHITLEYVILLE,36.45,-85.67
202509,205399,1281404,1,0.89,NW,GAINESBORO,36.36,-85.66
202509,205399,1281405,1,1.38,N,UNION HILL,36.57,-85.68
202509,205399,1281406,1,0.83,NNE,OAKLEY,36.5108,-85.2934
202509,205399,1281407,1,0.7,N,MC COINSVILLE,36.3301,-85.6314
202509,205399,1281408,1,0.95,SW,NAPIER,35.4209,-87.4925
202509,206495,1288884,1,0.42,WNW,SUMMERTOWN,35.4315,-87.3073
202509,206496,1288886,1,1.99,S,MURFREESBORO ARPT,35.8512,-86.3807
202512,209756,1308047,1,0.89,NE,COLONIAL HGTS,36.49,-82.49
202509,205662,1283210,1,2.76,S,UNION,36.03,-84.48
202509,205662,1283211,1,0.69,N,WALDEN CREEK,35.79,-83.63
202509,205662,1283212,1,1.31,WSW,FLAG BRANCH,36.06,-82.85
202509,205662,1283213,1,1.68,W,BYINGTON,35.97,-84.15
202509,207526,1294391,1,0.89,NW,SARDIS,35.46,-88.31
202509,207527,1294392,1,1.77,SW,CENTER,36.41,-88.5
202509,207527,1294393,1,1.67,W,COTTAGE GROVE,36.38,-88.51
202509,205662,1283236,1,1.12,W,PITNER,35.88,-83.77
202509,205662,1283214,1,0.56,E,BRANCH HILL,35.97,-84.19
202509,205662,1283215,1,1.12,E,BEAVER RIDGE,35.98,-84.1
202509,205662,1283216,1,0.56,E,BEAVER RIDGE,35.98,-84.11
202509,205662,1283217,1,1.32,WNW,KINGSLEY,35.91,-83.95
202509,205662,1283218,1,0.89,SW,CEDAR BLUFF,35.91,-84.11
202509,205662,1283219,1,1.32,ENE,NEUBERT,35.89,-83.83
202509,205662,1283220,1,0.56,W,LYONS VIEW,35.92,-84.01
202509,205662,1283221,1,1.31,WSW,MURPHY MILL,36.47,-83.57
202509,205790,1284364,1,1.89,SSE,STONE RIVER,36.1549,-86.5865
202509,205662,1283222,1,0.69,S,CATLETTSBURG,35.89,-83.58
202509,205662,1283223,1,0.69,N,SEVIERVILLE,35.88,-83.57
202509,205662,1283224,1,0.89,SW,CEDAR BLUFF,35.91,-84.11
202509,205662,1283225,1,0.89,SW,ROCKWOOD,35.86,-84.69
202509,205662,1283226,1,1.68,E,UNION,35.9,-84.4
202509,205662,1283227,1,0.56,E,LAWNVILLE,35.87,-84.44
202509,205662,1283228,1,1.8,ESE,CAVE SPG,36.49,-83.52
202509,207537,1294408,3,0.97,ENE,SPRING LAKE,35.2554,-89.8642
202509,207537,1294408,4,1.15,NE,SPRING LAKE,35.2601,-89.8638
202509,207537,1294408,1,1.32,ENE,SPRING LAKE,35.26,-89.86
202509,207537,1294408,2,1.21,ENE,SPRING LAKE,35.2559,-89.8599
202509,207537,1294409,1,2.91,ESE,OAKVILLE,35.06,-89.9
202509,207537,1294409,2,2.92,NNE,CAPLEVILLE,35.0588,-89.8994
202509,207537,1294409,3,2.98,NNE,CAPLEVILLE,35.0587,-89.8965
202509,207537,1294409,4,3.06,NNE,CAPLEVILLE,35.0601,-89.8969
202509,205790,1284365,1,1.3,S,STONE RIVER,36.1613,-86.5972
202512,209756,1308046,1,0.69,S,(TYS)MCGHEE TYSON KN,35.81,-84.0
202509,205662,1283229,1,1.31,WNW,RUSSELLVILLE,36.26,-83.22
202509,205662,1283230,1,0.56,E,FRIENDSHIP,36.55,-82.02
202509,205662,1283231,1,0.0,N,COALFIELD,36.03,-84.42
202509,205662,1283232,1,0.56,E,GREENEVILLE,36.17,-82.82
202509,205662,1283233,1,0.0,N,SUBURBAN HILLS,35.9,-84.05
202509,205662,1283234,1,1.82,WSW,HARRISBURG,35.86,-83.5
202509,205662,1283235,1,0.56,W,BOYDS CREEK,35.92,-83.68
202509,205662,1283237,1,0.56,W,MOORESBURG,36.35,-83.23
202509,205662,1283238,1,0.89,NE,UNION,35.91,-84.42
202509,207597,1294715,1,2.03,ENE,COLD SPGS,36.5342,-82.818
202509,207597,1294715,2,2.7,WNW,NEW CANTON,36.5399,-82.7919
202509,207597,1294715,3,2.28,WNW,NEW CANTON,36.5311,-82.7886
202509,207597,1294715,4,2.06,E,COLD SPGS,36.5219,-82.813
202509,207597,1294716,1,1.37,ESE,PINE GROVE,35.8154,-83.5561
202509,207597,1294716,2,1.11,WSW,MIDDLE CREEK,35.8164,-83.5494
202509,207597,1294716,3,1.18,WSW,MIDDLE CREEK,35.8122,-83.5488
202509,207597,1294716,4,1.48,ESE,PINE GROVE,35.8114,-83.5559
202509,207597,1294717,1,1.57,SSW,COLD SPGS,36.5009,-82.8654
202509,207597,1294717,2,1.07,SSW,COLD SPGS,36.5049,-82.8541
202509,207597,1294717,3,1.41,S,COLD SPGS,36.4997,-82.8517
202509,207597,1294717,4,1.8,SSW,COLD SPGS,36.4959,-82.8621
202509,207597,1294718,1,0.94,SE,SEVIERVILLE,35.8609,-83.5575
202509,207597,1294718,2,1.21,ESE,SEVIERVILLE,35.8618,-83.5509
202509,207597,1294718,3,1.21,WNW,SEVIERVILLE ARPT,35.8574,-83.5496
202509,207597,1294718,4,1.17,SE,SEVIERVILLE,35.857,-83.5567
202509,207573,1294606,1,0.97,ENE,ELIZABETHTON,36.3538,-82.2033
202509,207573,1294606,2,2.9,E,BULADEEN,36.4675,-81.978
